DROP SCHEMA IF EXISTS `db_fmsim`;
CREATE SCHEMA `db_fmsim`;
USE `db_fmsim`;

CREATE TABLE `Country`(
    `country_id` varchar(3) NOT NULL,
    `country_name` varchar(255) NOT NULL DEFAULT "",
    PRIMARY KEY(`country_id`)
);

CREATE TABLE `Season`(
    `season_id` int AUTO_INCREMENT NOT NULL,
    `season_year` int NOT NULL,
    PRIMARY KEY(`season_id`)
);

CREATE TABLE `League`(
	`league_id` varchar(255) NOT NULL,
    `league_name` varchar(255) NOT NULL DEFAULT "",
    `league_capacity` int NOT NULL DEFAULT 0,
    `league_relegation` int NOT NULL DEFAULT 0,
    `league_parent_league_id` varchar(255) NOT NULL DEFAULT "-",
    PRIMARY KEY(`league_id`)
);

CREATE TABLE `Team`(
    `team_id` varchar(255) NOT NULL,
    `team_country_id` varchar(3) NOT NULL DEFAULT "ALL",
    `team_name` varchar(30) NOT NULL DEFAULT "",
    `team_fullname` varchar(255) DEFAULT "",
    `team_preferred_jersey` varchar(5) NOT NULL DEFAULT "light",
    `team_formation` varchar(10) DEFAULT "4-3-3",
    `team_type` enum('club', 'national') NOT NULL DEFAULT 'club', 
    PRIMARY KEY(`team_id`),
    FOREIGN KEY(`team_country_id`) REFERENCES `Country` (`country_id`)
);

CREATE TABLE `National`(
    `national_team_id` varchar(255) NOT NULL,
    PRIMARY KEY(`national_team_id`),
    FOREIGN KEY(`national_team_id`) REFERENCES `Team`(`team_id`)
);

CREATE TABLE `Club`(
    `club_team_id` varchar(255) NOT NULL,
    `club_rating` int NOT NULL DEFAULT 1,
    `club_money` double NOT NULL DEFAULT 1250.0,
    `club_salary_budget` double NOT NULL DEFAULT 0.0,
    PRIMARY KEY(`club_team_id`),
    FOREIGN KEY(`club_team_id`) REFERENCES `Team`(`team_id`)
);

CREATE TABLE `Player`(
	`player_id` int NOT NULL,
    `player_name` varchar(255) DEFAULT "",
    `player_lastname` varchar(255) NOT NULL,
    `player_country_id` varchar(3) NOT NULL DEFAULT "ALL",
    `player_positions` varchar(255) NOT NULL DEFAULT "",
    `player_rating` int NOT NULL DEFAULT 50,
    `player_potential` int NOT NULL DEFAULT 0,
    `player_birth_year` int NOT NULL DEFAULT 1980,
    `player_height` int NOT NULL DEFAULT 0,
    `player_stamina` int NOT NULL DEFAULT 100,
/*`player_national_id` varchar(255) DEFAULT NULL,  TO BE CHANGED TO player_arrangement_id AND Arrangement TABLE is missing*/
    PRIMARY KEY(`player_id`),
    FOREIGN KEY(`player_country_id`) REFERENCES `Country` (`country_id`)
);

CREATE TABLE `Contract`(
    `contract_player_id` int NOT NULL,
    `contract_club_id` varchar(255) NOT NULL, 
    `contract_signDate` int NOT NULL DEFAULT 0,
    `contract_expireDate` int NOT NULL DEFAULT 0,
    `contract_salary` double NOT NULL DEFAULT 0.0,
    `contract_number` int NOT NULL DEFAULT 0,
    `contract_role` varchar(3) NOT NULL DEFAULT 'sub',
    PRIMARY KEY(`contract_player_id`),
    FOREIGN KEY(`contract_player_id`) REFERENCES `Player`(`player_id`),
    FOREIGN KEY(`contract_club_id`) REFERENCES `Club`(`club_team_id`)
);

CREATE TABLE `Tenure`(
    `tenure_id` int AUTO_INCREMENT NOT NULL,
    `tenure_player_id` int NOT NULL,
    `tenure_team_id` varchar(255) NOT NULL,
    `tenure_start` int NOT NULL,
    `tenure_end` int NOT NULL,
    `tenure_salary` double NOT NULL DEFAULT 1.0,
    `tenure_goals` int NOT NULL DEFAULT 0,
    PRIMARY KEY (`tenure_id`),
    FOREIGN KEY (`tenure_player_id`) REFERENCES `Player`(`player_id`),
    FOREIGN KEY (`tenure_team_id`) REFERENCES `Team`(`team_id`)
);

CREATE TABLE `LeagueSeason`(
    `leagueseason_id` int AUTO_INCREMENT NOT NULL,
    `leagueseason_league_id` varchar(255) NOT NULL,
    `leagueseason_season_id` int NOT NULL,
    `league_round` int NOT NULL DEFAULT 1,
    `league_cycle` int NOT NULL DEFAULT 1,
    PRIMARY KEY(`leagueseason_id`),
    FOREIGN KEY(`leagueseason_league_id`) REFERENCES `League`(`league_id`),
    FOREIGN KEY(`leagueseason_season_id`) REFERENCES `Season`(`season_id`),
    UNIQUE(`leagueseason_league_id`, `leagueseason_season_id`)
);

CREATE TABLE `LeagueParticipant`(
    `leagueparticipant_leagueseason_id` int AUTO_INCREMENT NOT NULL,
    `leagueparticipant_team_id` varchar(255) NOT NULL,
    `leagueparticipant_wins` int NOT NULL DEFAULT 0,
    `leagueparticipant_draws` int NOT NULL DEFAULT 0,
    `leagueparticipant_losses` int NOT NULL DEFAULT 0,
    `leagueparticipant_goals_scored` int NOT NULL DEFAULT 0,
    `leagueparticipant_goals_conceded` int NOT NULL DEFAULT 0,
    PRIMARY KEY(`leagueparticipant_leagueseason_id`,`leagueparticipant_team_id`),
    FOREIGN KEY(`leagueparticipant_leagueseason_id`) REFERENCES `LeagueSeason`(`leagueseason_id`),
    FOREIGN KEY(`leagueparticipant_team_id`) REFERENCES `Team`(`team_id`)
);

CREATE TABLE `Match`(
    `match_id` int AUTO_INCREMENT NOT NULL,
    `match_leagueseason_id` int NOT NULL,
    `match_host_id` varchar(255) DEFAULT NULL,
    `match_guest_id` varchar(255) DEFAULT NULL,
    `match_host_goals` int DEFAULT -1,
    `match_guest_goals` int DEFAULT -1,
    `match_is_neutral` boolean DEFAULT FALSE,
    `match_round` int NOT NULL,
    PRIMARY KEY (`match_id`),
    FOREIGN KEY (`match_leagueseason_id`) REFERENCES `LeagueSeason`(`leagueseason_id`),
    FOREIGN KEY (`match_host_id`) REFERENCES `Team`(`team_id`),
    FOREIGN KEY (`match_guest_id`) REFERENCES `Team`(`team_id`)
);

INSERT INTO Country (country_id, country_name) VALUES ('ALG', 'Algeria');
INSERT INTO Country (country_id, country_name) VALUES ('ANG', 'Angola');
INSERT INTO Country (country_id, country_name) VALUES ('BEN', 'Benin');
INSERT INTO Country (country_id, country_name) VALUES ('BOT', 'Botswana');
INSERT INTO Country (country_id, country_name) VALUES ('BFA', 'Burkina Faso');
INSERT INTO Country (country_id, country_name) VALUES ('BUR', 'Burundi');
INSERT INTO Country (country_id, country_name) VALUES ('CPV', 'Cabo Verde');
INSERT INTO Country (country_id, country_name) VALUES ('CMR', 'Cameroon');
INSERT INTO Country (country_id, country_name) VALUES ('CAR', 'Central African Republic');
INSERT INTO Country (country_id, country_name) VALUES ('CHA', 'Chad');
INSERT INTO Country (country_id, country_name) VALUES ('KOM', 'Comoros');
INSERT INTO Country (country_id, country_name) VALUES ('CNG', 'Congo');
INSERT INTO Country (country_id, country_name) VALUES ('DRC', 'Democratic Republic of the Congo');
INSERT INTO Country (country_id, country_name) VALUES ('DJI', 'Djibouti');
INSERT INTO Country (country_id, country_name) VALUES ('EGY', 'Egypt');
INSERT INTO Country (country_id, country_name) VALUES ('EGU', 'Equatorial Guinea');
INSERT INTO Country (country_id, country_name) VALUES ('ERI', 'Eritrea');
INSERT INTO Country (country_id, country_name) VALUES ('ESW', 'Eswatini');
INSERT INTO Country (country_id, country_name) VALUES ('ETY', 'Ethiopia');
INSERT INTO Country (country_id, country_name) VALUES ('GAB', 'Gabon');
INSERT INTO Country (country_id, country_name) VALUES ('GAM', 'Gambia');
INSERT INTO Country (country_id, country_name) VALUES ('GHA', 'Ghana');
INSERT INTO Country (country_id, country_name) VALUES ('GUI', 'Guinea');
INSERT INTO Country (country_id, country_name) VALUES ('GUB', 'Guinea-Bissau');
INSERT INTO Country (country_id, country_name) VALUES ('CIV', 'Ivory Coast');
INSERT INTO Country (country_id, country_name) VALUES ('KEN', 'Kenya');
INSERT INTO Country (country_id, country_name) VALUES ('LES', 'Lesotho');
INSERT INTO Country (country_id, country_name) VALUES ('LBR', 'Liberia');
INSERT INTO Country (country_id, country_name) VALUES ('LBY', 'Libya');
INSERT INTO Country (country_id, country_name) VALUES ('MDG', 'Madagascar');
INSERT INTO Country (country_id, country_name) VALUES ('MLW', 'Malawi');
INSERT INTO Country (country_id, country_name) VALUES ('MLI', 'Mali');
INSERT INTO Country (country_id, country_name) VALUES ('MTQ', 'Martinique');
INSERT INTO Country (country_id, country_name) VALUES ('MAU', 'Mauritania');
INSERT INTO Country (country_id, country_name) VALUES ('MUS', 'Mauritius');
INSERT INTO Country (country_id, country_name) VALUES ('MOR', 'Morocco');
INSERT INTO Country (country_id, country_name) VALUES ('MOZ', 'Mozambique');
INSERT INTO Country (country_id, country_name) VALUES ('NMB', 'Namibia');
INSERT INTO Country (country_id, country_name) VALUES ('NGE', 'Niger');
INSERT INTO Country (country_id, country_name) VALUES ('NGR', 'Nigeria');
INSERT INTO Country (country_id, country_name) VALUES ('RWA', 'Rwanda');
INSERT INTO Country (country_id, country_name) VALUES ('STP', 'Sao Tome and Principe');
INSERT INTO Country (country_id, country_name) VALUES ('SEN', 'Senegal');
INSERT INTO Country (country_id, country_name) VALUES ('SEY', 'Seychelles');
INSERT INTO Country (country_id, country_name) VALUES ('SRL', 'Sierra Leone');
INSERT INTO Country (country_id, country_name) VALUES ('SOM', 'Somalia');
INSERT INTO Country (country_id, country_name) VALUES ('RSA', 'South Africa');
INSERT INTO Country (country_id, country_name) VALUES ('SSD', 'South Sudan');
INSERT INTO Country (country_id, country_name) VALUES ('SUD', 'Sudan');
INSERT INTO Country (country_id, country_name) VALUES ('TAN', 'Tanzania');
INSERT INTO Country (country_id, country_name) VALUES ('TOG', 'Togo');
INSERT INTO Country (country_id, country_name) VALUES ('TUN', 'Tunisia');
INSERT INTO Country (country_id, country_name) VALUES ('UGA', 'Uganda');
INSERT INTO Country (country_id, country_name) VALUES ('ZAM', 'Zambia');
INSERT INTO Country (country_id, country_name) VALUES ('ZBW', 'Zimbabwe');
INSERT INTO Country (country_id, country_name) VALUES ('ARM', 'Armenia');
INSERT INTO Country (country_id, country_name) VALUES ('AZE', 'Azerbaijan');
INSERT INTO Country (country_id, country_name) VALUES ('BHR', 'Bahrain');
INSERT INTO Country (country_id, country_name) VALUES ('BNG', 'Bangladesh');
INSERT INTO Country (country_id, country_name) VALUES ('CHN', 'China');
INSERT INTO Country (country_id, country_name) VALUES ('GEO', 'Georgia');
INSERT INTO Country (country_id, country_name) VALUES ('IND', 'India');
INSERT INTO Country (country_id, country_name) VALUES ('IDN', 'Indonesia');
INSERT INTO Country (country_id, country_name) VALUES ('IRN', 'Iran');
INSERT INTO Country (country_id, country_name) VALUES ('IRQ', 'Iraq');
INSERT INTO Country (country_id, country_name) VALUES ('ISR', 'Israel');
INSERT INTO Country (country_id, country_name) VALUES ('JPN', 'Japan');
INSERT INTO Country (country_id, country_name) VALUES ('JOR', 'Jordan');
INSERT INTO Country (country_id, country_name) VALUES ('KAZ', 'Kazakhstan');
INSERT INTO Country (country_id, country_name) VALUES ('KYR', 'Kyrgyzstan');
INSERT INTO Country (country_id, country_name) VALUES ('LAO', 'Laos');
INSERT INTO Country (country_id, country_name) VALUES ('LBN', 'Lebanon');
INSERT INTO Country (country_id, country_name) VALUES ('MAL', 'Malaysia');
INSERT INTO Country (country_id, country_name) VALUES ('MNG', 'Mongolia');
INSERT INTO Country (country_id, country_name) VALUES ('MYA', 'Myanmar');
INSERT INTO Country (country_id, country_name) VALUES ('NEP', 'Nepal');
INSERT INTO Country (country_id, country_name) VALUES ('PRK', 'North Korea');
INSERT INTO Country (country_id, country_name) VALUES ('OMN', 'Oman');
INSERT INTO Country (country_id, country_name) VALUES ('PAK', 'Pakistan');
INSERT INTO Country (country_id, country_name) VALUES ('PAL', 'Palestine');
INSERT INTO Country (country_id, country_name) VALUES ('PHI', 'Philippines');
INSERT INTO Country (country_id, country_name) VALUES ('QAT', 'Qatar');
INSERT INTO Country (country_id, country_name) VALUES ('KSA', 'Saudi Arabia');
INSERT INTO Country (country_id, country_name) VALUES ('SGP', 'Singapore');
INSERT INTO Country (country_id, country_name) VALUES ('KOR', 'South Korea');
INSERT INTO Country (country_id, country_name) VALUES ('SYR', 'Syria');
INSERT INTO Country (country_id, country_name) VALUES ('TWN', 'Taiwan');
INSERT INTO Country (country_id, country_name) VALUES ('TAJ', 'Tajikistan');
INSERT INTO Country (country_id, country_name) VALUES ('THA', 'Thailand');
INSERT INTO Country (country_id, country_name) VALUES ('TKM', 'Turkmenistan');
INSERT INTO Country (country_id, country_name) VALUES ('UAE', 'United Arab Emirates');
INSERT INTO Country (country_id, country_name) VALUES ('UZB', 'Uzbekistan');
INSERT INTO Country (country_id, country_name) VALUES ('VIE', 'Vietnam');
INSERT INTO Country (country_id, country_name) VALUES ('YEM', 'Yemen');
INSERT INTO Country (country_id, country_name) VALUES ('ALL', 'World');
INSERT INTO Country (country_id, country_name) VALUES ('ALB', 'Albania');
INSERT INTO Country (country_id, country_name) VALUES ('AND', 'Andorra');
INSERT INTO Country (country_id, country_name) VALUES ('AUT', 'Austria');
INSERT INTO Country (country_id, country_name) VALUES ('BLR', 'Belarus');
INSERT INTO Country (country_id, country_name) VALUES ('BEL', 'Belgium');
INSERT INTO Country (country_id, country_name) VALUES ('BIH', 'Bosnia and Herzegovina');
INSERT INTO Country (country_id, country_name) VALUES ('BUL', 'Bulgaria');
INSERT INTO Country (country_id, country_name) VALUES ('CRO', 'Croatia');
INSERT INTO Country (country_id, country_name) VALUES ('CYP', 'Cyprus');
INSERT INTO Country (country_id, country_name) VALUES ('CZE', 'Czech Republic');
INSERT INTO Country (country_id, country_name) VALUES ('DEN', 'Denmark');
INSERT INTO Country (country_id, country_name) VALUES ('ENG', 'England');
INSERT INTO Country (country_id, country_name) VALUES ('EST', 'Estonia');
INSERT INTO Country (country_id, country_name) VALUES ('FRI', 'Faroe Islands');
INSERT INTO Country (country_id, country_name) VALUES ('FIN', 'Finland');
INSERT INTO Country (country_id, country_name) VALUES ('FRA', 'France');
INSERT INTO Country (country_id, country_name) VALUES ('GER', 'Germany');
INSERT INTO Country (country_id, country_name) VALUES ('GRE', 'Greece');
INSERT INTO Country (country_id, country_name) VALUES ('HUN', 'Hungary');
INSERT INTO Country (country_id, country_name) VALUES ('ISL', 'Iceland');
INSERT INTO Country (country_id, country_name) VALUES ('IRL', 'Ireland');
INSERT INTO Country (country_id, country_name) VALUES ('ITA', 'Italy');
INSERT INTO Country (country_id, country_name) VALUES ('LAT', 'Latvia');
INSERT INTO Country (country_id, country_name) VALUES ('LIE', 'Liechtenstein');
INSERT INTO Country (country_id, country_name) VALUES ('LTU', 'Lithuania');
INSERT INTO Country (country_id, country_name) VALUES ('LUX', 'Luxembourg');
INSERT INTO Country (country_id, country_name) VALUES ('MLT', 'Malta');
INSERT INTO Country (country_id, country_name) VALUES ('MDA', 'Moldova');
INSERT INTO Country (country_id, country_name) VALUES ('MON', 'Monaco');
INSERT INTO Country (country_id, country_name) VALUES ('MNE', 'Montenegro');
INSERT INTO Country (country_id, country_name) VALUES ('NED', 'Netherlands');
INSERT INTO Country (country_id, country_name) VALUES ('MKD', 'North Macedonia');
INSERT INTO Country (country_id, country_name) VALUES ('NIR', 'Northern Ireland');
INSERT INTO Country (country_id, country_name) VALUES ('NOR', 'Norway');
INSERT INTO Country (country_id, country_name) VALUES ('POL', 'Poland');
INSERT INTO Country (country_id, country_name) VALUES ('POR', 'Portugal');
INSERT INTO Country (country_id, country_name) VALUES ('ROU', 'Romania');
INSERT INTO Country (country_id, country_name) VALUES ('RUS', 'Russia');
INSERT INTO Country (country_id, country_name) VALUES ('SMR', 'San Marino');
INSERT INTO Country (country_id, country_name) VALUES ('SCO', 'Scotland');
INSERT INTO Country (country_id, country_name) VALUES ('SRB', 'Serbia');
INSERT INTO Country (country_id, country_name) VALUES ('SVK', 'Slovakia');
INSERT INTO Country (country_id, country_name) VALUES ('SVN', 'Slovenia');
INSERT INTO Country (country_id, country_name) VALUES ('ESP', 'Spain');
INSERT INTO Country (country_id, country_name) VALUES ('SWE', 'Sweden');
INSERT INTO Country (country_id, country_name) VALUES ('SUI', 'Switzerland');
INSERT INTO Country (country_id, country_name) VALUES ('TUR', 'Turkey');
INSERT INTO Country (country_id, country_name) VALUES ('UKR', 'Ukraine');
INSERT INTO Country (country_id, country_name) VALUES ('VAT', 'Vatican');
INSERT INTO Country (country_id, country_name) VALUES ('WAL', 'Wales');
INSERT INTO Country (country_id, country_name) VALUES ('BHM', 'Bahamas');
INSERT INTO Country (country_id, country_name) VALUES ('CAN', 'Canada');
INSERT INTO Country (country_id, country_name) VALUES ('CRC', 'Costa Rica');
INSERT INTO Country (country_id, country_name) VALUES ('CUB', 'Cuba');
INSERT INTO Country (country_id, country_name) VALUES ('CUR', 'Curacao');
INSERT INTO Country (country_id, country_name) VALUES ('DOM', 'Dominican Republic');
INSERT INTO Country (country_id, country_name) VALUES ('SLV', 'El Salvador');
INSERT INTO Country (country_id, country_name) VALUES ('HAI', 'Haiti');
INSERT INTO Country (country_id, country_name) VALUES ('HON', 'Honduras');
INSERT INTO Country (country_id, country_name) VALUES ('JAM', 'Jamaica');
INSERT INTO Country (country_id, country_name) VALUES ('MEX', 'Mexico');
INSERT INTO Country (country_id, country_name) VALUES ('NCR', 'Nicaragua');
INSERT INTO Country (country_id, country_name) VALUES ('PAN', 'Panama');
INSERT INTO Country (country_id, country_name) VALUES ('PUE', 'Puerto Rico');
INSERT INTO Country (country_id, country_name) VALUES ('TRI', 'Trinidad and Tobago');
INSERT INTO Country (country_id, country_name) VALUES ('USA', 'United States');
INSERT INTO Country (country_id, country_name) VALUES ('AUS', 'Australia');
INSERT INTO Country (country_id, country_name) VALUES ('FJI', 'Fiji');
INSERT INTO Country (country_id, country_name) VALUES ('GUA', 'Guam');
INSERT INTO Country (country_id, country_name) VALUES ('NZE', 'New Zealand');
INSERT INTO Country (country_id, country_name) VALUES ('SAM', 'Samoa');
INSERT INTO Country (country_id, country_name) VALUES ('ARG', 'Argentina');
INSERT INTO Country (country_id, country_name) VALUES ('BOL', 'Bolivia');
INSERT INTO Country (country_id, country_name) VALUES ('BRA', 'Brazil');
INSERT INTO Country (country_id, country_name) VALUES ('CHI', 'Chile');
INSERT INTO Country (country_id, country_name) VALUES ('COL', 'Colombia');
INSERT INTO Country (country_id, country_name) VALUES ('ECU', 'Ecuador');
INSERT INTO Country (country_id, country_name) VALUES ('GUY', 'Guyana');
INSERT INTO Country (country_id, country_name) VALUES ('PAR', 'Paraguay');
INSERT INTO Country (country_id, country_name) VALUES ('PER', 'Peru');
INSERT INTO Country (country_id, country_name) VALUES ('SUR', 'Suriname');
INSERT INTO Country (country_id, country_name) VALUES ('URU', 'Uruguay');
INSERT INTO Country (country_id, country_name) VALUES ('VEN', 'Venezuela');

INSERT INTO League (league_id, league_name, league_capacity, league_relegation)
VALUES
('premierleague', 'Premier League', 14, 2),
('seriea', 'Serie A', 12, 2),
('laliga1', 'La Liga 1', 12, 2),
('bundesliga1', 'Bundesliga 1', 12, 2),
('ligue1', 'Ligue 1', 10, 1),
('belneta', 'Belnet A', 12, 2),
('primeira1', 'Primeira 1', 8, 1),
('rolexaleague', 'Rolex A League', 10, 1),
('russianleague1', 'Russian League 1', 10, 1),
('turkishleague1', 'Turkish League 1', 8, 1),
('scandinavianileague', 'Scandinavian I League', 12, 2),
('leaguealpha', 'League Alpha', 8, 1),
('premiershipa', 'Premiership A', 8, 1),
('eastsuperleague1', 'East Super League 1', 8, 1),
('adriaticleague1', 'Adriatic League 1', 12, 2),
('blacksealeague1', 'Black Sea League 1', 10, 1),
('slovencko1', 'Slovencko 1', 10, 1),
('premiyeraliga1', 'Premiyera Liga 1', 8, 1),
('balticaa', 'Baltica A', 8, 1),
('liges1', 'Liges 1', 8, 1),
('brasileiraoseriea', 'Brasileirao Serie A', 10, 1),
('argentineprimera', 'Argentine Primera', 8, 1),
('ligue2', 'Ligue 2', 8, 0),
('serieb', 'Serie B', 8, 0),
('bundesliga2', 'Bundesliga 2', 8, 0),
('laliga2', 'La Liga 2', 8, 0);

INSERT INTO Season (season_year) VALUES (2025);

INSERT INTO LeagueSeason (leagueseason_league_id, leagueseason_season_id)
VALUES
  ('premierleague', 1),
  ('seriea', 1),
  ('laliga1', 1),
  ('bundesliga1', 1),
  ('ligue1', 1),
  ('belneta', 1),
  ('primeira1', 1),
  ('rolexaleague', 1),
  ('russianleague1', 1),
  ('turkishleague1', 1),
  ('scandinavianileague', 1),
  ('leaguealpha', 1),
  ('premiershipa', 1),
  ('eastsuperleague1', 1),
  ('adriaticleague1', 1),
  ('blacksealeague1', 1),
  ('slovencko1', 1),
  ('premiyeraliga1', 1),
  ('balticaa', 1),
  ('liges1', 1),
  ('brasileiraoseriea', 1),
  ('argentineprimera', 1),
  ('ligue2', 1),
  ('serieb', 1),
  ('bundesliga2', 1),
  ('laliga2', 1);

INSERT INTO Team(`team_id`, `team_name`, `team_fullname`, `team_country_id`, `team_preferred_jersey`, `team_formation`) VALUES ('arsenal', 'Arsenal', 'Arsenal FC', 'ENG', '-', '4-3-3');
INSERT INTO Club(`club_team_id`, `club_rating`) VALUES ('arsenal', '5');
INSERT INTO Team(`team_id`, `team_name`, `team_fullname`, `team_country_id`, `team_preferred_jersey`, `team_formation`) VALUES ('astonvilla', 'Aston Villa', 'Aston Villa', 'ENG', 'light', '4-3-3');
INSERT INTO Club(`club_team_id`, `club_rating`) VALUES ('astonvilla', '3');
INSERT INTO Team(`team_id`, `team_name`, `team_fullname`, `team_country_id`, `team_preferred_jersey`, `team_formation`) VALUES ('chelsea', 'Chelsea', 'Chelsea FC', 'ENG', '-', '4-3-3');
INSERT INTO Club(`club_team_id`, `club_rating`) VALUES ('chelsea', '4');
INSERT INTO Team(`team_id`, `team_name`, `team_fullname`, `team_country_id`, `team_preferred_jersey`, `team_formation`) VALUES ('crystalpalace', 'Crystal Palace', 'Crystal Palace', 'ENG', '-', '4-3-3');
INSERT INTO Club(`club_team_id`, `club_rating`) VALUES ('crystalpalace', '3');
INSERT INTO Team(`team_id`, `team_name`, `team_fullname`, `team_country_id`, `team_preferred_jersey`, `team_formation`) VALUES ('everton', 'Everton', 'Everton FC', 'ENG', '-', '4-3-3');
INSERT INTO Club(`club_team_id`, `club_rating`) VALUES ('everton', '3');
INSERT INTO Team(`team_id`, `team_name`, `team_fullname`, `team_country_id`, `team_preferred_jersey`, `team_formation`) VALUES ('fulham', 'Fulham', 'Fulham FC', 'ENG', '-', '4-3-3');
INSERT INTO Club(`club_team_id`, `club_rating`) VALUES ('fulham', '3');
INSERT INTO Team(`team_id`, `team_name`, `team_fullname`, `team_country_id`, `team_preferred_jersey`, `team_formation`) VALUES ('stoke', 'Stoke City', 'Stoke City FC', 'ENG', '-', '4-3-3');
INSERT INTO Club(`club_team_id`, `club_rating`) VALUES ('stoke', '3');
INSERT INTO Team(`team_id`, `team_name`, `team_fullname`, `team_country_id`, `team_preferred_jersey`, `team_formation`) VALUES ('liverpool', 'Liverpool', 'Liverpool FC', 'ENG', '-', '4-3-3');
INSERT INTO Club(`club_team_id`, `club_rating`) VALUES ('liverpool', '4');
INSERT INTO Team(`team_id`, `team_name`, `team_fullname`, `team_country_id`, `team_preferred_jersey`, `team_formation`) VALUES ('manchestercity', 'Manchester City', 'Manchester City FC', 'ENG', 'light', '4-3-3');
INSERT INTO Club(`club_team_id`, `club_rating`) VALUES ('manchestercity', '5');
INSERT INTO Team(`team_id`, `team_name`, `team_fullname`, `team_country_id`, `team_preferred_jersey`, `team_formation`) VALUES ('manchesterunited', 'Manchester United', 'Manchester United FC', 'ENG', '-', '4-3-3');
INSERT INTO Club(`club_team_id`, `club_rating`) VALUES ('manchesterunited', '4');
INSERT INTO Team(`team_id`, `team_name`, `team_fullname`, `team_country_id`, `team_preferred_jersey`, `team_formation`) VALUES ('newcastle', 'Newcastle', 'Newcastle United', 'ENG', 'light', '4-3-3');
INSERT INTO Club(`club_team_id`, `club_rating`) VALUES ('newcastle', '3');
INSERT INTO Team(`team_id`, `team_name`, `team_fullname`, `team_country_id`, `team_preferred_jersey`, `team_formation`) VALUES ('qpr', 'QPR', 'Queens Park Rangers FC', 'ENG', 'light', '4-3-3');
INSERT INTO Club(`club_team_id`, `club_rating`) VALUES ('qpr', '3');
INSERT INTO Team(`team_id`, `team_name`, `team_fullname`, `team_country_id`, `team_preferred_jersey`, `team_formation`) VALUES ('southampton', 'Southampton', 'Southampton FC', 'ENG', '-', '4-3-3');
INSERT INTO Club(`club_team_id`, `club_rating`) VALUES ('southampton', '3');
INSERT INTO Team(`team_id`, `team_name`, `team_fullname`, `team_country_id`, `team_preferred_jersey`, `team_formation`) VALUES ('tottenham', 'Tottenham', 'Tottenham Hotspur', 'ENG', '-', '4-3-3');
INSERT INTO Club(`club_team_id`, `club_rating`) VALUES ('tottenham', '5');
INSERT INTO Team(`team_id`, `team_name`, `team_fullname`, `team_country_id`, `team_preferred_jersey`, `team_formation`) VALUES ('bologna', 'Bologna', 'Bologna FC', 'ITA', '-', '4-2-1-3');
INSERT INTO Club(`club_team_id`, `club_rating`) VALUES ('bologna', '3');
INSERT INTO Team(`team_id`, `team_name`, `team_fullname`, `team_country_id`, `team_preferred_jersey`, `team_formation`) VALUES ('fiorentina', 'Fiorentina', 'Fiorentina ACF', 'ITA', '-', '4-4-2');
INSERT INTO Club(`club_team_id`, `club_rating`) VALUES ('fiorentina', '3');
INSERT INTO Team(`team_id`, `team_name`, `team_fullname`, `team_country_id`, `team_preferred_jersey`, `team_formation`) VALUES ('inter', 'Inter', 'Internazionale Milano', 'ITA', '-', '3-5-2');
INSERT INTO Club(`club_team_id`, `club_rating`) VALUES ('inter', '5');
INSERT INTO Team(`team_id`, `team_name`, `team_fullname`, `team_country_id`, `team_preferred_jersey`, `team_formation`) VALUES ('juventus', 'Juventus', 'Juventus FC', 'ITA', '-', '4-3-3');
INSERT INTO Club(`club_team_id`, `club_rating`) VALUES ('juventus', '5');
INSERT INTO Team(`team_id`, `team_name`, `team_fullname`, `team_country_id`, `team_preferred_jersey`, `team_formation`) VALUES ('lazio', 'Lazio', 'Lazio SS', 'ITA', 'light', '4-2-3-1');
INSERT INTO Club(`club_team_id`, `club_rating`) VALUES ('lazio', '4');
INSERT INTO Team(`team_id`, `team_name`, `team_fullname`, `team_country_id`, `team_preferred_jersey`, `team_formation`) VALUES ('milan', 'AC Milan', 'Milan AC', 'ITA', '-', '4-3-3');
INSERT INTO Club(`club_team_id`, `club_rating`) VALUES ('milan', '5');
INSERT INTO Team(`team_id`, `team_name`, `team_fullname`, `team_country_id`, `team_preferred_jersey`, `team_formation`) VALUES ('napoli', 'Napoli', 'Napoli SSC', 'ITA', '-', '4-2-3-1');
INSERT INTO Club(`club_team_id`, `club_rating`) VALUES ('napoli', '4');
INSERT INTO Team(`team_id`, `team_name`, `team_fullname`, `team_country_id`, `team_preferred_jersey`, `team_formation`) VALUES ('roma', 'Roma', 'Roma AS', 'ITA', '-', '4-3-3');
INSERT INTO Club(`club_team_id`, `club_rating`) VALUES ('roma', '4');
INSERT INTO Team(`team_id`, `team_name`, `team_fullname`, `team_country_id`, `team_preferred_jersey`, `team_formation`) VALUES ('sampdoria', 'Sampdoria', 'Sampdoria UC', 'ITA', '-', '4-3-3');
INSERT INTO Club(`club_team_id`, `club_rating`) VALUES ('sampdoria', '3');
INSERT INTO Team(`team_id`, `team_name`, `team_fullname`, `team_country_id`, `team_preferred_jersey`, `team_formation`) VALUES ('sassuolo', 'Sassuolo', 'Sassuolo Calcio US', 'ITA', '-', '4-3-3');
INSERT INTO Club(`club_team_id`, `club_rating`) VALUES ('sassuolo', '3');
INSERT INTO Team(`team_id`, `team_name`, `team_fullname`, `team_country_id`, `team_preferred_jersey`, `team_formation`) VALUES ('torino', 'Torino', 'Torino FC', 'ITA', '-', '4-3-3');
INSERT INTO Club(`club_team_id`, `club_rating`) VALUES ('torino', '3');
INSERT INTO Team(`team_id`, `team_name`, `team_fullname`, `team_country_id`, `team_preferred_jersey`, `team_formation`) VALUES ('udinese', 'Udinese', 'Udinese Calcio', 'ITA', 'light', '4-3-3');
INSERT INTO Club(`club_team_id`, `club_rating`) VALUES ('udinese', '3');
INSERT INTO Team(`team_id`, `team_name`, `team_fullname`, `team_country_id`, `team_preferred_jersey`, `team_formation`) VALUES ('bilbao', 'Athletic Bilbao', 'Athletic Club Bilbao', 'ESP', '-', '4-2-1-3');
INSERT INTO Club(`club_team_id`, `club_rating`) VALUES ('bilbao', '3');
INSERT INTO Team(`team_id`, `team_name`, `team_fullname`, `team_country_id`, `team_preferred_jersey`, `team_formation`) VALUES ('atleticodemadrid', 'Atletico de Madrid', 'Atletico de Madrid', 'ESP', '-', '4-2-1-3');
INSERT INTO Club(`club_team_id`, `club_rating`) VALUES ('atleticodemadrid', '4');
INSERT INTO Team(`team_id`, `team_name`, `team_fullname`, `team_country_id`, `team_preferred_jersey`, `team_formation`) VALUES ('barcelona', 'Barcelona', 'Barcelona FC', 'ESP', '-', '4-2-1-3');
INSERT INTO Club(`club_team_id`, `club_rating`) VALUES ('barcelona', '5');
INSERT INTO Team(`team_id`, `team_name`, `team_fullname`, `team_country_id`, `team_preferred_jersey`, `team_formation`) VALUES ('deportivocoruna', 'Deportivo', 'Deportivo de La Coruna', 'ESP', 'dark', '4-3-3');
INSERT INTO Club(`club_team_id`, `club_rating`) VALUES ('deportivocoruna', '3');
INSERT INTO Team(`team_id`, `team_name`, `team_fullname`, `team_country_id`, `team_preferred_jersey`, `team_formation`) VALUES ('getafe', 'Getafe', 'Getafe CF', 'ESP', '-', '4-3-3');
INSERT INTO Club(`club_team_id`, `club_rating`) VALUES ('getafe', '3');
INSERT INTO Team(`team_id`, `team_name`, `team_fullname`, `team_country_id`, `team_preferred_jersey`, `team_formation`) VALUES ('malaga', 'Malaga', 'Malaga CF', 'ESP', '-', '4-3-3');
INSERT INTO Club(`club_team_id`, `club_rating`) VALUES ('malaga', '3');
INSERT INTO Team(`team_id`, `team_name`, `team_fullname`, `team_country_id`, `team_preferred_jersey`, `team_formation`) VALUES ('betis', 'Real Betis', 'Real Betis', 'ESP', '-', '4-2-1-3');
INSERT INTO Club(`club_team_id`, `club_rating`) VALUES ('betis', '3');
INSERT INTO Team(`team_id`, `team_name`, `team_fullname`, `team_country_id`, `team_preferred_jersey`, `team_formation`) VALUES ('realmadrid', 'Real Madrid', 'Real Madrid CF', 'ESP', 'light', '4-3-3');
INSERT INTO Club(`club_team_id`, `club_rating`) VALUES ('realmadrid', '5');
INSERT INTO Team(`team_id`, `team_name`, `team_fullname`, `team_country_id`, `team_preferred_jersey`, `team_formation`) VALUES ('realsociedad', 'Real Sociedad', 'Real Sociedad CF', 'ESP', '-', '4-3-3');
INSERT INTO Club(`club_team_id`, `club_rating`) VALUES ('realsociedad', '3');
INSERT INTO Team(`team_id`, `team_name`, `team_fullname`, `team_country_id`, `team_preferred_jersey`, `team_formation`) VALUES ('sevilla', 'Sevilla', 'Sevilla FC', 'ESP', '-', '4-2-1-3');
INSERT INTO Club(`club_team_id`, `club_rating`) VALUES ('sevilla', '4');
INSERT INTO Team(`team_id`, `team_name`, `team_fullname`, `team_country_id`, `team_preferred_jersey`, `team_formation`) VALUES ('valencia', 'Valencia', 'Valencia CF', 'ESP', 'light', '4-3-3');
INSERT INTO Club(`club_team_id`, `club_rating`) VALUES ('valencia', '4');
INSERT INTO Team(`team_id`, `team_name`, `team_fullname`, `team_country_id`, `team_preferred_jersey`, `team_formation`) VALUES ('villarreal', 'Villarreal', 'Villarreal CF', 'ESP', '-', '4-3-3');
INSERT INTO Club(`club_team_id`, `club_rating`) VALUES ('villarreal', '3');
INSERT INTO Team(`team_id`, `team_name`, `team_fullname`, `team_country_id`, `team_preferred_jersey`, `team_formation`) VALUES ('bayerleverkusen', 'Bayer Leverkusen', 'Bayer 04 Leverkusen', 'GER', '-', '4-3-3');
INSERT INTO Club(`club_team_id`, `club_rating`) VALUES ('bayerleverkusen', '4');
INSERT INTO Team(`team_id`, `team_name`, `team_fullname`, `team_country_id`, `team_preferred_jersey`, `team_formation`) VALUES ('bayern', 'Bayern Munich', 'Bayern Munich', 'GER', '-', '4-3-3');
INSERT INTO Club(`club_team_id`, `club_rating`) VALUES ('bayern', '5');
INSERT INTO Team(`team_id`, `team_name`, `team_fullname`, `team_country_id`, `team_preferred_jersey`, `team_formation`) VALUES ('dortmund', 'Borussia Dortmund', 'Borussia Dortmund', 'GER', '-', '4-3-3');
INSERT INTO Club(`club_team_id`, `club_rating`) VALUES ('dortmund', '5');
INSERT INTO Team(`team_id`, `team_name`, `team_fullname`, `team_country_id`, `team_preferred_jersey`, `team_formation`) VALUES ('gladbach', 'Monchengladbach', 'Borussia Monchengladbach', 'GER', 'light', '4-3-3');
INSERT INTO Club(`club_team_id`, `club_rating`) VALUES ('gladbach', '4');
INSERT INTO Team(`team_id`, `team_name`, `team_fullname`, `team_country_id`, `team_preferred_jersey`, `team_formation`) VALUES ('hsv', 'Hamburg', 'Hamburg SV', 'GER', 'light', '3-5-2');
INSERT INTO Club(`club_team_id`, `club_rating`) VALUES ('hsv', '3');
INSERT INTO Team(`team_id`, `team_name`, `team_fullname`, `team_country_id`, `team_preferred_jersey`, `team_formation`) VALUES ('hannover', 'Hannover', 'Hannover 96', 'GER', '-', '4-3-3');
INSERT INTO Club(`club_team_id`, `club_rating`) VALUES ('hannover', '3');
INSERT INTO Team(`team_id`, `team_name`, `team_fullname`, `team_country_id`, `team_preferred_jersey`, `team_formation`) VALUES ('hoffenheim', 'Hoffenheim', 'Hoffenheim TSG 1899', 'GER', 'dark', '4-4-2');
INSERT INTO Club(`club_team_id`, `club_rating`) VALUES ('hoffenheim', '3');
INSERT INTO Team(`team_id`, `team_name`, `team_fullname`, `team_country_id`, `team_preferred_jersey`, `team_formation`) VALUES ('koln', 'Koln', 'Koln FC', 'GER', 'dark', '4-3-3');
INSERT INTO Club(`club_team_id`, `club_rating`) VALUES ('koln', '3');
INSERT INTO Team(`team_id`, `team_name`, `team_fullname`, `team_country_id`, `team_preferred_jersey`, `team_formation`) VALUES ('schalke', 'Schalke 04', 'Schalke 04', 'GER', '-', '4-3-3');
INSERT INTO Club(`club_team_id`, `club_rating`) VALUES ('schalke', '4');
INSERT INTO Team(`team_id`, `team_name`, `team_fullname`, `team_country_id`, `team_preferred_jersey`, `team_formation`) VALUES ('stuttgart', 'Stuttgart', 'Stuttgart VfB', 'GER', '-', '4-3-3');
INSERT INTO Club(`club_team_id`, `club_rating`) VALUES ('stuttgart', '3');
INSERT INTO Team(`team_id`, `team_name`, `team_fullname`, `team_country_id`, `team_preferred_jersey`, `team_formation`) VALUES ('werder', 'Werder Bremen', 'Werder Bremen', 'GER', '-', '4-3-3');
INSERT INTO Club(`club_team_id`, `club_rating`) VALUES ('werder', '3');
INSERT INTO Team(`team_id`, `team_name`, `team_fullname`, `team_country_id`, `team_preferred_jersey`, `team_formation`) VALUES ('eintracht', 'Eintracht Frankfurt', 'Eintracht Frankfurt', 'GER', 'dark', '4-3-3');
INSERT INTO Club(`club_team_id`, `club_rating`) VALUES ('eintracht', '3');
INSERT INTO Team(`team_id`, `team_name`, `team_fullname`, `team_country_id`, `team_preferred_jersey`, `team_formation`) VALUES ('asse', 'Saint Etienne', 'AS Saint Etienne', 'FRA', 'dark', '4-2-3-1');
INSERT INTO Club(`club_team_id`, `club_rating`) VALUES ('asse', '3');
INSERT INTO Team(`team_id`, `team_name`, `team_fullname`, `team_country_id`, `team_preferred_jersey`, `team_formation`) VALUES ('bordeaux', 'Bordeaux', 'Bordeaux FC', 'FRA', 'dark', '4-2-1-3');
INSERT INTO Club(`club_team_id`, `club_rating`) VALUES ('bordeaux', '3');
INSERT INTO Team(`team_id`, `team_name`, `team_fullname`, `team_country_id`, `team_preferred_jersey`, `team_formation`) VALUES ('lille', 'Lille', 'Lille OSC', 'FRA', 'dark', '4-2-1-3');
INSERT INTO Club(`club_team_id`, `club_rating`) VALUES ('lille', '3');
INSERT INTO Team(`team_id`, `team_name`, `team_fullname`, `team_country_id`, `team_preferred_jersey`, `team_formation`) VALUES ('monaco', 'Monaco', 'Monaco AS', 'MON', 'light', '4-2-1-3');
INSERT INTO Club(`club_team_id`, `club_rating`) VALUES ('monaco', '5');
INSERT INTO Team(`team_id`, `team_name`, `team_fullname`, `team_country_id`, `team_preferred_jersey`, `team_formation`) VALUES ('montpellier', 'Montpellier', 'Montpellier HSC', 'FRA', 'light', '4-2-3-1');
INSERT INTO Club(`club_team_id`, `club_rating`) VALUES ('montpellier', '3');
INSERT INTO Team(`team_id`, `team_name`, `team_fullname`, `team_country_id`, `team_preferred_jersey`, `team_formation`) VALUES ('nice', 'Nice', 'Nice OGC', 'FRA', 'dark', '4-2-3-1');
INSERT INTO Club(`club_team_id`, `club_rating`) VALUES ('nice', '4');
INSERT INTO Team(`team_id`, `team_name`, `team_fullname`, `team_country_id`, `team_preferred_jersey`, `team_formation`) VALUES ('lyon', 'Lyon', 'Olympique Lyonnais', 'FRA', 'light', '4-3-3');
INSERT INTO Club(`club_team_id`, `club_rating`) VALUES ('lyon', '4');
INSERT INTO Team(`team_id`, `team_name`, `team_fullname`, `team_country_id`, `team_preferred_jersey`, `team_formation`) VALUES ('marseille', 'Marseille', 'Olympique Marseille', 'FRA', 'light', '4-3-3');
INSERT INTO Club(`club_team_id`, `club_rating`) VALUES ('marseille', '4');
INSERT INTO Team(`team_id`, `team_name`, `team_fullname`, `team_country_id`, `team_preferred_jersey`, `team_formation`) VALUES ('psg', 'PSG', 'Paris Saint-Germain', 'FRA', 'dark', '4-2-3-1');
INSERT INTO Club(`club_team_id`, `club_rating`) VALUES ('psg', '5');
INSERT INTO Team(`team_id`, `team_name`, `team_fullname`, `team_country_id`, `team_preferred_jersey`, `team_formation`) VALUES ('strasbourg', 'Strasbourg', 'Strasbourg FC', 'FRA', 'dark', '3-4-1-2');
INSERT INTO Club(`club_team_id`, `club_rating`) VALUES ('strasbourg', '3');
INSERT INTO Team(`team_id`, `team_name`, `team_fullname`, `team_country_id`, `team_preferred_jersey`, `team_formation`) VALUES ('ajax', 'Ajax', 'Ajax FC', 'NED', 'light', '4-3-3');
INSERT INTO Club(`club_team_id`, `club_rating`) VALUES ('ajax', '4');
INSERT INTO Team(`team_id`, `team_name`, `team_fullname`, `team_country_id`, `team_preferred_jersey`, `team_formation`) VALUES ('rsca', 'Anderlecht', 'Anderlecht RSC', 'BEL', '-', '4-4-1-1');
INSERT INTO Club(`club_team_id`, `club_rating`) VALUES ('rsca', '4');
INSERT INTO Team(`team_id`, `team_name`, `team_fullname`, `team_country_id`, `team_preferred_jersey`, `team_formation`) VALUES ('antwerp', 'Antwerp', 'Antwerp FC', 'BEL', 'dark', '4-3-3');
INSERT INTO Club(`club_team_id`, `club_rating`) VALUES ('antwerp', '2');
INSERT INTO Team(`team_id`, `team_name`, `team_fullname`, `team_country_id`, `team_preferred_jersey`, `team_formation`) VALUES ('az', 'AZ', 'AZ Alkmaar', 'NED', '-', '4-3-3');
INSERT INTO Club(`club_team_id`, `club_rating`) VALUES ('az', '3');
INSERT INTO Team(`team_id`, `team_name`, `team_fullname`, `team_country_id`, `team_preferred_jersey`, `team_formation`) VALUES ('cerclebrugge', 'Cercle Brugge', 'Cercle Brugge K.S.V.', 'BEL', 'dark', '4-3-3');
INSERT INTO Club(`club_team_id`, `club_rating`) VALUES ('cerclebrugge', '2');
INSERT INTO Team(`team_id`, `team_name`, `team_fullname`, `team_country_id`, `team_preferred_jersey`, `team_formation`) VALUES ('clubbrugge', 'Club Brugge', 'Club Brugge KV', 'BEL', '-', '4-3-3');
INSERT INTO Club(`club_team_id`, `club_rating`) VALUES ('clubbrugge', '3');
INSERT INTO Team(`team_id`, `team_name`, `team_fullname`, `team_country_id`, `team_preferred_jersey`, `team_formation`) VALUES ('feyenoord', 'Feyenoord', 'Feyenoord', 'NED', 'light', '4-3-3');
INSERT INTO Club(`club_team_id`, `club_rating`) VALUES ('feyenoord', '4');
INSERT INTO Team(`team_id`, `team_name`, `team_fullname`, `team_country_id`, `team_preferred_jersey`, `team_formation`) VALUES ('genk', 'Genk', 'Genk FC', 'BEL', 'dark', '4-3-3');
INSERT INTO Club(`club_team_id`, `club_rating`) VALUES ('genk', '3');
INSERT INTO Team(`team_id`, `team_name`, `team_fullname`, `team_country_id`, `team_preferred_jersey`, `team_formation`) VALUES ('psv', 'PSV', 'PSV Eindhoven', 'NED', '-', '4-2-1-3');
INSERT INTO Club(`club_team_id`, `club_rating`) VALUES ('psv', '4');
INSERT INTO Team(`team_id`, `team_name`, `team_fullname`, `team_country_id`, `team_preferred_jersey`, `team_formation`) VALUES ('standard', 'Standard', 'Standard Liege', 'BEL', '-', '4-3-3');
INSERT INTO Club(`club_team_id`, `club_rating`) VALUES ('standard', '3');
INSERT INTO Team(`team_id`, `team_name`, `team_fullname`, `team_country_id`, `team_preferred_jersey`, `team_formation`) VALUES ('twente', 'Twente', 'Twente Enschede FC', 'NED', 'dark', '4-3-3');
INSERT INTO Club(`club_team_id`, `club_rating`) VALUES ('twente', '2');
INSERT INTO Team(`team_id`, `team_name`, `team_fullname`, `team_country_id`, `team_preferred_jersey`, `team_formation`) VALUES ('dudelange', 'Dudelange', 'Dudelange F91', 'LUX', '-', '4-3-3');
INSERT INTO Club(`club_team_id`, `club_rating`) VALUES ('dudelange', '2');
INSERT INTO Team(`team_id`, `team_name`, `team_fullname`, `team_country_id`, `team_preferred_jersey`, `team_formation`) VALUES ('benfica', 'Benfica', 'Benfica S.L.', 'POR', 'dark', '4-2-1-3');
INSERT INTO Club(`club_team_id`, `club_rating`) VALUES ('benfica', '4');
INSERT INTO Team(`team_id`, `team_name`, `team_fullname`, `team_country_id`, `team_preferred_jersey`, `team_formation`) VALUES ('braga', 'Braga', 'Braga SC', 'POR', 'dark', '4-2-1-3');
INSERT INTO Club(`club_team_id`, `club_rating`) VALUES ('braga', '3');
INSERT INTO Team(`team_id`, `team_name`, `team_fullname`, `team_country_id`, `team_preferred_jersey`, `team_formation`) VALUES ('portimonense', 'Portimonense', 'Portimonense S.C.', 'POR', 'dark', '4-2-1-3');
INSERT INTO Club(`club_team_id`, `club_rating`) VALUES ('portimonense', '3');
INSERT INTO Team(`team_id`, `team_name`, `team_fullname`, `team_country_id`, `team_preferred_jersey`, `team_formation`) VALUES ('porto', 'Porto', 'Porto FC', 'POR', 'light', '4-3-3');
INSERT INTO Club(`club_team_id`, `club_rating`) VALUES ('porto', '4');
INSERT INTO Team(`team_id`, `team_name`, `team_fullname`, `team_country_id`, `team_preferred_jersey`, `team_formation`) VALUES ('santaclara', 'Santa Clara', 'Santa Clara CD', 'POR', '-', '4-3-3');
INSERT INTO Club(`club_team_id`, `club_rating`) VALUES ('santaclara', '2');
INSERT INTO Team(`team_id`, `team_name`, `team_fullname`, `team_country_id`, `team_preferred_jersey`, `team_formation`) VALUES ('sportinglisabon', 'Sporting', 'Sporting CP', 'POR', '-', '4-3-3');
INSERT INTO Club(`club_team_id`, `club_rating`) VALUES ('sportinglisabon', '4');
INSERT INTO Team(`team_id`, `team_name`, `team_fullname`, `team_country_id`, `team_preferred_jersey`, `team_formation`) VALUES ('tondela', 'Tondela', 'Tondela C.D.', 'POR', '-', '4-3-3');
INSERT INTO Club(`club_team_id`, `club_rating`) VALUES ('tondela', '2');
INSERT INTO Team(`team_id`, `team_name`, `team_fullname`, `team_country_id`, `team_preferred_jersey`, `team_formation`) VALUES ('guimaraes', 'Vitoria Guimaraes', 'Vitoria de Guimaraes', 'POR', '-', '4-3-3');
INSERT INTO Club(`club_team_id`, `club_rating`) VALUES ('guimaraes', '3');
INSERT INTO Team(`team_id`, `team_name`, `team_fullname`, `team_country_id`, `team_preferred_jersey`, `team_formation`) VALUES ('austriawien', 'Austria Wien', 'Austria Wien FK', 'AUT', '-', '4-3-3');
INSERT INTO Club(`club_team_id`, `club_rating`) VALUES ('austriawien', '2');
INSERT INTO Team(`team_id`, `team_name`, `team_fullname`, `team_country_id`, `team_preferred_jersey`, `team_formation`) VALUES ('basel', 'Basel', 'Basel 1893 FC', 'SUI', '-', '4-3-3');
INSERT INTO Club(`club_team_id`, `club_rating`) VALUES ('basel', '4');
INSERT INTO Team(`team_id`, `team_name`, `team_fullname`, `team_country_id`, `team_preferred_jersey`, `team_formation`) VALUES ('lask', 'LASK', 'LASK', 'AUT', '-', '4-3-3');
INSERT INTO Club(`club_team_id`, `club_rating`) VALUES ('lask', '3');
INSERT INTO Team(`team_id`, `team_name`, `team_fullname`, `team_country_id`, `team_preferred_jersey`, `team_formation`) VALUES ('rapidwien', 'Rapid Wien', 'Rapid Wien SK', 'AUT', '-', '4-3-3');
INSERT INTO Club(`club_team_id`, `club_rating`) VALUES ('rapidwien', '2');
INSERT INTO Team(`team_id`, `team_name`, `team_fullname`, `team_country_id`, `team_preferred_jersey`, `team_formation`) VALUES ('salzburg', 'Salzburg', 'Salzburg Austria', 'AUT', 'light', '3-4-3');
INSERT INTO Club(`club_team_id`, `club_rating`) VALUES ('salzburg', '4');
INSERT INTO Team(`team_id`, `team_name`, `team_fullname`, `team_country_id`, `team_preferred_jersey`, `team_formation`) VALUES ('stgallen', 'St. Gallen', 'St. Gallen FC', 'SUI', '-', '4-3-3');
INSERT INTO Club(`club_team_id`, `club_rating`) VALUES ('stgallen', '3');
INSERT INTO Team(`team_id`, `team_name`, `team_fullname`, `team_country_id`, `team_preferred_jersey`, `team_formation`) VALUES ('sturmgraz', 'Sturm Graz', 'Sturm Graz SK', 'AUT', '-', '4-3-3');
INSERT INTO Club(`club_team_id`, `club_rating`) VALUES ('sturmgraz', '2');
INSERT INTO Team(`team_id`, `team_name`, `team_fullname`, `team_country_id`, `team_preferred_jersey`, `team_formation`) VALUES ('vaduz', 'Vaduz', 'Vaduz FC', 'LIE', '-', '4-3-3');
INSERT INTO Club(`club_team_id`, `club_rating`) VALUES ('vaduz', '2');
INSERT INTO Team(`team_id`, `team_name`, `team_fullname`, `team_country_id`, `team_preferred_jersey`, `team_formation`) VALUES ('youngboys', 'Young Boys', 'Young Boys BSC', 'SUI', 'light', '4-3-3');
INSERT INTO Club(`club_team_id`, `club_rating`) VALUES ('youngboys', '3');
INSERT INTO Team(`team_id`, `team_name`, `team_fullname`, `team_country_id`, `team_preferred_jersey`, `team_formation`) VALUES ('zurich', 'Zurich', 'Zurich FC', 'SUI', '-', '4-3-3');
INSERT INTO Club(`club_team_id`, `club_rating`) VALUES ('zurich', '2');
INSERT INTO Team(`team_id`, `team_name`, `team_fullname`, `team_country_id`, `team_preferred_jersey`, `team_formation`) VALUES ('cskamoscow', 'CSKA Moscow', 'CSKA Moscow', 'RUS', 'dark', '4-2-3-1');
INSERT INTO Club(`club_team_id`, `club_rating`) VALUES ('cskamoscow', '4');
INSERT INTO Team(`team_id`, `team_name`, `team_fullname`, `team_country_id`, `team_preferred_jersey`, `team_formation`) VALUES ('dynamomoscow', 'Dynamo Moscow', 'Dynamo Moscow', 'RUS', '-', '4-3-3');
INSERT INTO Club(`club_team_id`, `club_rating`) VALUES ('dynamomoscow', '3');
INSERT INTO Team(`team_id`, `team_name`, `team_fullname`, `team_country_id`, `team_preferred_jersey`, `team_formation`) VALUES ('krasnodar', 'Krasnodar', 'Krasnodar FC', 'RUS', '-', '4-2-1-3');
INSERT INTO Club(`club_team_id`, `club_rating`) VALUES ('krasnodar', '2');
INSERT INTO Team(`team_id`, `team_name`, `team_fullname`, `team_country_id`, `team_preferred_jersey`, `team_formation`) VALUES ('lokomotivmoscow', 'Lokomotiv Moscow', 'Lokomotiv Moscow FC', 'RUS', '-', '4-3-3');
INSERT INTO Club(`club_team_id`, `club_rating`) VALUES ('lokomotivmoscow', '3');
INSERT INTO Team(`team_id`, `team_name`, `team_fullname`, `team_country_id`, `team_preferred_jersey`, `team_formation`) VALUES ('nizhniy', 'Nizhniy Novgorod', 'Nizhniy Novgorod FC', 'RUS', '-', '4-3-3');
INSERT INTO Club(`club_team_id`, `club_rating`) VALUES ('nizhniy', '2');
INSERT INTO Team(`team_id`, `team_name`, `team_fullname`, `team_country_id`, `team_preferred_jersey`, `team_formation`) VALUES ('rostov', 'Rostov', 'Rostov FC', 'RUS', '-', '4-3-3');
INSERT INTO Club(`club_team_id`, `club_rating`) VALUES ('rostov', '2');
INSERT INTO Team(`team_id`, `team_name`, `team_fullname`, `team_country_id`, `team_preferred_jersey`, `team_formation`) VALUES ('rubinkazan', 'Rubin Kazan', 'Rubin Kazan FC', 'RUS', '-', '4-3-3');
INSERT INTO Club(`club_team_id`, `club_rating`) VALUES ('rubinkazan', '2');
INSERT INTO Team(`team_id`, `team_name`, `team_fullname`, `team_country_id`, `team_preferred_jersey`, `team_formation`) VALUES ('samara', 'Samara', 'Samara Club', 'RUS', '-', '4-3-3');
INSERT INTO Club(`club_team_id`, `club_rating`) VALUES ('samara', '2');
INSERT INTO Team(`team_id`, `team_name`, `team_fullname`, `team_country_id`, `team_preferred_jersey`, `team_formation`) VALUES ('spartakmoscow', 'Spartak Moscow', 'Spartak Moscow', 'RUS', 'dark', '4-3-3');
INSERT INTO Club(`club_team_id`, `club_rating`) VALUES ('spartakmoscow', '3');
INSERT INTO Team(`team_id`, `team_name`, `team_fullname`, `team_country_id`, `team_preferred_jersey`, `team_formation`) VALUES ('zenit', 'Zenit', 'Zenit SP', 'RUS', '-', '4-3-3');
INSERT INTO Club(`club_team_id`, `club_rating`) VALUES ('zenit', '4');
INSERT INTO Team(`team_id`, `team_name`, `team_fullname`, `team_country_id`, `team_preferred_jersey`, `team_formation`) VALUES ('antalyaspor', 'Antalyaspor', 'Antalyaspor', 'TUR', '-', '4-3-3');
INSERT INTO Club(`club_team_id`, `club_rating`) VALUES ('antalyaspor', '2');
INSERT INTO Team(`team_id`, `team_name`, `team_fullname`, `team_country_id`, `team_preferred_jersey`, `team_formation`) VALUES ('basaksehir', 'Basaksehir', 'Basaksehir FK', 'TUR', '-', '4-3-3');
INSERT INTO Club(`club_team_id`, `club_rating`) VALUES ('basaksehir', '4');
INSERT INTO Team(`team_id`, `team_name`, `team_fullname`, `team_country_id`, `team_preferred_jersey`, `team_formation`) VALUES ('besiktas', 'Besiktas', 'Besiktas JK', 'TUR', '-', '4-3-3');
INSERT INTO Club(`club_team_id`, `club_rating`) VALUES ('besiktas', '3');
INSERT INTO Team(`team_id`, `team_name`, `team_fullname`, `team_country_id`, `team_preferred_jersey`, `team_formation`) VALUES ('bursaspor', 'Bursaspor', 'Bursaspor', 'TUR', '-', '4-3-3');
INSERT INTO Club(`club_team_id`, `club_rating`) VALUES ('bursaspor', '2');
INSERT INTO Team(`team_id`, `team_name`, `team_fullname`, `team_country_id`, `team_preferred_jersey`, `team_formation`) VALUES ('fenerbahce', 'Fenerbahce', 'Fenerbahce SK', 'TUR', 'light', '4-3-3');
INSERT INTO Club(`club_team_id`, `club_rating`) VALUES ('fenerbahce', '3');
INSERT INTO Team(`team_id`, `team_name`, `team_fullname`, `team_country_id`, `team_preferred_jersey`, `team_formation`) VALUES ('galatasaray', 'Galatasaray', 'Galatasaray SK', 'TUR', 'dark', '4-4-2');
INSERT INTO Club(`club_team_id`, `club_rating`) VALUES ('galatasaray', '4');
INSERT INTO Team(`team_id`, `team_name`, `team_fullname`, `team_country_id`, `team_preferred_jersey`, `team_formation`) VALUES ('konyaspor', 'Konyaspor', 'Konyaspor', 'TUR', '-', '4-3-3');
INSERT INTO Club(`club_team_id`, `club_rating`) VALUES ('konyaspor', '2');
INSERT INTO Team(`team_id`, `team_name`, `team_fullname`, `team_country_id`, `team_preferred_jersey`, `team_formation`) VALUES ('trabzonspor', 'Trabzonspor', 'Trabzonspor', 'TUR', '-', '4-3-3');
INSERT INTO Club(`club_team_id`, `club_rating`) VALUES ('trabzonspor', '3');
INSERT INTO Team(`team_id`, `team_name`, `team_fullname`, `team_country_id`, `team_preferred_jersey`, `team_formation`) VALUES ('aik', 'AIK', 'AIK Fotboll', 'SWE', '-', '4-3-3');
INSERT INTO Club(`club_team_id`, `club_rating`) VALUES ('aik', '2');
INSERT INTO Team(`team_id`, `team_name`, `team_fullname`, `team_country_id`, `team_preferred_jersey`, `team_formation`) VALUES ('vikingur', 'Vikingur', 'Vikingur Reykjavik', 'ISL', '-', '4-3-3');
INSERT INTO Club(`club_team_id`, `club_rating`) VALUES ('vikingur', '1');
INSERT INTO Team(`team_id`, `team_name`, `team_fullname`, `team_country_id`, `team_preferred_jersey`, `team_formation`) VALUES ('copenhagen', 'Copenhagen', 'Copenhagen FC', 'DEN', 'light', '4-2-1-3');
INSERT INTO Club(`club_team_id`, `club_rating`) VALUES ('copenhagen', '3');
INSERT INTO Team(`team_id`, `team_name`, `team_fullname`, `team_country_id`, `team_preferred_jersey`, `team_formation`) VALUES ('nordsjaelland', 'Nordsjaelland', 'Nordsjaelland FC', 'DEN', '-', '4-3-3');
INSERT INTO Club(`club_team_id`, `club_rating`) VALUES ('nordsjaelland', '1');
INSERT INTO Team(`team_id`, `team_name`, `team_fullname`, `team_country_id`, `team_preferred_jersey`, `team_formation`) VALUES ('hammarby', 'Hammarby', 'Hammarby Fotboll', 'SWE', '-', '4-3-3');
INSERT INTO Club(`club_team_id`, `club_rating`) VALUES ('hammarby', '2');
INSERT INTO Team(`team_id`, `team_name`, `team_fullname`, `team_country_id`, `team_preferred_jersey`, `team_formation`) VALUES ('hjk', 'HJK', 'HJK', 'FIN', '-', '4-3-3');
INSERT INTO Club(`club_team_id`, `club_rating`) VALUES ('hjk', '2');
INSERT INTO Team(`team_id`, `team_name`, `team_fullname`, `team_country_id`, `team_preferred_jersey`, `team_formation`) VALUES ('malmo', 'Malmo', 'Malmo FF', 'SWE', 'dark', '4-3-3');
INSERT INTO Club(`club_team_id`, `club_rating`) VALUES ('malmo', '3');
INSERT INTO Team(`team_id`, `team_name`, `team_fullname`, `team_country_id`, `team_preferred_jersey`, `team_formation`) VALUES ('midtjylland', 'Midtjylland', 'Midtjylland FC', 'DEN', '-', '4-3-3');
INSERT INTO Club(`club_team_id`, `club_rating`) VALUES ('midtjylland', '2');
INSERT INTO Team(`team_id`, `team_name`, `team_fullname`, `team_country_id`, `team_preferred_jersey`, `team_formation`) VALUES ('molde', 'Molde', 'Molde FK', 'NOR', '-', '4-3-3');
INSERT INTO Club(`club_team_id`, `club_rating`) VALUES ('molde', '2');
INSERT INTO Team(`team_id`, `team_name`, `team_fullname`, `team_country_id`, `team_preferred_jersey`, `team_formation`) VALUES ('sarpsborg', 'Sarpsborg 08', 'Sarpsborg 08 FF', 'NOR', '-', '4-3-3');
INSERT INTO Club(`club_team_id`, `club_rating`) VALUES ('sarpsborg', '1');
INSERT INTO Team(`team_id`, `team_name`, `team_fullname`, `team_country_id`, `team_preferred_jersey`, `team_formation`) VALUES ('rosenborg', 'Rosenborg', 'Rosenborg BK', 'NOR', '-', '4-3-3');
INSERT INTO Club(`club_team_id`, `club_rating`) VALUES ('rosenborg', '2');
INSERT INTO Team(`team_id`, `team_name`, `team_fullname`, `team_country_id`, `team_preferred_jersey`, `team_formation`) VALUES ('klaksvik', 'Klaksvik', 'KI Klaksvik', 'FRI', '-', '4-3-3');
INSERT INTO Club(`club_team_id`, `club_rating`) VALUES ('klaksvik', '1');
INSERT INTO Team(`team_id`, `team_name`, `team_fullname`, `team_country_id`, `team_preferred_jersey`, `team_formation`) VALUES ('aek', 'AEK Athens', 'AEK Athens FC', 'GRE', '-', '4-3-3');
INSERT INTO Club(`club_team_id`, `club_rating`) VALUES ('aek', '2');
INSERT INTO Team(`team_id`, `team_name`, `team_fullname`, `team_country_id`, `team_preferred_jersey`, `team_formation`) VALUES ('apoel', 'APOEL', 'APOEL', 'CYP', '-', '4-3-3');
INSERT INTO Club(`club_team_id`, `club_rating`) VALUES ('apoel', '2');
INSERT INTO Team(`team_id`, `team_name`, `team_fullname`, `team_country_id`, `team_preferred_jersey`, `team_formation`) VALUES ('apollon', 'Apollon', 'Apollon Limassol', 'CYP', '-', '4-3-3');
INSERT INTO Club(`club_team_id`, `club_rating`) VALUES ('apollon', '1');
INSERT INTO Team(`team_id`, `team_name`, `team_fullname`, `team_country_id`, `team_preferred_jersey`, `team_formation`) VALUES ('aris', 'Aris Thessaloniki', 'Aris Thessaloniki FC', 'GRE', '-', '4-3-3');
INSERT INTO Club(`club_team_id`, `club_rating`) VALUES ('aris', '2');
INSERT INTO Team(`team_id`, `team_name`, `team_fullname`, `team_country_id`, `team_preferred_jersey`, `team_formation`) VALUES ('olympiacos', 'Olympiacos', 'Olympiacos Piraeus', 'GRE', '-', '3-4-1-2');
INSERT INTO Club(`club_team_id`, `club_rating`) VALUES ('olympiacos', '3');
INSERT INTO Team(`team_id`, `team_name`, `team_fullname`, `team_country_id`, `team_preferred_jersey`, `team_formation`) VALUES ('anorthosis', 'Anorthosis', 'Anorthosis Famagusta FC', 'CYP', '-', '4-3-3');
INSERT INTO Club(`club_team_id`, `club_rating`) VALUES ('anorthosis', '1');
INSERT INTO Team(`team_id`, `team_name`, `team_fullname`, `team_country_id`, `team_preferred_jersey`, `team_formation`) VALUES ('panathinaikos', 'Panathinaikos', 'Panathinaikos Athens', 'GRE', '-', '4-3-3');
INSERT INTO Club(`club_team_id`, `club_rating`) VALUES ('panathinaikos', '2');
INSERT INTO Team(`team_id`, `team_name`, `team_fullname`, `team_country_id`, `team_preferred_jersey`, `team_formation`) VALUES ('paok', 'PAOK', 'PAOK', 'GRE', '-', '4-3-3');
INSERT INTO Club(`club_team_id`, `club_rating`) VALUES ('paok', '3');
INSERT INTO Team(`team_id`, `team_name`, `team_fullname`, `team_country_id`, `team_preferred_jersey`, `team_formation`) VALUES ('cardiff', 'Cardiff', 'Cardiff City', 'WAL', '-', '4-3-3');
INSERT INTO Club(`club_team_id`, `club_rating`) VALUES ('cardiff', '2');
INSERT INTO Team(`team_id`, `team_name`, `team_fullname`, `team_country_id`, `team_preferred_jersey`, `team_formation`) VALUES ('celtic', 'Celtic', 'Celtic FC', 'SCO', '-', '4-3-3');
INSERT INTO Club(`club_team_id`, `club_rating`) VALUES ('celtic', '3');
INSERT INTO Team(`team_id`, `team_name`, `team_fullname`, `team_country_id`, `team_preferred_jersey`, `team_formation`) VALUES ('dundalk', 'Dundalk', 'Dundalk FC', 'IRL', '-', '4-3-3');
INSERT INTO Club(`club_team_id`, `club_rating`) VALUES ('dundalk', '1');
INSERT INTO Team(`team_id`, `team_name`, `team_fullname`, `team_country_id`, `team_preferred_jersey`, `team_formation`) VALUES ('hearts', 'Hearts', 'Heart of Midlothian FC', 'SCO', '-', '4-3-3');
INSERT INTO Club(`club_team_id`, `club_rating`) VALUES ('hearts', '2');
INSERT INTO Team(`team_id`, `team_name`, `team_fullname`, `team_country_id`, `team_preferred_jersey`, `team_formation`) VALUES ('larne', 'Larne', 'Larne FC', 'NIR', '-', '4-3-3');
INSERT INTO Club(`club_team_id`, `club_rating`) VALUES ('larne', '1');
INSERT INTO Team(`team_id`, `team_name`, `team_fullname`, `team_country_id`, `team_preferred_jersey`, `team_formation`) VALUES ('newtown', 'Newtown', 'Newtown AFC', 'WAL', '-', '4-3-3');
INSERT INTO Club(`club_team_id`, `club_rating`) VALUES ('newtown', '1');
INSERT INTO Team(`team_id`, `team_name`, `team_fullname`, `team_country_id`, `team_preferred_jersey`, `team_formation`) VALUES ('rangers', 'Rangers', 'Rangers FC', 'SCO', '-', '4-3-3');
INSERT INTO Club(`club_team_id`, `club_rating`) VALUES ('rangers', '3');
INSERT INTO Team(`team_id`, `team_name`, `team_fullname`, `team_country_id`, `team_preferred_jersey`, `team_formation`) VALUES ('shamrockrovers', 'Shamrock Rovers', 'Shamrock Rovers FC', 'IRL', '-', '4-3-3');
INSERT INTO Club(`club_team_id`, `club_rating`) VALUES ('shamrockrovers', '2');
INSERT INTO Team(`team_id`, `team_name`, `team_fullname`, `team_country_id`, `team_preferred_jersey`, `team_formation`) VALUES ('astana', 'Astana', 'Astana FC', 'KAZ', '-', '4-3-3');
INSERT INTO Club(`club_team_id`, `club_rating`) VALUES ('astana', '2');
INSERT INTO Team(`team_id`, `team_name`, `team_fullname`, `team_country_id`, `team_preferred_jersey`, `team_formation`) VALUES ('bate', 'BATE Borisov', 'BATE Borisov', 'BLR', '-', '4-3-3');
INSERT INTO Club(`club_team_id`, `club_rating`) VALUES ('bate', '2');
INSERT INTO Team(`team_id`, `team_name`, `team_fullname`, `team_country_id`, `team_preferred_jersey`, `team_formation`) VALUES ('dnipro', 'Dnipro', 'Dnipro SC', 'UKR', '-', '4-3-3');
INSERT INTO Club(`club_team_id`, `club_rating`) VALUES ('dnipro', '2');
INSERT INTO Team(`team_id`, `team_name`, `team_fullname`, `team_country_id`, `team_preferred_jersey`, `team_formation`) VALUES ('dynamokyiv', 'Dynamo Kyiv', 'Dynamo Kyiv', 'UKR', '-', '4-2-1-3');
INSERT INTO Club(`club_team_id`, `club_rating`) VALUES ('dynamokyiv', '3');
INSERT INTO Team(`team_id`, `team_name`, `team_fullname`, `team_country_id`, `team_preferred_jersey`, `team_formation`) VALUES ('kairat', 'Kairat', 'Kairat FC', 'KAZ', '-', '4-3-3');
INSERT INTO Club(`club_team_id`, `club_rating`) VALUES ('kairat', '1');
INSERT INTO Team(`team_id`, `team_name`, `team_fullname`, `team_country_id`, `team_preferred_jersey`, `team_formation`) VALUES ('minsk', 'Minsk', 'Minsk FC', 'BLR', '-', '4-3-3');
INSERT INTO Club(`club_team_id`, `club_rating`) VALUES ('minsk', '1');
INSERT INTO Team(`team_id`, `team_name`, `team_fullname`, `team_country_id`, `team_preferred_jersey`, `team_formation`) VALUES ('shakhtar', 'Shakhtar Donetsk', 'Shakhtar Donetsk FC', 'UKR', '-', '4-3-3');
INSERT INTO Club(`club_team_id`, `club_rating`) VALUES ('shakhtar', '3');
INSERT INTO Team(`team_id`, `team_name`, `team_fullname`, `team_country_id`, `team_preferred_jersey`, `team_formation`) VALUES ('tobol', 'Tobol', 'Tobol FC', 'KAZ', '-', '4-3-3');
INSERT INTO Club(`club_team_id`, `club_rating`) VALUES ('tobol', '1');
INSERT INTO Team(`team_id`, `team_name`, `team_fullname`, `team_country_id`, `team_preferred_jersey`, `team_formation`) VALUES ('buducnost', 'Buducnost', 'Buducnost FK', 'MNE', '-', '4-3-3');
INSERT INTO Club(`club_team_id`, `club_rating`) VALUES ('buducnost', '1');
INSERT INTO Team(`team_id`, `team_name`, `team_fullname`, `team_country_id`, `team_preferred_jersey`, `team_formation`) VALUES ('redstar', 'Red Star', 'Crvena Zvezda FK', 'SRB', '-', '4-3-3');
INSERT INTO Club(`club_team_id`, `club_rating`) VALUES ('redstar', '2');
INSERT INTO Team(`team_id`, `team_name`, `team_fullname`, `team_country_id`, `team_preferred_jersey`, `team_formation`) VALUES ('dinamozagreb', 'Dinamo Zagreb', 'Dinamo Zagreb GNK', 'CRO', '-', '4-3-3');
INSERT INTO Club(`club_team_id`, `club_rating`) VALUES ('dinamozagreb', '2');
INSERT INTO Team(`team_id`, `team_name`, `team_fullname`, `team_country_id`, `team_preferred_jersey`, `team_formation`) VALUES ('hajduk', 'Hajduk', 'Hajduk Split HNK', 'CRO', '-', '4-3-3');
INSERT INTO Club(`club_team_id`, `club_rating`) VALUES ('hajduk', '2');
INSERT INTO Team(`team_id`, `team_name`, `team_fullname`, `team_country_id`, `team_preferred_jersey`, `team_formation`) VALUES ('maribor', 'Maribor', 'Maribor NK', 'SVN', '-', '4-3-3');
INSERT INTO Club(`club_team_id`, `club_rating`) VALUES ('maribor', '2');
INSERT INTO Team(`team_id`, `team_name`, `team_fullname`, `team_country_id`, `team_preferred_jersey`, `team_formation`) VALUES ('olimpijaljubljana', 'Olimpija Ljubljana', 'Olimpija Ljubljana NK', 'SVN', '-', '4-3-3');
INSERT INTO Club(`club_team_id`, `club_rating`) VALUES ('olimpijaljubljana', '1');
INSERT INTO Team(`team_id`, `team_name`, `team_fullname`, `team_country_id`, `team_preferred_jersey`, `team_formation`) VALUES ('partizan', 'Partizan', 'Partizan FK', 'SRB', 'light', '4-3-3');
INSERT INTO Club(`club_team_id`, `club_rating`) VALUES ('partizan', '2');
INSERT INTO Team(`team_id`, `team_name`, `team_fullname`, `team_country_id`, `team_preferred_jersey`, `team_formation`) VALUES ('radnickinis', 'Radnicki Nis', 'Radniki Ni FK', 'SRB', '-', '4-3-3');
INSERT INTO Club(`club_team_id`, `club_rating`) VALUES ('radnickinis', '1');
INSERT INTO Team(`team_id`, `team_name`, `team_fullname`, `team_country_id`, `team_preferred_jersey`, `team_formation`) VALUES ('rijeka', 'Rijeka', 'Rijeka HNK', 'CRO', '-', '4-3-3');
INSERT INTO Club(`club_team_id`, `club_rating`) VALUES ('rijeka', '1');
INSERT INTO Team(`team_id`, `team_name`, `team_fullname`, `team_country_id`, `team_preferred_jersey`, `team_formation`) VALUES ('sarajevo', 'Sarajevo', 'Sarajevo FK', 'BIH', '-', '4-3-3');
INSERT INTO Club(`club_team_id`, `club_rating`) VALUES ('sarajevo', '1');
INSERT INTO Team(`team_id`, `team_name`, `team_fullname`, `team_country_id`, `team_preferred_jersey`, `team_formation`) VALUES ('vojvodina', 'Vojvodina', 'Vojvodina FK', 'SRB', '-', '4-3-3');
INSERT INTO Club(`club_team_id`, `club_rating`) VALUES ('vojvodina', '1');
INSERT INTO Team(`team_id`, `team_name`, `team_fullname`, `team_country_id`, `team_preferred_jersey`, `team_formation`) VALUES ('zrinjski', 'Zrinjski', 'Zrinjski HSK', 'BIH', '-', '4-3-3');
INSERT INTO Club(`club_team_id`, `club_rating`) VALUES ('zrinjski', '2');
INSERT INTO Team(`team_id`, `team_name`, `team_fullname`, `team_country_id`, `team_preferred_jersey`, `team_formation`) VALUES ('cluj', 'Cluj', 'Cluj CFR', 'ROU', '-', '4-3-3');
INSERT INTO Club(`club_team_id`, `club_rating`) VALUES ('cluj', '2');
INSERT INTO Team(`team_id`, `team_name`, `team_fullname`, `team_country_id`, `team_preferred_jersey`, `team_formation`) VALUES ('craiova', 'Craiova', 'Craiova FC 1948', 'ROU', '-', '4-3-3');
INSERT INTO Club(`club_team_id`, `club_rating`) VALUES ('craiova', '1');
INSERT INTO Team(`team_id`, `team_name`, `team_fullname`, `team_country_id`, `team_preferred_jersey`, `team_formation`) VALUES ('debreceni', 'Debreceni', 'Debreceni VSC', 'HUN', '-', '4-3-3');
INSERT INTO Club(`club_team_id`, `club_rating`) VALUES ('debreceni', '1');
INSERT INTO Team(`team_id`, `team_name`, `team_fullname`, `team_country_id`, `team_preferred_jersey`, `team_formation`) VALUES ('fcsb', 'FCSB', 'Steaua Bucuresti FC', 'ROU', '-', '4-3-3');
INSERT INTO Club(`club_team_id`, `club_rating`) VALUES ('fcsb', '2');
INSERT INTO Team(`team_id`, `team_name`, `team_fullname`, `team_country_id`, `team_preferred_jersey`, `team_formation`) VALUES ('fehervar', 'Fehervar', 'Fehervar FC', 'HUN', '-', '4-3-3');
INSERT INTO Club(`club_team_id`, `club_rating`) VALUES ('fehervar', '1');
INSERT INTO Team(`team_id`, `team_name`, `team_fullname`, `team_country_id`, `team_preferred_jersey`, `team_formation`) VALUES ('ferencvarosi', 'Ferencvarosi', 'Ferencvarosi TC', 'HUN', '-', '4-3-3');
INSERT INTO Club(`club_team_id`, `club_rating`) VALUES ('ferencvarosi', '2');
INSERT INTO Team(`team_id`, `team_name`, `team_fullname`, `team_country_id`, `team_preferred_jersey`, `team_formation`) VALUES ('levskisofia', 'Levski Sofia', 'Levski Sofia PFC', 'BUL', '-', '4-3-3');
INSERT INTO Club(`club_team_id`, `club_rating`) VALUES ('levskisofia', '1');
INSERT INTO Team(`team_id`, `team_name`, `team_fullname`, `team_country_id`, `team_preferred_jersey`, `team_formation`) VALUES ('ludogorets', 'Ludogorets', 'Ludogorets Razgrad PFC', 'BUL', '-', '4-3-3');
INSERT INTO Club(`club_team_id`, `club_rating`) VALUES ('ludogorets', '2');
INSERT INTO Team(`team_id`, `team_name`, `team_fullname`, `team_country_id`, `team_preferred_jersey`, `team_formation`) VALUES ('sheriff', 'Sheriff Tiraspol', 'Sheriff Tiraspol FC', 'MDA', '-', '4-3-3');
INSERT INTO Club(`club_team_id`, `club_rating`) VALUES ('sheriff', '2');
INSERT INTO Team(`team_id`, `team_name`, `team_fullname`, `team_country_id`, `team_preferred_jersey`, `team_formation`) VALUES ('sofiacska', 'Sofia CSKA', 'Sofia CSKA PFC', 'BUL', '-', '4-3-3');
INSERT INTO Club(`club_team_id`, `club_rating`) VALUES ('sofiacska', '1');
INSERT INTO Team(`team_id`, `team_name`, `team_fullname`, `team_country_id`, `team_preferred_jersey`, `team_formation`) VALUES ('dunajska', 'Dunajska Streda', 'Dunajska Streda FC', 'SVK', '-', '4-3-3');
INSERT INTO Club(`club_team_id`, `club_rating`) VALUES ('dunajska', '1');
INSERT INTO Team(`team_id`, `team_name`, `team_fullname`, `team_country_id`, `team_preferred_jersey`, `team_formation`) VALUES ('jablonec', 'Jablonec', 'Jablonec FK', 'CZE', '-', '4-3-3');
INSERT INTO Club(`club_team_id`, `club_rating`) VALUES ('jablonec', '1');
INSERT INTO Team(`team_id`, `team_name`, `team_fullname`, `team_country_id`, `team_preferred_jersey`, `team_formation`) VALUES ('lech', 'Lech', 'Lech Poznan', 'POL', '-', '4-3-3');
INSERT INTO Club(`club_team_id`, `club_rating`) VALUES ('lech', '1');
INSERT INTO Team(`team_id`, `team_name`, `team_fullname`, `team_country_id`, `team_preferred_jersey`, `team_formation`) VALUES ('legia', 'Legia', 'Legia Warsaw', 'POL', '-', '4-3-3');
INSERT INTO Club(`club_team_id`, `club_rating`) VALUES ('legia', '2');
INSERT INTO Team(`team_id`, `team_name`, `team_fullname`, `team_country_id`, `team_preferred_jersey`, `team_formation`) VALUES ('wisla', 'Wisla', 'Wisla Krakow TS', 'POL', '-', '4-3-3');
INSERT INTO Club(`club_team_id`, `club_rating`) VALUES ('wisla', '2');
INSERT INTO Team(`team_id`, `team_name`, `team_fullname`, `team_country_id`, `team_preferred_jersey`, `team_formation`) VALUES ('slaviaprague', 'Slavia Praha', 'Slavia Praha SK', 'CZE', '-', '4-3-3');
INSERT INTO Club(`club_team_id`, `club_rating`) VALUES ('slaviaprague', '1');
INSERT INTO Team(`team_id`, `team_name`, `team_fullname`, `team_country_id`, `team_preferred_jersey`, `team_formation`) VALUES ('slovan', 'Slovan Bratislava', 'Slovan Bratislava K', 'SVK', '-', '4-3-3');
INSERT INTO Club(`club_team_id`, `club_rating`) VALUES ('slovan', '2');
INSERT INTO Team(`team_id`, `team_name`, `team_fullname`, `team_country_id`, `team_preferred_jersey`, `team_formation`) VALUES ('spartapraha', 'Sparta Praha', 'Sparta Praha AC', 'CZE', '-', '4-3-3');
INSERT INTO Club(`club_team_id`, `club_rating`) VALUES ('spartapraha', '2');
INSERT INTO Team(`team_id`, `team_name`, `team_fullname`, `team_country_id`, `team_preferred_jersey`, `team_formation`) VALUES ('trnava', 'Spartak Trnava', 'Spartak Trnava', 'SVK', '-', '4-3-3');
INSERT INTO Club(`club_team_id`, `club_rating`) VALUES ('trnava', '1');
INSERT INTO Team(`team_id`, `team_name`, `team_fullname`, `team_country_id`, `team_preferred_jersey`, `team_formation`) VALUES ('viktoriaplzen', 'Viktoria Plzen', 'Viktoria Plzen FC', 'CZE', '-', '4-4-1-1');
INSERT INTO Club(`club_team_id`, `club_rating`) VALUES ('viktoriaplzen', '2');
INSERT INTO Team(`team_id`, `team_name`, `team_fullname`, `team_country_id`, `team_preferred_jersey`, `team_formation`) VALUES ('dinamobatumi', 'Dinamo Batumi', 'Dinamo Batumi FC', 'GEO', '-', '4-3-3');
INSERT INTO Club(`club_team_id`, `club_rating`) VALUES ('dinamobatumi', '1');
INSERT INTO Team(`team_id`, `team_name`, `team_fullname`, `team_country_id`, `team_preferred_jersey`, `team_formation`) VALUES ('dinamotbilisi', 'Dinamo Tbilisi', 'Dinamo Tbilisi FC', 'GEO', '-', '4-3-3');
INSERT INTO Club(`club_team_id`, `club_rating`) VALUES ('dinamotbilisi', '1');
INSERT INTO Team(`team_id`, `team_name`, `team_fullname`, `team_country_id`, `team_preferred_jersey`, `team_formation`) VALUES ('beersheva', 'Hapoel Beer Sheva', 'Hapoel Beer Sheva', 'ISR', '-', '4-3-3');
INSERT INTO Club(`club_team_id`, `club_rating`) VALUES ('beersheva', '2');
INSERT INTO Team(`team_id`, `team_name`, `team_fullname`, `team_country_id`, `team_preferred_jersey`, `team_formation`) VALUES ('beitar', 'Beitar Jerusalem', 'Beitar Jerusalem', 'ISR', '-', '4-3-3');
INSERT INTO Club(`club_team_id`, `club_rating`) VALUES ('beitar', '1');
INSERT INTO Team(`team_id`, `team_name`, `team_fullname`, `team_country_id`, `team_preferred_jersey`, `team_formation`) VALUES ('maccabitelaviv', 'Maccabi Tel Aviv', 'Maccabi Tel Aviv', 'ISR', '-', '4-3-3');
INSERT INTO Club(`club_team_id`, `club_rating`) VALUES ('maccabitelaviv', '2');
INSERT INTO Team(`team_id`, `team_name`, `team_fullname`, `team_country_id`, `team_preferred_jersey`, `team_formation`) VALUES ('neftchi', 'Neftchi', 'Neftchi PFK', 'AZE', '-', '4-3-3');
INSERT INTO Club(`club_team_id`, `club_rating`) VALUES ('neftchi', '1');
INSERT INTO Team(`team_id`, `team_name`, `team_fullname`, `team_country_id`, `team_preferred_jersey`, `team_formation`) VALUES ('pyunik', 'Pyunik', 'Pyunik Yerevan FC', 'ARM', '-', '4-3-3');
INSERT INTO Club(`club_team_id`, `club_rating`) VALUES ('pyunik', '1');
INSERT INTO Team(`team_id`, `team_name`, `team_fullname`, `team_country_id`, `team_preferred_jersey`, `team_formation`) VALUES ('qarabag', 'Qarabag', 'Qarabag FK', 'AZE', '-', '4-3-3');
INSERT INTO Club(`club_team_id`, `club_rating`) VALUES ('qarabag', '2');
INSERT INTO Team(`team_id`, `team_name`, `team_fullname`, `team_country_id`, `team_preferred_jersey`, `team_formation`) VALUES ('flora', 'Flora', 'Flora FC', 'EST', '-', '4-3-3');
INSERT INTO Club(`club_team_id`, `club_rating`) VALUES ('flora', '1');
INSERT INTO Team(`team_id`, `team_name`, `team_fullname`, `team_country_id`, `team_preferred_jersey`, `team_formation`) VALUES ('kalju', 'Kalju', 'Kalju Nomme FC', 'EST', '-', '4-3-3');
INSERT INTO Club(`club_team_id`, `club_rating`) VALUES ('kalju', '1');
INSERT INTO Team(`team_id`, `team_name`, `team_fullname`, `team_country_id`, `team_preferred_jersey`, `team_formation`) VALUES ('levadia', 'Levadia', 'Levadia FCI', 'EST', '-', '4-3-3');
INSERT INTO Club(`club_team_id`, `club_rating`) VALUES ('levadia', '1');
INSERT INTO Team(`team_id`, `team_name`, `team_fullname`, `team_country_id`, `team_preferred_jersey`, `team_formation`) VALUES ('panevezys', 'Panevezys', 'Paneveys FK', 'LTU', '-', '4-3-3');
INSERT INTO Club(`club_team_id`, `club_rating`) VALUES ('panevezys', '1');
INSERT INTO Team(`team_id`, `team_name`, `team_fullname`, `team_country_id`, `team_preferred_jersey`, `team_formation`) VALUES ('rfs', 'RFS', 'RFS', 'LAT', '-', '4-3-3');
INSERT INTO Club(`club_team_id`, `club_rating`) VALUES ('rfs', '1');
INSERT INTO Team(`team_id`, `team_name`, `team_fullname`, `team_country_id`, `team_preferred_jersey`, `team_formation`) VALUES ('riga', 'Riga', 'Riga FC', 'LAT', '-', '4-3-3');
INSERT INTO Club(`club_team_id`, `club_rating`) VALUES ('riga', '2');
INSERT INTO Team(`team_id`, `team_name`, `team_fullname`, `team_country_id`, `team_preferred_jersey`, `team_formation`) VALUES ('suduva', 'Suduva', 'Suduva FK', 'LTU', '-', '4-3-3');
INSERT INTO Club(`club_team_id`, `club_rating`) VALUES ('suduva', '1');
INSERT INTO Team(`team_id`, `team_name`, `team_fullname`, `team_country_id`, `team_preferred_jersey`, `team_formation`) VALUES ('zalgiris', 'Zalgiris', 'algiris FK', 'LTU', '-', '4-3-3');
INSERT INTO Club(`club_team_id`, `club_rating`) VALUES ('zalgiris', '2');
INSERT INTO Team(`team_id`, `team_name`, `team_fullname`, `team_country_id`, `team_preferred_jersey`, `team_formation`) VALUES ('kukesi', 'Kukesi', 'Kukesi FK', 'ALB', '-', '4-3-3');
INSERT INTO Club(`club_team_id`, `club_rating`) VALUES ('kukesi', '1');
INSERT INTO Team(`team_id`, `team_name`, `team_fullname`, `team_country_id`, `team_preferred_jersey`, `team_formation`) VALUES ('rabotnicki', 'Rabotnicki', 'Rabotniki FK', 'MKD', '-', '4-3-3');
INSERT INTO Club(`club_team_id`, `club_rating`) VALUES ('rabotnicki', '1');
INSERT INTO Team(`team_id`, `team_name`, `team_fullname`, `team_country_id`, `team_preferred_jersey`, `team_formation`) VALUES ('shkendija', 'Shkendija', 'Shkendija KF', 'MKD', '-', '4-3-3');
INSERT INTO Club(`club_team_id`, `club_rating`) VALUES ('shkendija', '1');
INSERT INTO Team(`team_id`, `team_name`, `team_fullname`, `team_country_id`, `team_preferred_jersey`, `team_formation`) VALUES ('skenderbeu', 'Skenderbeu', 'Skenderbeu KF', 'ALB', '-', '4-3-3');
INSERT INTO Club(`club_team_id`, `club_rating`) VALUES ('skenderbeu', '1');
INSERT INTO Team(`team_id`, `team_name`, `team_fullname`, `team_country_id`, `team_preferred_jersey`, `team_formation`) VALUES ('tirana', 'Tirana', 'Tirana KF', 'ALB', '-', '4-3-3');
INSERT INTO Club(`club_team_id`, `club_rating`) VALUES ('tirana', '2');
INSERT INTO Team(`team_id`, `team_name`, `team_fullname`, `team_country_id`, `team_preferred_jersey`, `team_formation`) VALUES ('vardar', 'Vardar', 'Vardar Skopje', 'MKD', '-', '4-3-3');
INSERT INTO Club(`club_team_id`, `club_rating`) VALUES ('vardar', '2');
INSERT INTO Team(`team_id`, `team_name`, `team_fullname`, `team_country_id`, `team_preferred_jersey`, `team_formation`) VALUES ('valletta', 'Valletta', 'Valletta FC', 'MLT', '-', '4-3-3');
INSERT INTO Club(`club_team_id`, `club_rating`) VALUES ('valletta', '2');
INSERT INTO Team(`team_id`, `team_name`, `team_fullname`, `team_country_id`, `team_preferred_jersey`, `team_formation`) VALUES ('gziraunited', 'Gzira United', 'Gzira United FC', 'MLT', '-', '4-3-3');
INSERT INTO Club(`club_team_id`, `club_rating`) VALUES ('gziraunited', '1');
INSERT INTO Team(`team_id`, `team_name`, `team_fullname`, `team_country_id`, `team_preferred_jersey`, `team_formation`) VALUES ('boca', 'Boca Juniors', 'Boca Juniors CA', 'ARG', '-', '4-3-3');
INSERT INTO Club(`club_team_id`, `club_rating`) VALUES ('boca', '3');
INSERT INTO Team(`team_id`, `team_name`, `team_fullname`, `team_country_id`, `team_preferred_jersey`, `team_formation`) VALUES ('racing', 'Racing', 'Racing Club de Avellaneda', 'ARG', '-', '4-3-3');
INSERT INTO Club(`club_team_id`, `club_rating`) VALUES ('racing', '3');
INSERT INTO Team(`team_id`, `team_name`, `team_fullname`, `team_country_id`, `team_preferred_jersey`, `team_formation`) VALUES ('riverplate', 'River Plate', 'Club Atletico River Plate', 'ARG', '-', '4-3-3');
INSERT INTO Club(`club_team_id`, `club_rating`) VALUES ('riverplate', '3');
INSERT INTO Team(`team_id`, `team_name`, `team_fullname`, `team_country_id`, `team_preferred_jersey`, `team_formation`) VALUES ('estudiantes', 'Estudiantes', 'Estudiantes de La Plata', 'ARG', '-', '4-3-3');
INSERT INTO Club(`club_team_id`, `club_rating`) VALUES ('estudiantes', '2');
INSERT INTO Team(`team_id`, `team_name`, `team_fullname`, `team_country_id`, `team_preferred_jersey`, `team_formation`) VALUES ('independiente', 'Independiente', 'Club Atletico Independiente', 'ARG', '-', '4-3-3');
INSERT INTO Club(`club_team_id`, `club_rating`) VALUES ('independiente', '2');
INSERT INTO Team(`team_id`, `team_name`, `team_fullname`, `team_country_id`, `team_preferred_jersey`, `team_formation`) VALUES ('sanlorenzo', 'San Lorenzo', 'CA San Lorenzo de Almagro', 'ARG', '-', '4-3-3');
INSERT INTO Club(`club_team_id`, `club_rating`) VALUES ('sanlorenzo', '2');
INSERT INTO Team(`team_id`, `team_name`, `team_fullname`, `team_country_id`, `team_preferred_jersey`, `team_formation`) VALUES ('velezsarsfield', 'Velez Sarsfield', 'CA Velez Sarsfield', 'ARG', '-', '4-3-3');
INSERT INTO Club(`club_team_id`, `club_rating`) VALUES ('velezsarsfield', '2');
INSERT INTO Team(`team_id`, `team_name`, `team_fullname`, `team_country_id`, `team_preferred_jersey`, `team_formation`) VALUES ('talleres', 'Talleres', 'CA Talleres de Cordoba', 'ARG', '-', '4-3-3');
INSERT INTO Club(`club_team_id`, `club_rating`) VALUES ('talleres', '2');
INSERT INTO Team(`team_id`, `team_name`, `team_fullname`, `team_country_id`, `team_preferred_jersey`, `team_formation`) VALUES ('corinthians', 'Corinthians', 'Corinthians Paulista SC', 'BRA', '-', '4-3-3');
INSERT INTO Club(`club_team_id`, `club_rating`) VALUES ('corinthians', '3');
INSERT INTO Team(`team_id`, `team_name`, `team_fullname`, `team_country_id`, `team_preferred_jersey`, `team_formation`) VALUES ('gremio', 'Gremio', 'Grmio Foot-Ball Porto Alegrense', 'BRA', '-', '4-3-3');
INSERT INTO Club(`club_team_id`, `club_rating`) VALUES ('gremio', '3');
INSERT INTO Team(`team_id`, `team_name`, `team_fullname`, `team_country_id`, `team_preferred_jersey`, `team_formation`) VALUES ('palmeiras', 'Palmeiras', 'Palmeiras SE', 'BRA', '-', '4-3-3');
INSERT INTO Club(`club_team_id`, `club_rating`) VALUES ('palmeiras', '3');
INSERT INTO Team(`team_id`, `team_name`, `team_fullname`, `team_country_id`, `team_preferred_jersey`, `team_formation`) VALUES ('saopaulo', 'Sao Paulo', 'Sao Paulo FC', 'BRA', '-', '4-3-3');
INSERT INTO Club(`club_team_id`, `club_rating`) VALUES ('saopaulo', '3');
INSERT INTO Team(`team_id`, `team_name`, `team_fullname`, `team_country_id`, `team_preferred_jersey`, `team_formation`) VALUES ('santos', 'Santos', 'Santos FC', 'BRA', '-', '4-3-3');
INSERT INTO Club(`club_team_id`, `club_rating`) VALUES ('santos', '3');
INSERT INTO Team(`team_id`, `team_name`, `team_fullname`, `team_country_id`, `team_preferred_jersey`, `team_formation`) VALUES ('botafogo', 'Botafogo', 'Botafogo de Futebol e Regatas', 'BRA', '-', '4-3-3');
INSERT INTO Club(`club_team_id`, `club_rating`) VALUES ('botafogo', '2');
INSERT INTO Team(`team_id`, `team_name`, `team_fullname`, `team_country_id`, `team_preferred_jersey`, `team_formation`) VALUES ('flamengo', 'Flamengo', 'Flamengo CR', 'BRA', '-', '4-3-3');
INSERT INTO Club(`club_team_id`, `club_rating`) VALUES ('flamengo', '2');
INSERT INTO Team(`team_id`, `team_name`, `team_fullname`, `team_country_id`, `team_preferred_jersey`, `team_formation`) VALUES ('fluminense', 'Fluminense', 'Fluminense FC', 'BRA', '-', '4-3-3');
INSERT INTO Club(`club_team_id`, `club_rating`) VALUES ('fluminense', '2');
INSERT INTO Team(`team_id`, `team_name`, `team_fullname`, `team_country_id`, `team_preferred_jersey`, `team_formation`) VALUES ('cruzeiro', 'Cruzeiro', 'Cruzeiro Esporte Clube', 'BRA', '-', '4-3-3');
INSERT INTO Club(`club_team_id`, `club_rating`) VALUES ('cruzeiro', '2');
INSERT INTO Team(`team_id`, `team_name`, `team_fullname`, `team_country_id`, `team_preferred_jersey`, `team_formation`) VALUES ('internacional', 'Internacional', 'Internacional SC', 'BRA', '-', '4-3-3');
INSERT INTO Club(`club_team_id`, `club_rating`) VALUES ('internacional', '2');
INSERT INTO Team(`team_id`, `team_name`, `team_fullname`, `team_country_id`, `team_preferred_jersey`, `team_formation`) VALUES ('wolfsburg', 'Wolfsburg', 'Wolfsburg Vfl', 'GER', '-', '4-3-3');
INSERT INTO Club(`club_team_id`, `club_rating`) VALUES ('wolfsburg', '2');
INSERT INTO Team(`team_id`, `team_name`, `team_fullname`, `team_country_id`, `team_preferred_jersey`, `team_formation`) VALUES ('fortuna', 'Fortuna Dusseldorf', 'Fortuna Dusseldorf 1895', 'GER', 'dark', '4-4-2');
INSERT INTO Club(`club_team_id`, `club_rating`) VALUES ('fortuna', '2');
INSERT INTO Team(`team_id`, `team_name`, `team_fullname`, `team_country_id`, `team_preferred_jersey`, `team_formation`) VALUES ('hertha', 'Hertha', 'Hertha BSC', 'GER', 'light', '4-3-3');
INSERT INTO Club(`club_team_id`, `club_rating`) VALUES ('hertha', '2');
INSERT INTO Team(`team_id`, `team_name`, `team_fullname`, `team_country_id`, `team_preferred_jersey`, `team_formation`) VALUES ('augsburg', 'Augsburg', 'Augsburg FC', 'GER', '-', '4-3-3');
INSERT INTO Club(`club_team_id`, `club_rating`) VALUES ('augsburg', '2');
INSERT INTO Team(`team_id`, `team_name`, `team_fullname`, `team_country_id`, `team_preferred_jersey`, `team_formation`) VALUES ('bochum', 'Bochum', 'Bochum 1848 VfL', 'GER', '-', '4-3-3');
INSERT INTO Club(`club_team_id`, `club_rating`) VALUES ('bochum', '2');
INSERT INTO Team(`team_id`, `team_name`, `team_fullname`, `team_country_id`, `team_preferred_jersey`, `team_formation`) VALUES ('freiburg', 'Freiburg', 'Freiburg SC', 'GER', '-', '4-3-3');
INSERT INTO Club(`club_team_id`, `club_rating`) VALUES ('freiburg', '2');
INSERT INTO Team(`team_id`, `team_name`, `team_fullname`, `team_country_id`, `team_preferred_jersey`, `team_formation`) VALUES ('mainz', 'Mainz 05', 'Mainz 05 1. FSV', 'GER', '-', '4-3-3');
INSERT INTO Club(`club_team_id`, `club_rating`) VALUES ('mainz', '2');
INSERT INTO Team(`team_id`, `team_name`, `team_fullname`, `team_country_id`, `team_preferred_jersey`, `team_formation`) VALUES ('unionberlin', 'Union Berlin', 'Union Berlin 1. FC', 'GER', 'dark', '4-3-3');
INSERT INTO Club(`club_team_id`, `club_rating`) VALUES ('unionberlin', '2');
INSERT INTO Team(`team_id`, `team_name`, `team_fullname`, `team_country_id`, `team_preferred_jersey`, `team_formation`) VALUES ('granada', 'Granada', 'Granada CF', 'ESP', 'dark', '4-3-3');
INSERT INTO Club(`club_team_id`, `club_rating`) VALUES ('granada', '2');
INSERT INTO Team(`team_id`, `team_name`, `team_fullname`, `team_country_id`, `team_preferred_jersey`, `team_formation`) VALUES ('celtavigo', 'Celta Vigo', 'Celta Vigo RC', 'ESP', '-', '4-3-3');
INSERT INTO Club(`club_team_id`, `club_rating`) VALUES ('celtavigo', '2');
INSERT INTO Team(`team_id`, `team_name`, `team_fullname`, `team_country_id`, `team_preferred_jersey`, `team_formation`) VALUES ('elche', 'Elche', 'Elche CF', 'ESP', '-', '4-3-3');
INSERT INTO Club(`club_team_id`, `club_rating`) VALUES ('elche', '2');
INSERT INTO Team(`team_id`, `team_name`, `team_fullname`, `team_country_id`, `team_preferred_jersey`, `team_formation`) VALUES ('espanyol', 'Espanyol', 'Espanyol RCD', 'ESP', 'light', '3-4-1-2');
INSERT INTO Club(`club_team_id`, `club_rating`) VALUES ('espanyol', '2');
INSERT INTO Team(`team_id`, `team_name`, `team_fullname`, `team_country_id`, `team_preferred_jersey`, `team_formation`) VALUES ('girona', 'Girona', 'Girona FC', 'ESP', '-', '4-3-3');
INSERT INTO Club(`club_team_id`, `club_rating`) VALUES ('girona', '2');
INSERT INTO Team(`team_id`, `team_name`, `team_fullname`, `team_country_id`, `team_preferred_jersey`, `team_formation`) VALUES ('mallorca', 'Mallorca', 'Mallorca RCD', 'ESP', '-', '4-3-3');
INSERT INTO Club(`club_team_id`, `club_rating`) VALUES ('mallorca', '2');
INSERT INTO Team(`team_id`, `team_name`, `team_fullname`, `team_country_id`, `team_preferred_jersey`, `team_formation`) VALUES ('osasuna', 'Osasuna', 'Osasuna CA', 'ESP', '-', '4-3-3');
INSERT INTO Club(`club_team_id`, `club_rating`) VALUES ('osasuna', '2');
INSERT INTO Team(`team_id`, `team_name`, `team_fullname`, `team_country_id`, `team_preferred_jersey`, `team_formation`) VALUES ('valladolid', 'Real Valladolid', 'Real Valladolid CF', 'ESP', '-', '4-3-3');
INSERT INTO Club(`club_team_id`, `club_rating`) VALUES ('valladolid', '2');
INSERT INTO Team(`team_id`, `team_name`, `team_fullname`, `team_country_id`, `team_preferred_jersey`, `team_formation`) VALUES ('angers', 'Angers', 'Angers SCO', 'FRA', 'light', '4-3-3');
INSERT INTO Club(`club_team_id`, `club_rating`) VALUES ('angers', '2');
INSERT INTO Team(`team_id`, `team_name`, `team_fullname`, `team_country_id`, `team_preferred_jersey`, `team_formation`) VALUES ('nantes', 'Nantes', 'Nantes FC', 'FRA', 'light', '4-2-1-3');
INSERT INTO Club(`club_team_id`, `club_rating`) VALUES ('nantes', '2');
INSERT INTO Team(`team_id`, `team_name`, `team_fullname`, `team_country_id`, `team_preferred_jersey`, `team_formation`) VALUES ('sochaux', 'Souchaux', 'Souchaux-Montbeliard FC', 'FRA', '-', '4-2-1-3');
INSERT INTO Club(`club_team_id`, `club_rating`) VALUES ('sochaux', '2');
INSERT INTO Team(`team_id`, `team_name`, `team_fullname`, `team_country_id`, `team_preferred_jersey`, `team_formation`) VALUES ('toulouse', 'Toulouse', 'Toulouse FC', 'FRA', 'dark', '4-2-1-3');
INSERT INTO Club(`club_team_id`, `club_rating`) VALUES ('toulouse', '2');
INSERT INTO Team(`team_id`, `team_name`, `team_fullname`, `team_country_id`, `team_preferred_jersey`, `team_formation`) VALUES ('parisfc', 'Paris', 'Paris FC', 'FRA', 'light', '4-3-3');
INSERT INTO Club(`club_team_id`, `club_rating`) VALUES ('parisfc', '2');
INSERT INTO Team(`team_id`, `team_name`, `team_fullname`, `team_country_id`, `team_preferred_jersey`, `team_formation`) VALUES ('reims', 'Reims', 'Stade de Reims', 'FRA', 'dark', '4-2-1-3');
INSERT INTO Club(`club_team_id`, `club_rating`) VALUES ('reims', '2');
INSERT INTO Team(`team_id`, `team_name`, `team_fullname`, `team_country_id`, `team_preferred_jersey`, `team_formation`) VALUES ('rennais', 'Rennais', 'Stade Rennais FC', 'FRA', 'dark', '4-3-3');
INSERT INTO Club(`club_team_id`, `club_rating`) VALUES ('rennais', '2');
INSERT INTO Team(`team_id`, `team_name`, `team_fullname`, `team_country_id`, `team_preferred_jersey`, `team_formation`) VALUES ('auxerre', 'Auxerre', 'Auxerre AJ', 'FRA', '-', '4-3-3');
INSERT INTO Club(`club_team_id`, `club_rating`) VALUES ('auxerre', '2');
INSERT INTO Team(`team_id`, `team_name`, `team_fullname`, `team_country_id`, `team_preferred_jersey`, `team_formation`) VALUES ('chievo', 'Chievo', 'Chievo Verona AC', 'ITA', 'light', '4-3-3');
INSERT INTO Club(`club_team_id`, `club_rating`) VALUES ('chievo', '2');
INSERT INTO Team(`team_id`, `team_name`, `team_fullname`, `team_country_id`, `team_preferred_jersey`, `team_formation`) VALUES ('palermo', 'Palermo', 'Palermo FC', 'ITA', 'light', '4-3-3');
INSERT INTO Club(`club_team_id`, `club_rating`) VALUES ('palermo', '2');
INSERT INTO Team(`team_id`, `team_name`, `team_fullname`, `team_country_id`, `team_preferred_jersey`, `team_formation`) VALUES ('parma', 'Parma', 'Parma Calcio 1913', 'ITA', 'light', '3-5-2');
INSERT INTO Club(`club_team_id`, `club_rating`) VALUES ('parma', '2');
INSERT INTO Team(`team_id`, `team_name`, `team_fullname`, `team_country_id`, `team_preferred_jersey`, `team_formation`) VALUES ('empoli', 'Empoli', 'Empoli FC', 'ITA', 'dark', '4-4-2');
INSERT INTO Club(`club_team_id`, `club_rating`) VALUES ('empoli', '2');
INSERT INTO Team(`team_id`, `team_name`, `team_fullname`, `team_country_id`, `team_preferred_jersey`, `team_formation`) VALUES ('genoa', 'Genoa', 'Genoa CFC', 'ITA', '-', '4-3-3');
INSERT INTO Club(`club_team_id`, `club_rating`) VALUES ('genoa', '2');
INSERT INTO Team(`team_id`, `team_name`, `team_fullname`, `team_country_id`, `team_preferred_jersey`, `team_formation`) VALUES ('lecce', 'Lecce', 'Lecce US', 'ITA', '-', '4-3-3');
INSERT INTO Club(`club_team_id`, `club_rating`) VALUES ('lecce', '2');
INSERT INTO Team(`team_id`, `team_name`, `team_fullname`, `team_country_id`, `team_preferred_jersey`, `team_formation`) VALUES ('monza', 'Monza', 'Monza AC', 'ITA', '-', '4-3-3');
INSERT INTO Club(`club_team_id`, `club_rating`) VALUES ('monza', '2');
INSERT INTO Team(`team_id`, `team_name`, `team_fullname`, `team_country_id`, `team_preferred_jersey`, `team_formation`) VALUES ('verona', 'Verona', 'Hellas Verona FC', 'ITA', '-', '4-3-3');
INSERT INTO Club(`club_team_id`, `club_rating`) VALUES ('verona', '2');

INSERT INTO LeagueParticipant(`leagueparticipant_leagueseason_id`, `leagueparticipant_team_id`) VALUES (1, 'arsenal');
INSERT INTO LeagueParticipant(`leagueparticipant_leagueseason_id`, `leagueparticipant_team_id`) VALUES (1, 'astonvilla');
INSERT INTO LeagueParticipant(`leagueparticipant_leagueseason_id`, `leagueparticipant_team_id`) VALUES (1, 'chelsea');
INSERT INTO LeagueParticipant(`leagueparticipant_leagueseason_id`, `leagueparticipant_team_id`) VALUES (1, 'crystalpalace');
INSERT INTO LeagueParticipant(`leagueparticipant_leagueseason_id`, `leagueparticipant_team_id`) VALUES (1, 'everton');
INSERT INTO LeagueParticipant(`leagueparticipant_leagueseason_id`, `leagueparticipant_team_id`) VALUES (1, 'fulham');
INSERT INTO LeagueParticipant(`leagueparticipant_leagueseason_id`, `leagueparticipant_team_id`) VALUES (1, 'stoke');
INSERT INTO LeagueParticipant(`leagueparticipant_leagueseason_id`, `leagueparticipant_team_id`) VALUES (1, 'liverpool');
INSERT INTO LeagueParticipant(`leagueparticipant_leagueseason_id`, `leagueparticipant_team_id`) VALUES (1, 'manchestercity');
INSERT INTO LeagueParticipant(`leagueparticipant_leagueseason_id`, `leagueparticipant_team_id`) VALUES (1, 'manchesterunited');
INSERT INTO LeagueParticipant(`leagueparticipant_leagueseason_id`, `leagueparticipant_team_id`) VALUES (1, 'newcastle');
INSERT INTO LeagueParticipant(`leagueparticipant_leagueseason_id`, `leagueparticipant_team_id`) VALUES (1, 'qpr');
INSERT INTO LeagueParticipant(`leagueparticipant_leagueseason_id`, `leagueparticipant_team_id`) VALUES (1, 'southampton');
INSERT INTO LeagueParticipant(`leagueparticipant_leagueseason_id`, `leagueparticipant_team_id`) VALUES (1, 'tottenham');
INSERT INTO LeagueParticipant(`leagueparticipant_leagueseason_id`, `leagueparticipant_team_id`) VALUES (2, 'bologna');
INSERT INTO LeagueParticipant(`leagueparticipant_leagueseason_id`, `leagueparticipant_team_id`) VALUES (2, 'fiorentina');
INSERT INTO LeagueParticipant(`leagueparticipant_leagueseason_id`, `leagueparticipant_team_id`) VALUES (2, 'inter');
INSERT INTO LeagueParticipant(`leagueparticipant_leagueseason_id`, `leagueparticipant_team_id`) VALUES (2, 'juventus');
INSERT INTO LeagueParticipant(`leagueparticipant_leagueseason_id`, `leagueparticipant_team_id`) VALUES (2, 'lazio');
INSERT INTO LeagueParticipant(`leagueparticipant_leagueseason_id`, `leagueparticipant_team_id`) VALUES (2, 'milan');
INSERT INTO LeagueParticipant(`leagueparticipant_leagueseason_id`, `leagueparticipant_team_id`) VALUES (2, 'napoli');
INSERT INTO LeagueParticipant(`leagueparticipant_leagueseason_id`, `leagueparticipant_team_id`) VALUES (2, 'roma');
INSERT INTO LeagueParticipant(`leagueparticipant_leagueseason_id`, `leagueparticipant_team_id`) VALUES (2, 'sampdoria');
INSERT INTO LeagueParticipant(`leagueparticipant_leagueseason_id`, `leagueparticipant_team_id`) VALUES (2, 'sassuolo');
INSERT INTO LeagueParticipant(`leagueparticipant_leagueseason_id`, `leagueparticipant_team_id`) VALUES (2, 'torino');
INSERT INTO LeagueParticipant(`leagueparticipant_leagueseason_id`, `leagueparticipant_team_id`) VALUES (2, 'udinese');
INSERT INTO LeagueParticipant(`leagueparticipant_leagueseason_id`, `leagueparticipant_team_id`) VALUES (3, 'bilbao');
INSERT INTO LeagueParticipant(`leagueparticipant_leagueseason_id`, `leagueparticipant_team_id`) VALUES (3, 'atleticodemadrid');
INSERT INTO LeagueParticipant(`leagueparticipant_leagueseason_id`, `leagueparticipant_team_id`) VALUES (3, 'barcelona');
INSERT INTO LeagueParticipant(`leagueparticipant_leagueseason_id`, `leagueparticipant_team_id`) VALUES (3, 'deportivocoruna');
INSERT INTO LeagueParticipant(`leagueparticipant_leagueseason_id`, `leagueparticipant_team_id`) VALUES (3, 'getafe');
INSERT INTO LeagueParticipant(`leagueparticipant_leagueseason_id`, `leagueparticipant_team_id`) VALUES (3, 'malaga');
INSERT INTO LeagueParticipant(`leagueparticipant_leagueseason_id`, `leagueparticipant_team_id`) VALUES (3, 'betis');
INSERT INTO LeagueParticipant(`leagueparticipant_leagueseason_id`, `leagueparticipant_team_id`) VALUES (3, 'realmadrid');
INSERT INTO LeagueParticipant(`leagueparticipant_leagueseason_id`, `leagueparticipant_team_id`) VALUES (3, 'realsociedad');
INSERT INTO LeagueParticipant(`leagueparticipant_leagueseason_id`, `leagueparticipant_team_id`) VALUES (3, 'sevilla');
INSERT INTO LeagueParticipant(`leagueparticipant_leagueseason_id`, `leagueparticipant_team_id`) VALUES (3, 'valencia');
INSERT INTO LeagueParticipant(`leagueparticipant_leagueseason_id`, `leagueparticipant_team_id`) VALUES (3, 'villarreal');
INSERT INTO LeagueParticipant(`leagueparticipant_leagueseason_id`, `leagueparticipant_team_id`) VALUES (4, 'bayerleverkusen');
INSERT INTO LeagueParticipant(`leagueparticipant_leagueseason_id`, `leagueparticipant_team_id`) VALUES (4, 'bayern');
INSERT INTO LeagueParticipant(`leagueparticipant_leagueseason_id`, `leagueparticipant_team_id`) VALUES (4, 'dortmund');
INSERT INTO LeagueParticipant(`leagueparticipant_leagueseason_id`, `leagueparticipant_team_id`) VALUES (4, 'gladbach');
INSERT INTO LeagueParticipant(`leagueparticipant_leagueseason_id`, `leagueparticipant_team_id`) VALUES (4, 'hsv');
INSERT INTO LeagueParticipant(`leagueparticipant_leagueseason_id`, `leagueparticipant_team_id`) VALUES (4, 'hannover');
INSERT INTO LeagueParticipant(`leagueparticipant_leagueseason_id`, `leagueparticipant_team_id`) VALUES (4, 'hoffenheim');
INSERT INTO LeagueParticipant(`leagueparticipant_leagueseason_id`, `leagueparticipant_team_id`) VALUES (4, 'koln');
INSERT INTO LeagueParticipant(`leagueparticipant_leagueseason_id`, `leagueparticipant_team_id`) VALUES (4, 'schalke');
INSERT INTO LeagueParticipant(`leagueparticipant_leagueseason_id`, `leagueparticipant_team_id`) VALUES (4, 'stuttgart');
INSERT INTO LeagueParticipant(`leagueparticipant_leagueseason_id`, `leagueparticipant_team_id`) VALUES (4, 'werder');
INSERT INTO LeagueParticipant(`leagueparticipant_leagueseason_id`, `leagueparticipant_team_id`) VALUES (4, 'eintracht');
INSERT INTO LeagueParticipant(`leagueparticipant_leagueseason_id`, `leagueparticipant_team_id`) VALUES (5, 'asse');
INSERT INTO LeagueParticipant(`leagueparticipant_leagueseason_id`, `leagueparticipant_team_id`) VALUES (5, 'bordeaux');
INSERT INTO LeagueParticipant(`leagueparticipant_leagueseason_id`, `leagueparticipant_team_id`) VALUES (5, 'lille');
INSERT INTO LeagueParticipant(`leagueparticipant_leagueseason_id`, `leagueparticipant_team_id`) VALUES (5, 'monaco');
INSERT INTO LeagueParticipant(`leagueparticipant_leagueseason_id`, `leagueparticipant_team_id`) VALUES (5, 'montpellier');
INSERT INTO LeagueParticipant(`leagueparticipant_leagueseason_id`, `leagueparticipant_team_id`) VALUES (5, 'nice');
INSERT INTO LeagueParticipant(`leagueparticipant_leagueseason_id`, `leagueparticipant_team_id`) VALUES (5, 'lyon');
INSERT INTO LeagueParticipant(`leagueparticipant_leagueseason_id`, `leagueparticipant_team_id`) VALUES (5, 'marseille');
INSERT INTO LeagueParticipant(`leagueparticipant_leagueseason_id`, `leagueparticipant_team_id`) VALUES (5, 'psg');
INSERT INTO LeagueParticipant(`leagueparticipant_leagueseason_id`, `leagueparticipant_team_id`) VALUES (5, 'strasbourg');
INSERT INTO LeagueParticipant(`leagueparticipant_leagueseason_id`, `leagueparticipant_team_id`) VALUES (6, 'ajax');
INSERT INTO LeagueParticipant(`leagueparticipant_leagueseason_id`, `leagueparticipant_team_id`) VALUES (6, 'rsca');
INSERT INTO LeagueParticipant(`leagueparticipant_leagueseason_id`, `leagueparticipant_team_id`) VALUES (6, 'antwerp');
INSERT INTO LeagueParticipant(`leagueparticipant_leagueseason_id`, `leagueparticipant_team_id`) VALUES (6, 'az');
INSERT INTO LeagueParticipant(`leagueparticipant_leagueseason_id`, `leagueparticipant_team_id`) VALUES (6, 'cerclebrugge');
INSERT INTO LeagueParticipant(`leagueparticipant_leagueseason_id`, `leagueparticipant_team_id`) VALUES (6, 'clubbrugge');
INSERT INTO LeagueParticipant(`leagueparticipant_leagueseason_id`, `leagueparticipant_team_id`) VALUES (6, 'feyenoord');
INSERT INTO LeagueParticipant(`leagueparticipant_leagueseason_id`, `leagueparticipant_team_id`) VALUES (6, 'genk');
INSERT INTO LeagueParticipant(`leagueparticipant_leagueseason_id`, `leagueparticipant_team_id`) VALUES (6, 'psv');
INSERT INTO LeagueParticipant(`leagueparticipant_leagueseason_id`, `leagueparticipant_team_id`) VALUES (6, 'standard');
INSERT INTO LeagueParticipant(`leagueparticipant_leagueseason_id`, `leagueparticipant_team_id`) VALUES (6, 'twente');
INSERT INTO LeagueParticipant(`leagueparticipant_leagueseason_id`, `leagueparticipant_team_id`) VALUES (6, 'dudelange');
INSERT INTO LeagueParticipant(`leagueparticipant_leagueseason_id`, `leagueparticipant_team_id`) VALUES (7, 'benfica');
INSERT INTO LeagueParticipant(`leagueparticipant_leagueseason_id`, `leagueparticipant_team_id`) VALUES (7, 'braga');
INSERT INTO LeagueParticipant(`leagueparticipant_leagueseason_id`, `leagueparticipant_team_id`) VALUES (7, 'portimonense');
INSERT INTO LeagueParticipant(`leagueparticipant_leagueseason_id`, `leagueparticipant_team_id`) VALUES (7, 'porto');
INSERT INTO LeagueParticipant(`leagueparticipant_leagueseason_id`, `leagueparticipant_team_id`) VALUES (7, 'santaclara');
INSERT INTO LeagueParticipant(`leagueparticipant_leagueseason_id`, `leagueparticipant_team_id`) VALUES (7, 'sportinglisabon');
INSERT INTO LeagueParticipant(`leagueparticipant_leagueseason_id`, `leagueparticipant_team_id`) VALUES (7, 'tondela');
INSERT INTO LeagueParticipant(`leagueparticipant_leagueseason_id`, `leagueparticipant_team_id`) VALUES (7, 'guimaraes');
INSERT INTO LeagueParticipant(`leagueparticipant_leagueseason_id`, `leagueparticipant_team_id`) VALUES (8, 'austriawien');
INSERT INTO LeagueParticipant(`leagueparticipant_leagueseason_id`, `leagueparticipant_team_id`) VALUES (8, 'basel');
INSERT INTO LeagueParticipant(`leagueparticipant_leagueseason_id`, `leagueparticipant_team_id`) VALUES (8, 'lask');
INSERT INTO LeagueParticipant(`leagueparticipant_leagueseason_id`, `leagueparticipant_team_id`) VALUES (8, 'rapidwien');
INSERT INTO LeagueParticipant(`leagueparticipant_leagueseason_id`, `leagueparticipant_team_id`) VALUES (8, 'salzburg');
INSERT INTO LeagueParticipant(`leagueparticipant_leagueseason_id`, `leagueparticipant_team_id`) VALUES (8, 'stgallen');
INSERT INTO LeagueParticipant(`leagueparticipant_leagueseason_id`, `leagueparticipant_team_id`) VALUES (8, 'sturmgraz');
INSERT INTO LeagueParticipant(`leagueparticipant_leagueseason_id`, `leagueparticipant_team_id`) VALUES (8, 'vaduz');
INSERT INTO LeagueParticipant(`leagueparticipant_leagueseason_id`, `leagueparticipant_team_id`) VALUES (8, 'youngboys');
INSERT INTO LeagueParticipant(`leagueparticipant_leagueseason_id`, `leagueparticipant_team_id`) VALUES (8, 'zurich');
INSERT INTO LeagueParticipant(`leagueparticipant_leagueseason_id`, `leagueparticipant_team_id`) VALUES (9, 'cskamoscow');
INSERT INTO LeagueParticipant(`leagueparticipant_leagueseason_id`, `leagueparticipant_team_id`) VALUES (9, 'dynamomoscow');
INSERT INTO LeagueParticipant(`leagueparticipant_leagueseason_id`, `leagueparticipant_team_id`) VALUES (9, 'krasnodar');
INSERT INTO LeagueParticipant(`leagueparticipant_leagueseason_id`, `leagueparticipant_team_id`) VALUES (9, 'lokomotivmoscow');
INSERT INTO LeagueParticipant(`leagueparticipant_leagueseason_id`, `leagueparticipant_team_id`) VALUES (9, 'nizhniy');
INSERT INTO LeagueParticipant(`leagueparticipant_leagueseason_id`, `leagueparticipant_team_id`) VALUES (9, 'rostov');
INSERT INTO LeagueParticipant(`leagueparticipant_leagueseason_id`, `leagueparticipant_team_id`) VALUES (9, 'rubinkazan');
INSERT INTO LeagueParticipant(`leagueparticipant_leagueseason_id`, `leagueparticipant_team_id`) VALUES (9, 'samara');
INSERT INTO LeagueParticipant(`leagueparticipant_leagueseason_id`, `leagueparticipant_team_id`) VALUES (9, 'spartakmoscow');
INSERT INTO LeagueParticipant(`leagueparticipant_leagueseason_id`, `leagueparticipant_team_id`) VALUES (9, 'zenit');
INSERT INTO LeagueParticipant(`leagueparticipant_leagueseason_id`, `leagueparticipant_team_id`) VALUES (10, 'antalyaspor');
INSERT INTO LeagueParticipant(`leagueparticipant_leagueseason_id`, `leagueparticipant_team_id`) VALUES (10, 'basaksehir');
INSERT INTO LeagueParticipant(`leagueparticipant_leagueseason_id`, `leagueparticipant_team_id`) VALUES (10, 'besiktas');
INSERT INTO LeagueParticipant(`leagueparticipant_leagueseason_id`, `leagueparticipant_team_id`) VALUES (10, 'bursaspor');
INSERT INTO LeagueParticipant(`leagueparticipant_leagueseason_id`, `leagueparticipant_team_id`) VALUES (10, 'fenerbahce');
INSERT INTO LeagueParticipant(`leagueparticipant_leagueseason_id`, `leagueparticipant_team_id`) VALUES (10, 'galatasaray');
INSERT INTO LeagueParticipant(`leagueparticipant_leagueseason_id`, `leagueparticipant_team_id`) VALUES (10, 'konyaspor');
INSERT INTO LeagueParticipant(`leagueparticipant_leagueseason_id`, `leagueparticipant_team_id`) VALUES (10, 'trabzonspor');
INSERT INTO LeagueParticipant(`leagueparticipant_leagueseason_id`, `leagueparticipant_team_id`) VALUES (11, 'aik');
INSERT INTO LeagueParticipant(`leagueparticipant_leagueseason_id`, `leagueparticipant_team_id`) VALUES (11, 'vikingur');
INSERT INTO LeagueParticipant(`leagueparticipant_leagueseason_id`, `leagueparticipant_team_id`) VALUES (11, 'copenhagen');
INSERT INTO LeagueParticipant(`leagueparticipant_leagueseason_id`, `leagueparticipant_team_id`) VALUES (11, 'nordsjaelland');
INSERT INTO LeagueParticipant(`leagueparticipant_leagueseason_id`, `leagueparticipant_team_id`) VALUES (11, 'hammarby');
INSERT INTO LeagueParticipant(`leagueparticipant_leagueseason_id`, `leagueparticipant_team_id`) VALUES (11, 'hjk');
INSERT INTO LeagueParticipant(`leagueparticipant_leagueseason_id`, `leagueparticipant_team_id`) VALUES (11, 'malmo');
INSERT INTO LeagueParticipant(`leagueparticipant_leagueseason_id`, `leagueparticipant_team_id`) VALUES (11, 'midtjylland');
INSERT INTO LeagueParticipant(`leagueparticipant_leagueseason_id`, `leagueparticipant_team_id`) VALUES (11, 'molde');
INSERT INTO LeagueParticipant(`leagueparticipant_leagueseason_id`, `leagueparticipant_team_id`) VALUES (11, 'sarpsborg');
INSERT INTO LeagueParticipant(`leagueparticipant_leagueseason_id`, `leagueparticipant_team_id`) VALUES (11, 'rosenborg');
INSERT INTO LeagueParticipant(`leagueparticipant_leagueseason_id`, `leagueparticipant_team_id`) VALUES (11, 'klaksvik');
INSERT INTO LeagueParticipant(`leagueparticipant_leagueseason_id`, `leagueparticipant_team_id`) VALUES (12, 'aek');
INSERT INTO LeagueParticipant(`leagueparticipant_leagueseason_id`, `leagueparticipant_team_id`) VALUES (12, 'apoel');
INSERT INTO LeagueParticipant(`leagueparticipant_leagueseason_id`, `leagueparticipant_team_id`) VALUES (12, 'apollon');
INSERT INTO LeagueParticipant(`leagueparticipant_leagueseason_id`, `leagueparticipant_team_id`) VALUES (12, 'aris');
INSERT INTO LeagueParticipant(`leagueparticipant_leagueseason_id`, `leagueparticipant_team_id`) VALUES (12, 'olympiacos');
INSERT INTO LeagueParticipant(`leagueparticipant_leagueseason_id`, `leagueparticipant_team_id`) VALUES (12, 'anorthosis');
INSERT INTO LeagueParticipant(`leagueparticipant_leagueseason_id`, `leagueparticipant_team_id`) VALUES (12, 'panathinaikos');
INSERT INTO LeagueParticipant(`leagueparticipant_leagueseason_id`, `leagueparticipant_team_id`) VALUES (12, 'paok');
INSERT INTO LeagueParticipant(`leagueparticipant_leagueseason_id`, `leagueparticipant_team_id`) VALUES (13, 'cardiff');
INSERT INTO LeagueParticipant(`leagueparticipant_leagueseason_id`, `leagueparticipant_team_id`) VALUES (13, 'celtic');
INSERT INTO LeagueParticipant(`leagueparticipant_leagueseason_id`, `leagueparticipant_team_id`) VALUES (13, 'dundalk');
INSERT INTO LeagueParticipant(`leagueparticipant_leagueseason_id`, `leagueparticipant_team_id`) VALUES (13, 'hearts');
INSERT INTO LeagueParticipant(`leagueparticipant_leagueseason_id`, `leagueparticipant_team_id`) VALUES (13, 'larne');
INSERT INTO LeagueParticipant(`leagueparticipant_leagueseason_id`, `leagueparticipant_team_id`) VALUES (13, 'newtown');
INSERT INTO LeagueParticipant(`leagueparticipant_leagueseason_id`, `leagueparticipant_team_id`) VALUES (13, 'rangers');
INSERT INTO LeagueParticipant(`leagueparticipant_leagueseason_id`, `leagueparticipant_team_id`) VALUES (13, 'shamrockrovers');
INSERT INTO LeagueParticipant(`leagueparticipant_leagueseason_id`, `leagueparticipant_team_id`) VALUES (14, 'astana');
INSERT INTO LeagueParticipant(`leagueparticipant_leagueseason_id`, `leagueparticipant_team_id`) VALUES (14, 'bate');
INSERT INTO LeagueParticipant(`leagueparticipant_leagueseason_id`, `leagueparticipant_team_id`) VALUES (14, 'dnipro');
INSERT INTO LeagueParticipant(`leagueparticipant_leagueseason_id`, `leagueparticipant_team_id`) VALUES (14, 'dynamokyiv');
INSERT INTO LeagueParticipant(`leagueparticipant_leagueseason_id`, `leagueparticipant_team_id`) VALUES (14, 'kairat');
INSERT INTO LeagueParticipant(`leagueparticipant_leagueseason_id`, `leagueparticipant_team_id`) VALUES (14, 'minsk');
INSERT INTO LeagueParticipant(`leagueparticipant_leagueseason_id`, `leagueparticipant_team_id`) VALUES (14, 'shakhtar');
INSERT INTO LeagueParticipant(`leagueparticipant_leagueseason_id`, `leagueparticipant_team_id`) VALUES (14, 'tobol');
INSERT INTO LeagueParticipant(`leagueparticipant_leagueseason_id`, `leagueparticipant_team_id`) VALUES (15, 'buducnost');
INSERT INTO LeagueParticipant(`leagueparticipant_leagueseason_id`, `leagueparticipant_team_id`) VALUES (15, 'redstar');
INSERT INTO LeagueParticipant(`leagueparticipant_leagueseason_id`, `leagueparticipant_team_id`) VALUES (15, 'dinamozagreb');
INSERT INTO LeagueParticipant(`leagueparticipant_leagueseason_id`, `leagueparticipant_team_id`) VALUES (15, 'hajduk');
INSERT INTO LeagueParticipant(`leagueparticipant_leagueseason_id`, `leagueparticipant_team_id`) VALUES (15, 'maribor');
INSERT INTO LeagueParticipant(`leagueparticipant_leagueseason_id`, `leagueparticipant_team_id`) VALUES (15, 'olimpijaljubljana');
INSERT INTO LeagueParticipant(`leagueparticipant_leagueseason_id`, `leagueparticipant_team_id`) VALUES (15, 'partizan');
INSERT INTO LeagueParticipant(`leagueparticipant_leagueseason_id`, `leagueparticipant_team_id`) VALUES (15, 'radnickinis');
INSERT INTO LeagueParticipant(`leagueparticipant_leagueseason_id`, `leagueparticipant_team_id`) VALUES (15, 'rijeka');
INSERT INTO LeagueParticipant(`leagueparticipant_leagueseason_id`, `leagueparticipant_team_id`) VALUES (15, 'sarajevo');
INSERT INTO LeagueParticipant(`leagueparticipant_leagueseason_id`, `leagueparticipant_team_id`) VALUES (15, 'vojvodina');
INSERT INTO LeagueParticipant(`leagueparticipant_leagueseason_id`, `leagueparticipant_team_id`) VALUES (15, 'zrinjski');
INSERT INTO LeagueParticipant(`leagueparticipant_leagueseason_id`, `leagueparticipant_team_id`) VALUES (16, 'cluj');
INSERT INTO LeagueParticipant(`leagueparticipant_leagueseason_id`, `leagueparticipant_team_id`) VALUES (16, 'craiova');
INSERT INTO LeagueParticipant(`leagueparticipant_leagueseason_id`, `leagueparticipant_team_id`) VALUES (16, 'debreceni');
INSERT INTO LeagueParticipant(`leagueparticipant_leagueseason_id`, `leagueparticipant_team_id`) VALUES (16, 'fcsb');
INSERT INTO LeagueParticipant(`leagueparticipant_leagueseason_id`, `leagueparticipant_team_id`) VALUES (16, 'fehervar');
INSERT INTO LeagueParticipant(`leagueparticipant_leagueseason_id`, `leagueparticipant_team_id`) VALUES (16, 'ferencvarosi');
INSERT INTO LeagueParticipant(`leagueparticipant_leagueseason_id`, `leagueparticipant_team_id`) VALUES (16, 'levskisofia');
INSERT INTO LeagueParticipant(`leagueparticipant_leagueseason_id`, `leagueparticipant_team_id`) VALUES (16, 'ludogorets');
INSERT INTO LeagueParticipant(`leagueparticipant_leagueseason_id`, `leagueparticipant_team_id`) VALUES (16, 'sheriff');
INSERT INTO LeagueParticipant(`leagueparticipant_leagueseason_id`, `leagueparticipant_team_id`) VALUES (16, 'sofiacska');
INSERT INTO LeagueParticipant(`leagueparticipant_leagueseason_id`, `leagueparticipant_team_id`) VALUES (17, 'dunajska');
INSERT INTO LeagueParticipant(`leagueparticipant_leagueseason_id`, `leagueparticipant_team_id`) VALUES (17, 'jablonec');
INSERT INTO LeagueParticipant(`leagueparticipant_leagueseason_id`, `leagueparticipant_team_id`) VALUES (17, 'lech');
INSERT INTO LeagueParticipant(`leagueparticipant_leagueseason_id`, `leagueparticipant_team_id`) VALUES (17, 'legia');
INSERT INTO LeagueParticipant(`leagueparticipant_leagueseason_id`, `leagueparticipant_team_id`) VALUES (17, 'wisla');
INSERT INTO LeagueParticipant(`leagueparticipant_leagueseason_id`, `leagueparticipant_team_id`) VALUES (17, 'slaviaprague');
INSERT INTO LeagueParticipant(`leagueparticipant_leagueseason_id`, `leagueparticipant_team_id`) VALUES (17, 'slovan');
INSERT INTO LeagueParticipant(`leagueparticipant_leagueseason_id`, `leagueparticipant_team_id`) VALUES (17, 'spartapraha');
INSERT INTO LeagueParticipant(`leagueparticipant_leagueseason_id`, `leagueparticipant_team_id`) VALUES (17, 'trnava');
INSERT INTO LeagueParticipant(`leagueparticipant_leagueseason_id`, `leagueparticipant_team_id`) VALUES (17, 'viktoriaplzen');
INSERT INTO LeagueParticipant(`leagueparticipant_leagueseason_id`, `leagueparticipant_team_id`) VALUES (18, 'dinamobatumi');
INSERT INTO LeagueParticipant(`leagueparticipant_leagueseason_id`, `leagueparticipant_team_id`) VALUES (18, 'dinamotbilisi');
INSERT INTO LeagueParticipant(`leagueparticipant_leagueseason_id`, `leagueparticipant_team_id`) VALUES (18, 'beersheva');
INSERT INTO LeagueParticipant(`leagueparticipant_leagueseason_id`, `leagueparticipant_team_id`) VALUES (18, 'beitar');
INSERT INTO LeagueParticipant(`leagueparticipant_leagueseason_id`, `leagueparticipant_team_id`) VALUES (18, 'maccabitelaviv');
INSERT INTO LeagueParticipant(`leagueparticipant_leagueseason_id`, `leagueparticipant_team_id`) VALUES (18, 'neftchi');
INSERT INTO LeagueParticipant(`leagueparticipant_leagueseason_id`, `leagueparticipant_team_id`) VALUES (18, 'pyunik');
INSERT INTO LeagueParticipant(`leagueparticipant_leagueseason_id`, `leagueparticipant_team_id`) VALUES (18, 'qarabag');
INSERT INTO LeagueParticipant(`leagueparticipant_leagueseason_id`, `leagueparticipant_team_id`) VALUES (19, 'flora');
INSERT INTO LeagueParticipant(`leagueparticipant_leagueseason_id`, `leagueparticipant_team_id`) VALUES (19, 'kalju');
INSERT INTO LeagueParticipant(`leagueparticipant_leagueseason_id`, `leagueparticipant_team_id`) VALUES (19, 'levadia');
INSERT INTO LeagueParticipant(`leagueparticipant_leagueseason_id`, `leagueparticipant_team_id`) VALUES (19, 'panevezys');
INSERT INTO LeagueParticipant(`leagueparticipant_leagueseason_id`, `leagueparticipant_team_id`) VALUES (19, 'rfs');
INSERT INTO LeagueParticipant(`leagueparticipant_leagueseason_id`, `leagueparticipant_team_id`) VALUES (19, 'riga');
INSERT INTO LeagueParticipant(`leagueparticipant_leagueseason_id`, `leagueparticipant_team_id`) VALUES (19, 'suduva');
INSERT INTO LeagueParticipant(`leagueparticipant_leagueseason_id`, `leagueparticipant_team_id`) VALUES (19, 'zalgiris');
INSERT INTO LeagueParticipant(`leagueparticipant_leagueseason_id`, `leagueparticipant_team_id`) VALUES (20, 'kukesi');
INSERT INTO LeagueParticipant(`leagueparticipant_leagueseason_id`, `leagueparticipant_team_id`) VALUES (20, 'rabotnicki');
INSERT INTO LeagueParticipant(`leagueparticipant_leagueseason_id`, `leagueparticipant_team_id`) VALUES (20, 'shkendija');
INSERT INTO LeagueParticipant(`leagueparticipant_leagueseason_id`, `leagueparticipant_team_id`) VALUES (20, 'skenderbeu');
INSERT INTO LeagueParticipant(`leagueparticipant_leagueseason_id`, `leagueparticipant_team_id`) VALUES (20, 'tirana');
INSERT INTO LeagueParticipant(`leagueparticipant_leagueseason_id`, `leagueparticipant_team_id`) VALUES (20, 'vardar');
INSERT INTO LeagueParticipant(`leagueparticipant_leagueseason_id`, `leagueparticipant_team_id`) VALUES (20, 'valletta');
INSERT INTO LeagueParticipant(`leagueparticipant_leagueseason_id`, `leagueparticipant_team_id`) VALUES (20, 'gziraunited');
INSERT INTO LeagueParticipant(`leagueparticipant_leagueseason_id`, `leagueparticipant_team_id`) VALUES (22, 'boca');
INSERT INTO LeagueParticipant(`leagueparticipant_leagueseason_id`, `leagueparticipant_team_id`) VALUES (22, 'racing');
INSERT INTO LeagueParticipant(`leagueparticipant_leagueseason_id`, `leagueparticipant_team_id`) VALUES (22, 'riverplate');
INSERT INTO LeagueParticipant(`leagueparticipant_leagueseason_id`, `leagueparticipant_team_id`) VALUES (22, 'estudiantes');
INSERT INTO LeagueParticipant(`leagueparticipant_leagueseason_id`, `leagueparticipant_team_id`) VALUES (22, 'independiente');
INSERT INTO LeagueParticipant(`leagueparticipant_leagueseason_id`, `leagueparticipant_team_id`) VALUES (22, 'sanlorenzo');
INSERT INTO LeagueParticipant(`leagueparticipant_leagueseason_id`, `leagueparticipant_team_id`) VALUES (22, 'velezsarsfield');
INSERT INTO LeagueParticipant(`leagueparticipant_leagueseason_id`, `leagueparticipant_team_id`) VALUES (22, 'talleres');
INSERT INTO LeagueParticipant(`leagueparticipant_leagueseason_id`, `leagueparticipant_team_id`) VALUES (21, 'corinthians');
INSERT INTO LeagueParticipant(`leagueparticipant_leagueseason_id`, `leagueparticipant_team_id`) VALUES (21, 'gremio');
INSERT INTO LeagueParticipant(`leagueparticipant_leagueseason_id`, `leagueparticipant_team_id`) VALUES (21, 'palmeiras');
INSERT INTO LeagueParticipant(`leagueparticipant_leagueseason_id`, `leagueparticipant_team_id`) VALUES (21, 'saopaulo');
INSERT INTO LeagueParticipant(`leagueparticipant_leagueseason_id`, `leagueparticipant_team_id`) VALUES (21, 'santos');
INSERT INTO LeagueParticipant(`leagueparticipant_leagueseason_id`, `leagueparticipant_team_id`) VALUES (21, 'botafogo');
INSERT INTO LeagueParticipant(`leagueparticipant_leagueseason_id`, `leagueparticipant_team_id`) VALUES (21, 'flamengo');
INSERT INTO LeagueParticipant(`leagueparticipant_leagueseason_id`, `leagueparticipant_team_id`) VALUES (21, 'fluminense');
INSERT INTO LeagueParticipant(`leagueparticipant_leagueseason_id`, `leagueparticipant_team_id`) VALUES (21, 'cruzeiro');
INSERT INTO LeagueParticipant(`leagueparticipant_leagueseason_id`, `leagueparticipant_team_id`) VALUES (21, 'internacional');
INSERT INTO LeagueParticipant(`leagueparticipant_leagueseason_id`, `leagueparticipant_team_id`) VALUES (25, 'wolfsburg');
INSERT INTO LeagueParticipant(`leagueparticipant_leagueseason_id`, `leagueparticipant_team_id`) VALUES (25, 'fortuna');
INSERT INTO LeagueParticipant(`leagueparticipant_leagueseason_id`, `leagueparticipant_team_id`) VALUES (25, 'hertha');
INSERT INTO LeagueParticipant(`leagueparticipant_leagueseason_id`, `leagueparticipant_team_id`) VALUES (25, 'augsburg');
INSERT INTO LeagueParticipant(`leagueparticipant_leagueseason_id`, `leagueparticipant_team_id`) VALUES (25, 'bochum');
INSERT INTO LeagueParticipant(`leagueparticipant_leagueseason_id`, `leagueparticipant_team_id`) VALUES (25, 'freiburg');
INSERT INTO LeagueParticipant(`leagueparticipant_leagueseason_id`, `leagueparticipant_team_id`) VALUES (25, 'mainz');
INSERT INTO LeagueParticipant(`leagueparticipant_leagueseason_id`, `leagueparticipant_team_id`) VALUES (25, 'unionberlin');
INSERT INTO LeagueParticipant(`leagueparticipant_leagueseason_id`, `leagueparticipant_team_id`) VALUES (26, 'granada');
INSERT INTO LeagueParticipant(`leagueparticipant_leagueseason_id`, `leagueparticipant_team_id`) VALUES (26, 'celtavigo');
INSERT INTO LeagueParticipant(`leagueparticipant_leagueseason_id`, `leagueparticipant_team_id`) VALUES (26, 'elche');
INSERT INTO LeagueParticipant(`leagueparticipant_leagueseason_id`, `leagueparticipant_team_id`) VALUES (26, 'espanyol');
INSERT INTO LeagueParticipant(`leagueparticipant_leagueseason_id`, `leagueparticipant_team_id`) VALUES (26, 'girona');
INSERT INTO LeagueParticipant(`leagueparticipant_leagueseason_id`, `leagueparticipant_team_id`) VALUES (26, 'mallorca');
INSERT INTO LeagueParticipant(`leagueparticipant_leagueseason_id`, `leagueparticipant_team_id`) VALUES (26, 'osasuna');
INSERT INTO LeagueParticipant(`leagueparticipant_leagueseason_id`, `leagueparticipant_team_id`) VALUES (26, 'valladolid');
INSERT INTO LeagueParticipant(`leagueparticipant_leagueseason_id`, `leagueparticipant_team_id`) VALUES (23, 'angers');
INSERT INTO LeagueParticipant(`leagueparticipant_leagueseason_id`, `leagueparticipant_team_id`) VALUES (23, 'nantes');
INSERT INTO LeagueParticipant(`leagueparticipant_leagueseason_id`, `leagueparticipant_team_id`) VALUES (23, 'sochaux');
INSERT INTO LeagueParticipant(`leagueparticipant_leagueseason_id`, `leagueparticipant_team_id`) VALUES (23, 'toulouse');
INSERT INTO LeagueParticipant(`leagueparticipant_leagueseason_id`, `leagueparticipant_team_id`) VALUES (23, 'parisfc');
INSERT INTO LeagueParticipant(`leagueparticipant_leagueseason_id`, `leagueparticipant_team_id`) VALUES (23, 'reims');
INSERT INTO LeagueParticipant(`leagueparticipant_leagueseason_id`, `leagueparticipant_team_id`) VALUES (23, 'rennais');
INSERT INTO LeagueParticipant(`leagueparticipant_leagueseason_id`, `leagueparticipant_team_id`) VALUES (23, 'auxerre');
INSERT INTO LeagueParticipant(`leagueparticipant_leagueseason_id`, `leagueparticipant_team_id`) VALUES (24, 'chievo');
INSERT INTO LeagueParticipant(`leagueparticipant_leagueseason_id`, `leagueparticipant_team_id`) VALUES (24, 'palermo');
INSERT INTO LeagueParticipant(`leagueparticipant_leagueseason_id`, `leagueparticipant_team_id`) VALUES (24, 'parma');
INSERT INTO LeagueParticipant(`leagueparticipant_leagueseason_id`, `leagueparticipant_team_id`) VALUES (24, 'empoli');
INSERT INTO LeagueParticipant(`leagueparticipant_leagueseason_id`, `leagueparticipant_team_id`) VALUES (24, 'genoa');
INSERT INTO LeagueParticipant(`leagueparticipant_leagueseason_id`, `leagueparticipant_team_id`) VALUES (24, 'lecce');
INSERT INTO LeagueParticipant(`leagueparticipant_leagueseason_id`, `leagueparticipant_team_id`) VALUES (24, 'monza');
INSERT INTO LeagueParticipant(`leagueparticipant_leagueseason_id`, `leagueparticipant_team_id`) VALUES (24, 'verona');

INSERT INTO Player(`player_id`, `player_name`, `player_lastname`, `player_country_id`, `player_positions`, `player_rating`, `player_potential`, `player_birth_year`, `player_height`) VALUES (1, 'Georgie', 'Desheven', 'NED', 'ST CF', 93, 0, 1997, 187);
INSERT INTO Contract(`contract_player_id`, `contract_club_id`, `contract_signDate`, `contract_expireDate`, `contract_salary`, `contract_number`, `contract_role`) VALUES (1, 'barcelona', 2025, 2028, 130.0, 10, 'CF');
INSERT INTO Player(`player_id`, `player_name`, `player_lastname`, `player_country_id`, `player_positions`, `player_rating`, `player_potential`, `player_birth_year`, `player_height`) VALUES (2, 'Manuel', 'Denhager', 'GER', 'CB', 91, 0, 1993, 193);
INSERT INTO Contract(`contract_player_id`, `contract_club_id`, `contract_signDate`, `contract_expireDate`, `contract_salary`, `contract_number`, `contract_role`) VALUES (2, 'dortmund', 2025, 2027, 117.0, 12, 'sub');
INSERT INTO Player(`player_id`, `player_name`, `player_lastname`, `player_country_id`, `player_positions`, `player_rating`, `player_potential`, `player_birth_year`, `player_height`) VALUES (3, 'Dale', 'Insite', 'FRA', 'ST CF', 92, 0, 1996, 186);
INSERT INTO Contract(`contract_player_id`, `contract_club_id`, `contract_signDate`, `contract_expireDate`, `contract_salary`, `contract_number`, `contract_role`) VALUES (3, 'monaco', 2025, 2029, 122.0, 9, 'CF');
INSERT INTO Player(`player_id`, `player_name`, `player_lastname`, `player_country_id`, `player_positions`, `player_rating`, `player_potential`, `player_birth_year`, `player_height`) VALUES (4, 'Nicolas', 'Sousa', 'POR', 'CF ST', 92, 0, 1995, 189);
INSERT INTO Contract(`contract_player_id`, `contract_club_id`, `contract_signDate`, `contract_expireDate`, `contract_salary`, `contract_number`, `contract_role`) VALUES (4, 'realmadrid', 2025, 2027, 123.0, 8, 'CF');
INSERT INTO Player(`player_id`, `player_name`, `player_lastname`, `player_country_id`, `player_positions`, `player_rating`, `player_potential`, `player_birth_year`, `player_height`) VALUES (5, 'Jans', 'Kahn', 'GER', 'CF ST', 91, 0, 1995, 191);
INSERT INTO Contract(`contract_player_id`, `contract_club_id`, `contract_signDate`, `contract_expireDate`, `contract_salary`, `contract_number`, `contract_role`) VALUES (5, 'bayern', 2025, 2028, 117.0, 1, 'sub');
INSERT INTO Player(`player_id`, `player_name`, `player_lastname`, `player_country_id`, `player_positions`, `player_rating`, `player_potential`, `player_birth_year`, `player_height`) VALUES (6, 'Marczin', 'kran', 'SVK', 'GK', 90, 0, 1995, 197);
INSERT INTO Contract(`contract_player_id`, `contract_club_id`, `contract_signDate`, `contract_expireDate`, `contract_salary`, `contract_number`, `contract_role`) VALUES (6, 'inter', 2025, 2029, 116.0, 21, 'GK');
INSERT INTO Player(`player_id`, `player_name`, `player_lastname`, `player_country_id`, `player_positions`, `player_rating`, `player_potential`, `player_birth_year`, `player_height`) VALUES (7, 'Juan', 'Moreno', 'ESP', 'LB', 91, 0, 1993, 172);
INSERT INTO Contract(`contract_player_id`, `contract_club_id`, `contract_signDate`, `contract_expireDate`, `contract_salary`, `contract_number`, `contract_role`) VALUES (7, 'barcelona', 2025, 2027, 115.0, 2, 'LB');
INSERT INTO Player(`player_id`, `player_name`, `player_lastname`, `player_country_id`, `player_positions`, `player_rating`, `player_potential`, `player_birth_year`, `player_height`) VALUES (8, 'Oltran', 'Diego', 'URU', 'CB', 90, 0, 1993, 190);
INSERT INTO Contract(`contract_player_id`, `contract_club_id`, `contract_signDate`, `contract_expireDate`, `contract_salary`, `contract_number`, `contract_role`) VALUES (8, 'realmadrid', 2025, 2027, 109.0, 6, 'RCB');
INSERT INTO Player(`player_id`, `player_name`, `player_lastname`, `player_country_id`, `player_positions`, `player_rating`, `player_potential`, `player_birth_year`, `player_height`) VALUES (9, 'Luisinho', 'Gustavo', 'BRA', 'ST CF', 90, 0, 1996, 188);
INSERT INTO Contract(`contract_player_id`, `contract_club_id`, `contract_signDate`, `contract_expireDate`, `contract_salary`, `contract_number`, `contract_role`) VALUES (9, 'milan', 2025, 2028, 108.0, 10, 'sub');
INSERT INTO Player(`player_id`, `player_name`, `player_lastname`, `player_country_id`, `player_positions`, `player_rating`, `player_potential`, `player_birth_year`, `player_height`) VALUES (10, 'Tony', 'Piazi', 'ITA', 'CM', 90, 0, 1994, 180);
INSERT INTO Contract(`contract_player_id`, `contract_club_id`, `contract_signDate`, `contract_expireDate`, `contract_salary`, `contract_number`, `contract_role`) VALUES (10, 'juventus', 2025, 2028, 111.0, 10, 'sub');
INSERT INTO Player(`player_id`, `player_name`, `player_lastname`, `player_country_id`, `player_positions`, `player_rating`, `player_potential`, `player_birth_year`, `player_height`) VALUES (11, 'Allan', 'Ram', 'FRA', 'CM', 90, 0, 1995, 181);
INSERT INTO Contract(`contract_player_id`, `contract_club_id`, `contract_signDate`, `contract_expireDate`, `contract_salary`, `contract_number`, `contract_role`) VALUES (11, 'psg', 2025, 2028, 110.0, 8, 'CM');
INSERT INTO Player(`player_id`, `player_name`, `player_lastname`, `player_country_id`, `player_positions`, `player_rating`, `player_potential`, `player_birth_year`, `player_height`) VALUES (12, 'Carlos', 'Pereyra', 'ESP', 'AM SS RW', 89, 0, 1994, 185);
INSERT INTO Contract(`contract_player_id`, `contract_club_id`, `contract_signDate`, `contract_expireDate`, `contract_salary`, `contract_number`, `contract_role`) VALUES (12, 'valencia', 2025, 2028, 103.0, 7, 'RW');
INSERT INTO Player(`player_id`, `player_name`, `player_lastname`, `player_country_id`, `player_positions`, `player_rating`, `player_potential`, `player_birth_year`, `player_height`) VALUES (13, 'Leandro', 'Bonifaccio', 'ITA', 'CB', 89, 0, 1993, 196);
INSERT INTO Contract(`contract_player_id`, `contract_club_id`, `contract_signDate`, `contract_expireDate`, `contract_salary`, `contract_number`, `contract_role`) VALUES (13, 'juventus', 2025, 2026, 100.0, 8, 'sub');
INSERT INTO Player(`player_id`, `player_name`, `player_lastname`, `player_country_id`, `player_positions`, `player_rating`, `player_potential`, `player_birth_year`, `player_height`) VALUES (14, 'Ian', 'Adebaye', 'SEN', 'DM', 89, 0, 1995, 187);
INSERT INTO Contract(`contract_player_id`, `contract_club_id`, `contract_signDate`, `contract_expireDate`, `contract_salary`, `contract_number`, `contract_role`) VALUES (14, 'arsenal', 2025, 2028, 101.0, 20, 'DM');
INSERT INTO Player(`player_id`, `player_name`, `player_lastname`, `player_country_id`, `player_positions`, `player_rating`, `player_potential`, `player_birth_year`, `player_height`) VALUES (15, 'Adrian', 'Poresan', 'FRA', 'ST CF', 89, 0, 1998, 189);
INSERT INTO Contract(`contract_player_id`, `contract_club_id`, `contract_signDate`, `contract_expireDate`, `contract_salary`, `contract_number`, `contract_role`) VALUES (15, 'asse', 2025, 2028, 77.0, 9, 'CF');
INSERT INTO Player(`player_id`, `player_name`, `player_lastname`, `player_country_id`, `player_positions`, `player_rating`, `player_potential`, `player_birth_year`, `player_height`) VALUES (16, 'Joao', 'Selaze', 'BRA', 'ST CF LW', 89, 0, 1996, 180);
INSERT INTO Contract(`contract_player_id`, `contract_club_id`, `contract_signDate`, `contract_expireDate`, `contract_salary`, `contract_number`, `contract_role`) VALUES (16, 'psg', 2025, 2029, 100.0, 10, 'CF');
INSERT INTO Player(`player_id`, `player_name`, `player_lastname`, `player_country_id`, `player_positions`, `player_rating`, `player_potential`, `player_birth_year`, `player_height`) VALUES (17, 'Ryan', 'Ben', 'ENG', 'CB', 88, 0, 1994, 202);
INSERT INTO Contract(`contract_player_id`, `contract_club_id`, `contract_signDate`, `contract_expireDate`, `contract_salary`, `contract_number`, `contract_role`) VALUES (17, 'tottenham', 2025, 2028, 93.5, 18, 'sub');
INSERT INTO Player(`player_id`, `player_name`, `player_lastname`, `player_country_id`, `player_positions`, `player_rating`, `player_potential`, `player_birth_year`, `player_height`) VALUES (18, 'Kedar', 'Nedelec', 'CZE', 'CF', 87, 0, 1996, 188);
INSERT INTO Contract(`contract_player_id`, `contract_club_id`, `contract_signDate`, `contract_expireDate`, `contract_salary`, `contract_number`, `contract_role`) VALUES (18, 'roma', 2025, 2027, 87.0, 6, 'sub');
INSERT INTO Player(`player_id`, `player_name`, `player_lastname`, `player_country_id`, `player_positions`, `player_rating`, `player_potential`, `player_birth_year`, `player_height`) VALUES (19, 'Tomas', 'Eger', 'GER', 'CF ST', 88, 90, 2001, 188);
INSERT INTO Contract(`contract_player_id`, `contract_club_id`, `contract_signDate`, `contract_expireDate`, `contract_salary`, `contract_number`, `contract_role`) VALUES (19, 'schalke', 2025, 2027, 49.0, 10, 'sub');
INSERT INTO Player(`player_id`, `player_name`, `player_lastname`, `player_country_id`, `player_positions`, `player_rating`, `player_potential`, `player_birth_year`, `player_height`) VALUES (20, 'Egor', 'Ignashevich', 'RUS', 'CF ST', 88, 0, 1996, 187);
INSERT INTO Contract(`contract_player_id`, `contract_club_id`, `contract_signDate`, `contract_expireDate`, `contract_salary`, `contract_number`, `contract_role`) VALUES (20, 'spartakmoscow', 2025, 2028, 95.0, 28, 'CF');
INSERT INTO Player(`player_id`, `player_name`, `player_lastname`, `player_country_id`, `player_positions`, `player_rating`, `player_potential`, `player_birth_year`, `player_height`) VALUES (21, 'Victor', 'Cassadia', 'POR', 'CM AM', 88, 0, 1994, 183);
INSERT INTO Contract(`contract_player_id`, `contract_club_id`, `contract_signDate`, `contract_expireDate`, `contract_salary`, `contract_number`, `contract_role`) VALUES (21, 'realmadrid', 2025, 2028, 93.7, 11, 'LCM');
INSERT INTO Player(`player_id`, `player_name`, `player_lastname`, `player_country_id`, `player_positions`, `player_rating`, `player_potential`, `player_birth_year`, `player_height`) VALUES (22, 'Adounal', 'Dodoualy', 'FRA', 'CM DM', 88, 89, 2000, 189);
INSERT INTO Contract(`contract_player_id`, `contract_club_id`, `contract_signDate`, `contract_expireDate`, `contract_salary`, `contract_number`, `contract_role`) VALUES (22, 'lyon', 2025, 2027, 60.0, 9, 'RCM');
INSERT INTO Player(`player_id`, `player_name`, `player_lastname`, `player_country_id`, `player_positions`, `player_rating`, `player_potential`, `player_birth_year`, `player_height`) VALUES (23, 'Juan', 'Ibanez', 'ESP', 'GK', 88, 0, 1997, 197);
INSERT INTO Contract(`contract_player_id`, `contract_club_id`, `contract_signDate`, `contract_expireDate`, `contract_salary`, `contract_number`, `contract_role`) VALUES (23, 'valencia', 2025, 2027, 93.5, 2, 'GK');
INSERT INTO Player(`player_id`, `player_name`, `player_lastname`, `player_country_id`, `player_positions`, `player_rating`, `player_potential`, `player_birth_year`, `player_height`) VALUES (24, 'Stefen', 'Wetzmeller', 'GER', 'LW SS AM', 88, 0, 1999, 177);
INSERT INTO Contract(`contract_player_id`, `contract_club_id`, `contract_signDate`, `contract_expireDate`, `contract_salary`, `contract_number`, `contract_role`) VALUES (24, 'salzburg', 2025, 2026, 83.0, 10, 'LW');
INSERT INTO Player(`player_id`, `player_name`, `player_lastname`, `player_country_id`, `player_positions`, `player_rating`, `player_potential`, `player_birth_year`, `player_height`) VALUES (25, 'Antonio', 'Ambrossio', 'ITA', 'RB', 88, 0, 1995, 178);
INSERT INTO Contract(`contract_player_id`, `contract_club_id`, `contract_signDate`, `contract_expireDate`, `contract_salary`, `contract_number`, `contract_role`) VALUES (25, 'juventus', 2025, 2028, 95.0, 2, 'sub');
INSERT INTO Player(`player_id`, `player_name`, `player_lastname`, `player_country_id`, `player_positions`, `player_rating`, `player_potential`, `player_birth_year`, `player_height`) VALUES (26, 'Santos', 'De Leminues', 'BRA', 'AM', 87, 0, 1996, 179);
INSERT INTO Contract(`contract_player_id`, `contract_club_id`, `contract_signDate`, `contract_expireDate`, `contract_salary`, `contract_number`, `contract_role`) VALUES (26, 'tottenham', 2025, 2027, 87.5, 7, 'sub');
INSERT INTO Player(`player_id`, `player_name`, `player_lastname`, `player_country_id`, `player_positions`, `player_rating`, `player_potential`, `player_birth_year`, `player_height`) VALUES (27, 'Rodrigo', 'Nacao', 'BRA', 'AM LW', 87, 0, 1997, 176);
INSERT INTO Contract(`contract_player_id`, `contract_club_id`, `contract_signDate`, `contract_expireDate`, `contract_salary`, `contract_number`, `contract_role`) VALUES (27, 'realmadrid', 2025, 2028, 87.0, 7, 'LW');
INSERT INTO Player(`player_id`, `player_name`, `player_lastname`, `player_country_id`, `player_positions`, `player_rating`, `player_potential`, `player_birth_year`, `player_height`) VALUES (28, 'Luca', 'Ascera', 'ITA', 'CB', 87, 0, 1992, 187);
INSERT INTO Contract(`contract_player_id`, `contract_club_id`, `contract_signDate`, `contract_expireDate`, `contract_salary`, `contract_number`, `contract_role`) VALUES (28, 'milan', 2025, 2026, 88.0, 6, 'sub');
INSERT INTO Player(`player_id`, `player_name`, `player_lastname`, `player_country_id`, `player_positions`, `player_rating`, `player_potential`, `player_birth_year`, `player_height`) VALUES (29, 'Eric', 'Diaz', 'CHI', 'CB', 87, 88, 2000, 188);
INSERT INTO Contract(`contract_player_id`, `contract_club_id`, `contract_signDate`, `contract_expireDate`, `contract_salary`, `contract_number`, `contract_role`) VALUES (29, 'barcelona', 2025, 2027, 54.0, 4, 'RCB');
INSERT INTO Player(`player_id`, `player_name`, `player_lastname`, `player_country_id`, `player_positions`, `player_rating`, `player_potential`, `player_birth_year`, `player_height`) VALUES (30, 'Toma', 'Vyrocil', 'CZE', 'CB', 88, 0, 1994, 193);
INSERT INTO Contract(`contract_player_id`, `contract_club_id`, `contract_signDate`, `contract_expireDate`, `contract_salary`, `contract_number`, `contract_role`) VALUES (30, 'inter', 2025, 2028, 93.5, 3, 'sub');
INSERT INTO Player(`player_id`, `player_name`, `player_lastname`, `player_country_id`, `player_positions`, `player_rating`, `player_potential`, `player_birth_year`, `player_height`) VALUES (31, 'Lisandro', 'Suarez', 'URU', 'CB', 87, 0, 1997, 187);
INSERT INTO Contract(`contract_player_id`, `contract_club_id`, `contract_signDate`, `contract_expireDate`, `contract_salary`, `contract_number`, `contract_role`) VALUES (31, 'manchestercity', 2025, 2028, 86.7, 11, 'sub');
INSERT INTO Player(`player_id`, `player_name`, `player_lastname`, `player_country_id`, `player_positions`, `player_rating`, `player_potential`, `player_birth_year`, `player_height`) VALUES (32, '-', 'Rafaelo', 'BRA', 'CB', 87, 0, 1993, 186);
INSERT INTO Contract(`contract_player_id`, `contract_club_id`, `contract_signDate`, `contract_expireDate`, `contract_salary`, `contract_number`, `contract_role`) VALUES (32, 'psg', 2025, 2027, 87.0, 7, 'RCB');
INSERT INTO Player(`player_id`, `player_name`, `player_lastname`, `player_country_id`, `player_positions`, `player_rating`, `player_potential`, `player_birth_year`, `player_height`) VALUES (33, 'Tim', 'Wael', 'BEL', 'CB', 87, 0, 1993, 192);
INSERT INTO Contract(`contract_player_id`, `contract_club_id`, `contract_signDate`, `contract_expireDate`, `contract_salary`, `contract_number`, `contract_role`) VALUES (33, 'tottenham', 2025, 2027, 87.0, 2, 'sub');
INSERT INTO Player(`player_id`, `player_name`, `player_lastname`, `player_country_id`, `player_positions`, `player_rating`, `player_potential`, `player_birth_year`, `player_height`) VALUES (34, 'Fabio', 'Calsemior', 'ARG', 'DM', 87, 0, 1994, 178);
INSERT INTO Contract(`contract_player_id`, `contract_club_id`, `contract_signDate`, `contract_expireDate`, `contract_salary`, `contract_number`, `contract_role`) VALUES (34, 'barcelona', 2025, 2028, 87.5, 28, 'DM');
INSERT INTO Player(`player_id`, `player_name`, `player_lastname`, `player_country_id`, `player_positions`, `player_rating`, `player_potential`, `player_birth_year`, `player_height`) VALUES (35, 'Leivo', 'Gainaro', 'FRA', 'ST CF', 87, 0, 1993, 187);
INSERT INTO Contract(`contract_player_id`, `contract_club_id`, `contract_signDate`, `contract_expireDate`, `contract_salary`, `contract_number`, `contract_role`) VALUES (35, 'arsenal', 2025, 2027, 87.0, 8, 'CF');
INSERT INTO Player(`player_id`, `player_name`, `player_lastname`, `player_country_id`, `player_positions`, `player_rating`, `player_potential`, `player_birth_year`, `player_height`) VALUES (36, 'Elzan', 'Caradia', 'VEN', 'ST CF', 87, 0, 1994, 189);
INSERT INTO Contract(`contract_player_id`, `contract_club_id`, `contract_signDate`, `contract_expireDate`, `contract_salary`, `contract_number`, `contract_role`) VALUES (36, 'benfica', 2025, 2028, 88.0, 17, 'CF');
INSERT INTO Player(`player_id`, `player_name`, `player_lastname`, `player_country_id`, `player_positions`, `player_rating`, `player_potential`, `player_birth_year`, `player_height`) VALUES (37, 'Jarizim', 'Burak', 'TUR', 'CF ST', 87, 0, 1996, 190);
INSERT INTO Contract(`contract_player_id`, `contract_club_id`, `contract_signDate`, `contract_expireDate`, `contract_salary`, `contract_number`, `contract_role`) VALUES (37, 'galatasaray', 2025, 2028, 87.5, 9, 'ST');
INSERT INTO Player(`player_id`, `player_name`, `player_lastname`, `player_country_id`, `player_positions`, `player_rating`, `player_potential`, `player_birth_year`, `player_height`) VALUES (38, 'Augusto', 'Canaro', 'ARG', 'ST CF', 87, 0, 1991, 184);
INSERT INTO Contract(`contract_player_id`, `contract_club_id`, `contract_signDate`, `contract_expireDate`, `contract_salary`, `contract_number`, `contract_role`) VALUES (38, 'juventus', 2025, 2026, 87.0, 9, 'sub');
INSERT INTO Player(`player_id`, `player_name`, `player_lastname`, `player_country_id`, `player_positions`, `player_rating`, `player_potential`, `player_birth_year`, `player_height`) VALUES (39, 'Casper', 'Niklaasen', 'DEN', 'CF ST', 87, 0, 1997, 189);
INSERT INTO Contract(`contract_player_id`, `contract_club_id`, `contract_signDate`, `contract_expireDate`, `contract_salary`, `contract_number`, `contract_role`) VALUES (39, 'salzburg', 2025, 2026, 87.0, 9, 'CF');
INSERT INTO Player(`player_id`, `player_name`, `player_lastname`, `player_country_id`, `player_positions`, `player_rating`, `player_potential`, `player_birth_year`, `player_height`) VALUES (40, 'Unis', 'Douniga', 'COL', 'CF ST', 87, 0, 1997, 185);
INSERT INTO Contract(`contract_player_id`, `contract_club_id`, `contract_signDate`, `contract_expireDate`, `contract_salary`, `contract_number`, `contract_role`) VALUES (40, 'valencia', 2025, 2027, 86.8, 9, 'CF');
INSERT INTO Player(`player_id`, `player_name`, `player_lastname`, `player_country_id`, `player_positions`, `player_rating`, `player_potential`, `player_birth_year`, `player_height`) VALUES (41, 'Caiver', 'Williams', 'NED', 'CF ST LW', 87, 0, 1997, 185);
INSERT INTO Contract(`contract_player_id`, `contract_club_id`, `contract_signDate`, `contract_expireDate`, `contract_salary`, `contract_number`, `contract_role`) VALUES (41, 'manchesterunited', 2025, 2028, 87.0, 20, 'sub');
INSERT INTO Player(`player_id`, `player_name`, `player_lastname`, `player_country_id`, `player_positions`, `player_rating`, `player_potential`, `player_birth_year`, `player_height`) VALUES (42, 'Robert', 'Frederic', 'NOR', 'CM', 87, 0, 1990, 185);
INSERT INTO Contract(`contract_player_id`, `contract_club_id`, `contract_signDate`, `contract_expireDate`, `contract_salary`, `contract_number`, `contract_role`) VALUES (42, 'basel', 2025, 2028, 86.7, 10, 'sub');
INSERT INTO Player(`player_id`, `player_name`, `player_lastname`, `player_country_id`, `player_positions`, `player_rating`, `player_potential`, `player_birth_year`, `player_height`) VALUES (43, 'Diogo', 'Fela', 'POR', 'CM', 87, 0, 1992, 182);
INSERT INTO Contract(`contract_player_id`, `contract_club_id`, `contract_signDate`, `contract_expireDate`, `contract_salary`, `contract_number`, `contract_role`) VALUES (43, 'realmadrid', 2025, 2027, 87.5, 4, 'RCM');
INSERT INTO Player(`player_id`, `player_name`, `player_lastname`, `player_country_id`, `player_positions`, `player_rating`, `player_potential`, `player_birth_year`, `player_height`) VALUES (44, 'Lucas', 'Partiol', 'ESP', 'CM', 87, 0, 1995, 179);
INSERT INTO Contract(`contract_player_id`, `contract_club_id`, `contract_signDate`, `contract_expireDate`, `contract_salary`, `contract_number`, `contract_role`) VALUES (44, 'sevilla', 2025, 2028, 87.0, 12, 'sub');
INSERT INTO Player(`player_id`, `player_name`, `player_lastname`, `player_country_id`, `player_positions`, `player_rating`, `player_potential`, `player_birth_year`, `player_height`) VALUES (45, 'Sergio', 'Fernandes', 'POR', 'CM AM', 87, 88, 2000, 185);
INSERT INTO Contract(`contract_player_id`, `contract_club_id`, `contract_signDate`, `contract_expireDate`, `contract_salary`, `contract_number`, `contract_role`) VALUES (45, 'porto', 2025, 2027, 49.0, 10, 'RCM');
INSERT INTO Player(`player_id`, `player_name`, `player_lastname`, `player_country_id`, `player_positions`, `player_rating`, `player_potential`, `player_birth_year`, `player_height`) VALUES (46, 'Thomas', 'Ben-Haase', 'GER', 'GK', 87, 0, 1992, 187);
INSERT INTO Contract(`contract_player_id`, `contract_club_id`, `contract_signDate`, `contract_expireDate`, `contract_salary`, `contract_number`, `contract_role`) VALUES (46, 'bayern', 2025, 2026, 87.3, 15, 'GK');
INSERT INTO Player(`player_id`, `player_name`, `player_lastname`, `player_country_id`, `player_positions`, `player_rating`, `player_potential`, `player_birth_year`, `player_height`) VALUES (47, '-', 'Neto', 'BRA', 'GK', 87, 0, 1996, 192);
INSERT INTO Contract(`contract_player_id`, `contract_club_id`, `contract_signDate`, `contract_expireDate`, `contract_salary`, `contract_number`, `contract_role`) VALUES (47, 'chelsea', 2025, 2028, 87.0, 7, 'GK');
INSERT INTO Player(`player_id`, `player_name`, `player_lastname`, `player_country_id`, `player_positions`, `player_rating`, `player_potential`, `player_birth_year`, `player_height`) VALUES (48, 'Jonathan', 'Harris', 'FRA', 'GK', 87, 0, 1994, 196);
INSERT INTO Contract(`contract_player_id`, `contract_club_id`, `contract_signDate`, `contract_expireDate`, `contract_salary`, `contract_number`, `contract_role`) VALUES (48, 'psg', 2025, 2026, 86.8, 15, 'GK');
INSERT INTO Player(`player_id`, `player_name`, `player_lastname`, `player_country_id`, `player_positions`, `player_rating`, `player_potential`, `player_birth_year`, `player_height`) VALUES (49, 'Neto', 'Jesis', 'BRA', 'LB', 87, 0, 1996, 175);
INSERT INTO Contract(`contract_player_id`, `contract_club_id`, `contract_signDate`, `contract_expireDate`, `contract_salary`, `contract_number`, `contract_role`) VALUES (49, 'manchestercity', 2025, 2028, 88.0, 2, 'sub');
INSERT INTO Player(`player_id`, `player_name`, `player_lastname`, `player_country_id`, `player_positions`, `player_rating`, `player_potential`, `player_birth_year`, `player_height`) VALUES (50, 'Gilles', 'Forest', 'SCO', 'RW ST', 87, 0, 1995, 181);
INSERT INTO Contract(`contract_player_id`, `contract_club_id`, `contract_signDate`, `contract_expireDate`, `contract_salary`, `contract_number`, `contract_role`) VALUES (50, 'manchestercity', 2025, 2027, 87.5, 9, 'sub');
INSERT INTO Player(`player_id`, `player_name`, `player_lastname`, `player_country_id`, `player_positions`, `player_rating`, `player_potential`, `player_birth_year`, `player_height`) VALUES (51, 'Antoan', 'Mearre', 'FRA', 'CB', 86, 0, 1997, 187);
INSERT INTO Contract(`contract_player_id`, `contract_club_id`, `contract_signDate`, `contract_expireDate`, `contract_salary`, `contract_number`, `contract_role`) VALUES (51, 'manchestercity', 2025, 2029, 82.0, 6, 'sub');
INSERT INTO Player(`player_id`, `player_name`, `player_lastname`, `player_country_id`, `player_positions`, `player_rating`, `player_potential`, `player_birth_year`, `player_height`) VALUES (52, 'Kevin', 'Donak', 'FRA', 'CB', 86, 0, 1990, 184);
INSERT INTO Contract(`contract_player_id`, `contract_club_id`, `contract_signDate`, `contract_expireDate`, `contract_salary`, `contract_number`, `contract_role`) VALUES (52, 'psg', 2025, 2026, 81.0, 4, 'LCB');
INSERT INTO Player(`player_id`, `player_name`, `player_lastname`, `player_country_id`, `player_positions`, `player_rating`, `player_potential`, `player_birth_year`, `player_height`) VALUES (53, 'Ciro', 'Baregas', 'ESP', 'CB', 86, 0, 1991, 186);
INSERT INTO Contract(`contract_player_id`, `contract_club_id`, `contract_signDate`, `contract_expireDate`, `contract_salary`, `contract_number`, `contract_role`) VALUES (53, 'realmadrid', 2025, 2027, 82.0, 20, 'LCB');
INSERT INTO Player(`player_id`, `player_name`, `player_lastname`, `player_country_id`, `player_positions`, `player_rating`, `player_potential`, `player_birth_year`, `player_height`) VALUES (54, 'Guaro', 'Corenjo', 'BRA', 'DM', 86, 0, 1995, 178);
INSERT INTO Contract(`contract_player_id`, `contract_club_id`, `contract_signDate`, `contract_expireDate`, `contract_salary`, `contract_number`, `contract_role`) VALUES (54, 'milan', 2025, 2028, 82.0, 14, 'sub');
INSERT INTO Player(`player_id`, `player_name`, `player_lastname`, `player_country_id`, `player_positions`, `player_rating`, `player_potential`, `player_birth_year`, `player_height`) VALUES (55, 'Robin', 'Dast', 'NED', 'CM', 82, 0, 1992, 180);
INSERT INTO Contract(`contract_player_id`, `contract_club_id`, `contract_signDate`, `contract_expireDate`, `contract_salary`, `contract_number`, `contract_role`) VALUES (55, 'feyenoord', 2025, 2028, 58.0, 2, 'RCM');
INSERT INTO Player(`player_id`, `player_name`, `player_lastname`, `player_country_id`, `player_positions`, `player_rating`, `player_potential`, `player_birth_year`, `player_height`) VALUES (56, 'Villem', 'Nensante', 'FRA', 'CF ST', 86, 0, 1999, 186);
INSERT INTO Contract(`contract_player_id`, `contract_club_id`, `contract_signDate`, `contract_expireDate`, `contract_salary`, `contract_number`, `contract_role`) VALUES (56, 'celtic', 2025, 2029, 80.8, 16, 'sub');
INSERT INTO Player(`player_id`, `player_name`, `player_lastname`, `player_country_id`, `player_positions`, `player_rating`, `player_potential`, `player_birth_year`, `player_height`) VALUES (57, 'Goran', 'Wjoroczek', 'POL', 'CF', 86, 0, 1995, 189);
INSERT INTO Contract(`contract_player_id`, `contract_club_id`, `contract_signDate`, `contract_expireDate`, `contract_salary`, `contract_number`, `contract_role`) VALUES (57, 'liverpool', 2025, 2027, 80.7, 9, 'sub');
INSERT INTO Player(`player_id`, `player_name`, `player_lastname`, `player_country_id`, `player_positions`, `player_rating`, `player_potential`, `player_birth_year`, `player_height`) VALUES (58, 'Marton', 'Lavrenovics', 'HUN', 'CF ST', 84, 0, 1996, 186);
INSERT INTO Contract(`contract_player_id`, `contract_club_id`, `contract_signDate`, `contract_expireDate`, `contract_salary`, `contract_number`, `contract_role`) VALUES (58, 'cskamoscow', 2025, 2028, 71.0, 3, 'CF');
INSERT INTO Player(`player_id`, `player_name`, `player_lastname`, `player_country_id`, `player_positions`, `player_rating`, `player_potential`, `player_birth_year`, `player_height`) VALUES (59, 'Nick', 'Baddster', 'GER', 'CM', 86, 0, 1993, 182);
INSERT INTO Contract(`contract_player_id`, `contract_club_id`, `contract_signDate`, `contract_expireDate`, `contract_salary`, `contract_number`, `contract_role`) VALUES (59, 'bayern', 2025, 2026, 81.0, 7, 'sub');
INSERT INTO Player(`player_id`, `player_name`, `player_lastname`, `player_country_id`, `player_positions`, `player_rating`, `player_potential`, `player_birth_year`, `player_height`) VALUES (60, 'Chris', 'Freuer', 'SUI', 'CM', 86, 0, 1993, 183);
INSERT INTO Contract(`contract_player_id`, `contract_club_id`, `contract_signDate`, `contract_expireDate`, `contract_salary`, `contract_number`, `contract_role`) VALUES (60, 'dortmund', 2025, 2027, 81.3, 4, 'sub');
INSERT INTO Player(`player_id`, `player_name`, `player_lastname`, `player_country_id`, `player_positions`, `player_rating`, `player_potential`, `player_birth_year`, `player_height`) VALUES (61, 'George', 'Mattias', 'FRA', 'CM', 86, 0, 1996, 180);
INSERT INTO Contract(`contract_player_id`, `contract_club_id`, `contract_signDate`, `contract_expireDate`, `contract_salary`, `contract_number`, `contract_role`) VALUES (61, 'juventus', 2025, 2028, 82.0, 16, 'sub');
INSERT INTO Player(`player_id`, `player_name`, `player_lastname`, `player_country_id`, `player_positions`, `player_rating`, `player_potential`, `player_birth_year`, `player_height`) VALUES (62, 'Niculaie', 'Stefancu', 'ROU', 'CM AM', 86, 0, 1997, 183);
INSERT INTO Contract(`contract_player_id`, `contract_club_id`, `contract_signDate`, `contract_expireDate`, `contract_salary`, `contract_number`, `contract_role`) VALUES (62, 'inter', 2025, 2029, 81.0, 10, 'sub');
INSERT INTO Player(`player_id`, `player_name`, `player_lastname`, `player_country_id`, `player_positions`, `player_rating`, `player_potential`, `player_birth_year`, `player_height`) VALUES (63, 'Jose', 'Raya Pinto', 'ESP', 'CB', 76, 0, 1989, 183);
INSERT INTO Contract(`contract_player_id`, `contract_club_id`, `contract_signDate`, `contract_expireDate`, `contract_salary`, `contract_number`, `contract_role`) VALUES (63, 'villarreal', 2025, 2027, 30.0, 3, 'sub');
INSERT INTO Player(`player_id`, `player_name`, `player_lastname`, `player_country_id`, `player_positions`, `player_rating`, `player_potential`, `player_birth_year`, `player_height`) VALUES (64, 'Gerald', 'Hernandes', 'URU', 'CM DM', 86, 0, 1996, 179);
INSERT INTO Contract(`contract_player_id`, `contract_club_id`, `contract_signDate`, `contract_expireDate`, `contract_salary`, `contract_number`, `contract_role`) VALUES (64, 'manchestercity', 2025, 2028, 80.8, 8, 'sub');
INSERT INTO Player(`player_id`, `player_name`, `player_lastname`, `player_country_id`, `player_positions`, `player_rating`, `player_potential`, `player_birth_year`, `player_height`) VALUES (65, 'Giliamo', 'Scadella', 'ITA', 'GK', 83, 0, 1997, 186);
INSERT INTO Contract(`contract_player_id`, `contract_club_id`, `contract_signDate`, `contract_expireDate`, `contract_salary`, `contract_number`, `contract_role`) VALUES (65, 'milan', 2025, 2027, 64.0, 12, 'GK');
INSERT INTO Player(`player_id`, `player_name`, `player_lastname`, `player_country_id`, `player_positions`, `player_rating`, `player_potential`, `player_birth_year`, `player_height`) VALUES (66, 'Fernando', 'Alberto', 'BRA', 'GK', 86, 0, 1992, 189);
INSERT INTO Contract(`contract_player_id`, `contract_club_id`, `contract_signDate`, `contract_expireDate`, `contract_salary`, `contract_number`, `contract_role`) VALUES (66, 'barcelona', 2025, 2027, 80.7, 9, 'GK');
INSERT INTO Player(`player_id`, `player_name`, `player_lastname`, `player_country_id`, `player_positions`, `player_rating`, `player_potential`, `player_birth_year`, `player_height`) VALUES (67, 'Joao', 'Collazo', 'ARG', 'LB LM', 86, 0, 1997, 172);
INSERT INTO Contract(`contract_player_id`, `contract_club_id`, `contract_signDate`, `contract_expireDate`, `contract_salary`, `contract_number`, `contract_role`) VALUES (67, 'psg', 2025, 2028, 80.5, 13, 'LB');
INSERT INTO Player(`player_id`, `player_name`, `player_lastname`, `player_country_id`, `player_positions`, `player_rating`, `player_potential`, `player_birth_year`, `player_height`) VALUES (68, '-', 'Guerreiro', 'POR', 'RB', 86, 0, 1997, 176);
INSERT INTO Contract(`contract_player_id`, `contract_club_id`, `contract_signDate`, `contract_expireDate`, `contract_salary`, `contract_number`, `contract_role`) VALUES (68, 'bayerleverkusen', 2025, 2027, 82.0, 24, 'RB');
INSERT INTO Player(`player_id`, `player_name`, `player_lastname`, `player_country_id`, `player_positions`, `player_rating`, `player_potential`, `player_birth_year`, `player_height`) VALUES (69, 'Gervonte', 'Adestelo', 'FRA', 'RB', 86, 0, 1995, 186);
INSERT INTO Contract(`contract_player_id`, `contract_club_id`, `contract_signDate`, `contract_expireDate`, `contract_salary`, `contract_number`, `contract_role`) VALUES (69, 'realmadrid', 2025, 2028, 82.0, 2, 'RB');
INSERT INTO Player(`player_id`, `player_name`, `player_lastname`, `player_country_id`, `player_positions`, `player_rating`, `player_potential`, `player_birth_year`, `player_height`) VALUES (70, 'Allen', 'Joe', 'ENG', 'RB RM CM', 86, 0, 1993, 176);
INSERT INTO Contract(`contract_player_id`, `contract_club_id`, `contract_signDate`, `contract_expireDate`, `contract_salary`, `contract_number`, `contract_role`) VALUES (70, 'chelsea', 2025, 2027, 83.0, 9, 'sub');
INSERT INTO Player(`player_id`, `player_name`, `player_lastname`, `player_country_id`, `player_positions`, `player_rating`, `player_potential`, `player_birth_year`, `player_height`) VALUES (71, 'Zuninho de Junior', 'Zizu', 'BRA', 'RW', 86, 0, 1997, 176);
INSERT INTO Contract(`contract_player_id`, `contract_club_id`, `contract_signDate`, `contract_expireDate`, `contract_salary`, `contract_number`, `contract_role`) VALUES (71, 'barcelona', 2025, 2028, 80.7, 3, 'RW');
INSERT INTO Player(`player_id`, `player_name`, `player_lastname`, `player_country_id`, `player_positions`, `player_rating`, `player_potential`, `player_birth_year`, `player_height`) VALUES (72, 'Capal', 'Andrevilla', 'ESP', 'CM AM', 85, 0, 1994, 181);
INSERT INTO Contract(`contract_player_id`, `contract_club_id`, `contract_signDate`, `contract_expireDate`, `contract_salary`, `contract_number`, `contract_role`) VALUES (72, 'bilbao', 2025, 2028, 77.0, 1, 'sub');
INSERT INTO Player(`player_id`, `player_name`, `player_lastname`, `player_country_id`, `player_positions`, `player_rating`, `player_potential`, `player_birth_year`, `player_height`) VALUES (73, 'Niguel', 'Vassan', 'FRA', 'AM SS', 85, 0, 1996, 175);
INSERT INTO Contract(`contract_player_id`, `contract_club_id`, `contract_signDate`, `contract_expireDate`, `contract_salary`, `contract_number`, `contract_role`) VALUES (73, 'sevilla', 2025, 2028, 75.0, 10, 'sub');
INSERT INTO Player(`player_id`, `player_name`, `player_lastname`, `player_country_id`, `player_positions`, `player_rating`, `player_potential`, `player_birth_year`, `player_height`) VALUES (74, 'Hami', 'Endo', 'JPN', 'AM RW SS', 85, 0, 1997, 176);
INSERT INTO Contract(`contract_player_id`, `contract_club_id`, `contract_signDate`, `contract_expireDate`, `contract_salary`, `contract_number`, `contract_role`) VALUES (74, 'schalke', 2025, 2027, 74.7, 5, 'sub');
INSERT INTO Player(`player_id`, `player_name`, `player_lastname`, `player_country_id`, `player_positions`, `player_rating`, `player_potential`, `player_birth_year`, `player_height`) VALUES (75, 'Victor', 'Gustavo Augusto', 'BRA', 'ST SS AM', 85, 0, 1998, 180);
INSERT INTO Contract(`contract_player_id`, `contract_club_id`, `contract_signDate`, `contract_expireDate`, `contract_salary`, `contract_number`, `contract_role`) VALUES (75, 'monaco', 2025, 2027, 76.0, 10, 'AM');
INSERT INTO Player(`player_id`, `player_name`, `player_lastname`, `player_country_id`, `player_positions`, `player_rating`, `player_potential`, `player_birth_year`, `player_height`) VALUES (76, 'Janeck', 'Hubsz', 'POL', 'CB', 85, 0, 1994, 190);
INSERT INTO Contract(`contract_player_id`, `contract_club_id`, `contract_signDate`, `contract_expireDate`, `contract_salary`, `contract_number`, `contract_role`) VALUES (76, 'dortmund', 2025, 2026, 75.0, 15, 'sub');
INSERT INTO Player(`player_id`, `player_name`, `player_lastname`, `player_country_id`, `player_positions`, `player_rating`, `player_potential`, `player_birth_year`, `player_height`) VALUES (77, 'Marco', 'Savon', 'FRA', 'CB', 85, 0, 1994, 185);
INSERT INTO Contract(`contract_player_id`, `contract_club_id`, `contract_signDate`, `contract_expireDate`, `contract_salary`, `contract_number`, `contract_role`) VALUES (77, 'lyon', 2025, 2028, 74.6, 5, 'RCB');
INSERT INTO Player(`player_id`, `player_name`, `player_lastname`, `player_country_id`, `player_positions`, `player_rating`, `player_potential`, `player_birth_year`, `player_height`) VALUES (78, '-', 'Marlos', 'BRA', 'CB', 85, 0, 1997, 189);
INSERT INTO Contract(`contract_player_id`, `contract_club_id`, `contract_signDate`, `contract_expireDate`, `contract_salary`, `contract_number`, `contract_role`) VALUES (78, 'sevilla', 2025, 2027, 76.0, 15, 'sub');
INSERT INTO Player(`player_id`, `player_name`, `player_lastname`, `player_country_id`, `player_positions`, `player_rating`, `player_potential`, `player_birth_year`, `player_height`) VALUES (79, 'Alejandro', 'Saul', 'MEX', 'CM DM', 85, 0, 1995, 180);
INSERT INTO Contract(`contract_player_id`, `contract_club_id`, `contract_signDate`, `contract_expireDate`, `contract_salary`, `contract_number`, `contract_role`) VALUES (79, 'atleticodemadrid', 2025, 2028, 75.5, 10, 'sub');
INSERT INTO Player(`player_id`, `player_name`, `player_lastname`, `player_country_id`, `player_positions`, `player_rating`, `player_potential`, `player_birth_year`, `player_height`) VALUES (80, 'Zuan', 'Imaila', 'BRA', 'DM CM', 85, 86, 2002, 177);
INSERT INTO Contract(`contract_player_id`, `contract_club_id`, `contract_signDate`, `contract_expireDate`, `contract_salary`, `contract_number`, `contract_role`) VALUES (80, 'gremio', 2025, 2027, 23.0, 3, 'sub');
INSERT INTO Player(`player_id`, `player_name`, `player_lastname`, `player_country_id`, `player_positions`, `player_rating`, `player_potential`, `player_birth_year`, `player_height`) VALUES (81, 'Roon', 'der Wurt', 'NED', 'DM', 85, 0, 1993, 184);
INSERT INTO Contract(`contract_player_id`, `contract_club_id`, `contract_signDate`, `contract_expireDate`, `contract_salary`, `contract_number`, `contract_role`) VALUES (81, 'realmadrid', 2025, 2027, 75.0, 3, 'DM');
INSERT INTO Player(`player_id`, `player_name`, `player_lastname`, `player_country_id`, `player_positions`, `player_rating`, `player_potential`, `player_birth_year`, `player_height`) VALUES (82, 'Naslam', 'Brahimi', 'ALG', 'CF ST', 85, 0, 1994, 189);
INSERT INTO Contract(`contract_player_id`, `contract_club_id`, `contract_signDate`, `contract_expireDate`, `contract_salary`, `contract_number`, `contract_role`) VALUES (82, 'astonvilla', 2025, 2028, 76.0, 9, 'sub');
INSERT INTO Player(`player_id`, `player_name`, `player_lastname`, `player_country_id`, `player_positions`, `player_rating`, `player_potential`, `player_birth_year`, `player_height`) VALUES (83, 'Costa', 'Ramirez', 'PAR', 'CF ST', 85, 0, 1994, 187);
INSERT INTO Contract(`contract_player_id`, `contract_club_id`, `contract_signDate`, `contract_expireDate`, `contract_salary`, `contract_number`, `contract_role`) VALUES (83, 'atleticodemadrid', 2025, 2028, 75.5, 7, 'sub');
INSERT INTO Player(`player_id`, `player_name`, `player_lastname`, `player_country_id`, `player_positions`, `player_rating`, `player_potential`, `player_birth_year`, `player_height`) VALUES (84, 'Peronio', 'Lazenni', 'ITA', 'ST CF', 85, 0, 1996, 180);
INSERT INTO Contract(`contract_player_id`, `contract_club_id`, `contract_signDate`, `contract_expireDate`, `contract_salary`, `contract_number`, `contract_role`) VALUES (84, 'napoli', 2025, 2028, 76.0, 10, 'sub');
INSERT INTO Player(`player_id`, `player_name`, `player_lastname`, `player_country_id`, `player_positions`, `player_rating`, `player_potential`, `player_birth_year`, `player_height`) VALUES (85, 'Amir', 'Mairazu', 'BEL', 'ST CF', 85, 0, 1997, 183);
INSERT INTO Contract(`contract_player_id`, `contract_club_id`, `contract_signDate`, `contract_expireDate`, `contract_salary`, `contract_number`, `contract_role`) VALUES (85, 'psv', 2025, 2028, 75.0, 4, 'CF');
INSERT INTO Player(`player_id`, `player_name`, `player_lastname`, `player_country_id`, `player_positions`, `player_rating`, `player_potential`, `player_birth_year`, `player_height`) VALUES (86, 'Jarry', 'Rodriguez', 'ESP', 'ST CF', 85, 0, 1994, 184);
INSERT INTO Contract(`contract_player_id`, `contract_club_id`, `contract_signDate`, `contract_expireDate`, `contract_salary`, `contract_number`, `contract_role`) VALUES (86, 'tottenham', 2025, 2027, 75.4, 8, 'sub');
INSERT INTO Player(`player_id`, `player_name`, `player_lastname`, `player_country_id`, `player_positions`, `player_rating`, `player_potential`, `player_birth_year`, `player_height`) VALUES (87, 'Carlo', 'Cezaro', 'BRA', 'ST CF', 85, 0, 1995, 187);
INSERT INTO Contract(`contract_player_id`, `contract_club_id`, `contract_signDate`, `contract_expireDate`, `contract_salary`, `contract_number`, `contract_role`) VALUES (87, 'zenit', 2025, 2026, 76.2, 10, 'sub');
INSERT INTO Player(`player_id`, `player_name`, `player_lastname`, `player_country_id`, `player_positions`, `player_rating`, `player_potential`, `player_birth_year`, `player_height`) VALUES (88, 'Neus', 'Vuller', 'GER', 'CM', 85, 0, 1998, 178);
INSERT INTO Contract(`contract_player_id`, `contract_club_id`, `contract_signDate`, `contract_expireDate`, `contract_salary`, `contract_number`, `contract_role`) VALUES (88, 'dortmund', 2025, 2028, 73.0, 7, 'sub');
INSERT INTO Player(`player_id`, `player_name`, `player_lastname`, `player_country_id`, `player_positions`, `player_rating`, `player_potential`, `player_birth_year`, `player_height`) VALUES (89, 'Fran', 'Jovi', 'SVN', 'CM', 85, 0, 1998, 183);
INSERT INTO Contract(`contract_player_id`, `contract_club_id`, `contract_signDate`, `contract_expireDate`, `contract_salary`, `contract_number`, `contract_role`) VALUES (89, 'monaco', 2025, 2028, 75.0, 5, 'CM');
INSERT INTO Player(`player_id`, `player_name`, `player_lastname`, `player_country_id`, `player_positions`, `player_rating`, `player_potential`, `player_birth_year`, `player_height`) VALUES (90, 'Alders', 'Emil', 'SWE', 'CM', 85, 0, 1995, 184);
INSERT INTO Contract(`contract_player_id`, `contract_club_id`, `contract_signDate`, `contract_expireDate`, `contract_salary`, `contract_number`, `contract_role`) VALUES (90, 'psg', 2025, 2027, 74.5, 12, 'sub');
INSERT INTO Player(`player_id`, `player_name`, `player_lastname`, `player_country_id`, `player_positions`, `player_rating`, `player_potential`, `player_birth_year`, `player_height`) VALUES (91, 'Martin', 'Azejin', 'BUL', 'CM AM', 85, 0, 1991, 183);
INSERT INTO Contract(`contract_player_id`, `contract_club_id`, `contract_signDate`, `contract_expireDate`, `contract_salary`, `contract_number`, `contract_role`) VALUES (91, 'rsca', 2025, 2026, 76.5, 10, 'AM');
INSERT INTO Player(`player_id`, `player_name`, `player_lastname`, `player_country_id`, `player_positions`, `player_rating`, `player_potential`, `player_birth_year`, `player_height`) VALUES (92, 'Nikolay', 'Fedolovich', 'UKR', 'CM AM', 85, 0, 1992, 182);
INSERT INTO Contract(`contract_player_id`, `contract_club_id`, `contract_signDate`, `contract_expireDate`, `contract_salary`, `contract_number`, `contract_role`) VALUES (92, 'dynamokyiv', 2025, 2028, 77.0, 26, 'AM');
INSERT INTO Player(`player_id`, `player_name`, `player_lastname`, `player_country_id`, `player_positions`, `player_rating`, `player_potential`, `player_birth_year`, `player_height`) VALUES (93, 'Toni', 'Birevi', 'CRO', 'CM AM', 83, 0, 1992, 181);
INSERT INTO Contract(`contract_player_id`, `contract_club_id`, `contract_signDate`, `contract_expireDate`, `contract_salary`, `contract_number`, `contract_role`) VALUES (93, 'cskamoscow', 2025, 2028, 63.7, 11, 'RAM');
INSERT INTO Player(`player_id`, `player_name`, `player_lastname`, `player_country_id`, `player_positions`, `player_rating`, `player_potential`, `player_birth_year`, `player_height`) VALUES (94, 'Fler', 'Michaels', 'FRA', 'CM DM', 85, 0, 1996, 182);
INSERT INTO Contract(`contract_player_id`, `contract_club_id`, `contract_signDate`, `contract_expireDate`, `contract_salary`, `contract_number`, `contract_role`) VALUES (94, 'psg', 2025, 2027, 75.0, 6, 'DM');
INSERT INTO Player(`player_id`, `player_name`, `player_lastname`, `player_country_id`, `player_positions`, `player_rating`, `player_potential`, `player_birth_year`, `player_height`) VALUES (95, 'Tomas', 'Jurel', 'GER', 'GK', 85, 0, 1995, 185);
INSERT INTO Contract(`contract_player_id`, `contract_club_id`, `contract_signDate`, `contract_expireDate`, `contract_salary`, `contract_number`, `contract_role`) VALUES (95, 'arsenal', 2025, 2028, 75.0, 5, 'GK');
INSERT INTO Player(`player_id`, `player_name`, `player_lastname`, `player_country_id`, `player_positions`, `player_rating`, `player_potential`, `player_birth_year`, `player_height`) VALUES (96, 'Gary', 'Maddison', 'NIR', 'GK', 85, 0, 1994, 194);
INSERT INTO Contract(`contract_player_id`, `contract_club_id`, `contract_signDate`, `contract_expireDate`, `contract_salary`, `contract_number`, `contract_role`) VALUES (96, 'manchesterunited', 2025, 2027, 75.4, 2, 'GK');
INSERT INTO Player(`player_id`, `player_name`, `player_lastname`, `player_country_id`, `player_positions`, `player_rating`, `player_potential`, `player_birth_year`, `player_height`) VALUES (97, 'Benjo', 'Mendel', 'FRA', 'GK', 84, 0, 1996, 186);
INSERT INTO Contract(`contract_player_id`, `contract_club_id`, `contract_signDate`, `contract_expireDate`, `contract_salary`, `contract_number`, `contract_role`) VALUES (97, 'lyon', 2025, 2027, 68.0, 12, 'GK');
INSERT INTO Player(`player_id`, `player_name`, `player_lastname`, `player_country_id`, `player_positions`, `player_rating`, `player_potential`, `player_birth_year`, `player_height`) VALUES (98, 'Lucas', 'Armano', 'URU', 'GK', 83, 0, 1994, 186);
INSERT INTO Contract(`contract_player_id`, `contract_club_id`, `contract_signDate`, `contract_expireDate`, `contract_salary`, `contract_number`, `contract_role`) VALUES (98, 'realmadrid', 2025, 2027, 63.6, 1, 'GK');
INSERT INTO Player(`player_id`, `player_name`, `player_lastname`, `player_country_id`, `player_positions`, `player_rating`, `player_potential`, `player_birth_year`, `player_height`) VALUES (99, 'Juan Andreas', 'Carlos', 'ESP', 'LW SS', 85, 0, 1998, 176);
INSERT INTO Contract(`contract_player_id`, `contract_club_id`, `contract_signDate`, `contract_expireDate`, `contract_salary`, `contract_number`, `contract_role`) VALUES (99, 'barcelona', 2025, 2028, 75.3, 6, 'LW');
INSERT INTO Player(`player_id`, `player_name`, `player_lastname`, `player_country_id`, `player_positions`, `player_rating`, `player_potential`, `player_birth_year`, `player_height`) VALUES (100, 'Antoan', 'Tremis', 'FRA', 'LW AM', 85, 0, 1994, 180);
INSERT INTO Contract(`contract_player_id`, `contract_club_id`, `contract_signDate`, `contract_expireDate`, `contract_salary`, `contract_number`, `contract_role`) VALUES (100, 'marseille', 2025, 2028, 74.7, 10, 'LW');
INSERT INTO Player(`player_id`, `player_name`, `player_lastname`, `player_country_id`, `player_positions`, `player_rating`, `player_potential`, `player_birth_year`, `player_height`) VALUES (101, 'Josh', 'Gyias', 'GHA', 'LW ST', 85, 0, 1995, 183);
INSERT INTO Contract(`contract_player_id`, `contract_club_id`, `contract_signDate`, `contract_expireDate`, `contract_salary`, `contract_number`, `contract_role`) VALUES (101, 'milan', 2025, 2027, 75.8, 9, 'sub');
INSERT INTO Player(`player_id`, `player_name`, `player_lastname`, `player_country_id`, `player_positions`, `player_rating`, `player_potential`, `player_birth_year`, `player_height`) VALUES (102, 'Ivn', 'Quartez', 'ECU', 'RB', 85, 0, 1997, 176);
INSERT INTO Contract(`contract_player_id`, `contract_club_id`, `contract_signDate`, `contract_expireDate`, `contract_salary`, `contract_number`, `contract_role`) VALUES (102, 'barcelona', 2025, 2028, 76.0, 14, 'RB');
INSERT INTO Player(`player_id`, `player_name`, `player_lastname`, `player_country_id`, `player_positions`, `player_rating`, `player_potential`, `player_birth_year`, `player_height`) VALUES (103, 'Michael', 'Lewison', 'ENG', 'RW ST CF', 85, 0, 1995, 184);
INSERT INTO Contract(`contract_player_id`, `contract_club_id`, `contract_signDate`, `contract_expireDate`, `contract_salary`, `contract_number`, `contract_role`) VALUES (103, 'everton', 2025, 2028, 75.0, 10, 'sub');
INSERT INTO Player(`player_id`, `player_name`, `player_lastname`, `player_country_id`, `player_positions`, `player_rating`, `player_potential`, `player_birth_year`, `player_height`) VALUES (104, 'Marqisio', 'Sene', 'ESP', 'AM', 84, 85, 2003, 173);
INSERT INTO Contract(`contract_player_id`, `contract_club_id`, `contract_signDate`, `contract_expireDate`, `contract_salary`, `contract_number`, `contract_role`) VALUES (104, 'barcelona', 2025, 2028, 1.0, 8, 'AM');
INSERT INTO Player(`player_id`, `player_name`, `player_lastname`, `player_country_id`, `player_positions`, `player_rating`, `player_potential`, `player_birth_year`, `player_height`) VALUES (105, 'Elmis', 'Ramizaj', 'ALB', 'AM SS', 79, 0, 1995, 178);
INSERT INTO Contract(`contract_player_id`, `contract_club_id`, `contract_signDate`, `contract_expireDate`, `contract_salary`, `contract_number`, `contract_role`) VALUES (105, 'napoli', 2025, 2028, 44.0, 18, 'sub');
INSERT INTO Player(`player_id`, `player_name`, `player_lastname`, `player_country_id`, `player_positions`, `player_rating`, `player_potential`, `player_birth_year`, `player_height`) VALUES (106, 'David', 'Litenhainer', 'GER', 'CB', 84, 0, 1992, 189);
INSERT INTO Contract(`contract_player_id`, `contract_club_id`, `contract_signDate`, `contract_expireDate`, `contract_salary`, `contract_number`, `contract_role`) VALUES (106, 'bayerleverkusen', 2025, 2026, 70.0, 17, 'LCB');
INSERT INTO Player(`player_id`, `player_name`, `player_lastname`, `player_country_id`, `player_positions`, `player_rating`, `player_potential`, `player_birth_year`, `player_height`) VALUES (107, 'Stiven', 'Duyk', 'NED', 'CB', 84, 0, 1991, 185);
INSERT INTO Contract(`contract_player_id`, `contract_club_id`, `contract_signDate`, `contract_expireDate`, `contract_salary`, `contract_number`, `contract_role`) VALUES (107, 'everton', 2025, 2026, 69.0, 4, 'sub');
INSERT INTO Player(`player_id`, `player_name`, `player_lastname`, `player_country_id`, `player_positions`, `player_rating`, `player_potential`, `player_birth_year`, `player_height`) VALUES (108, '-', 'Bede', 'BRA', 'CB', 84, 0, 1993, 188);
INSERT INTO Contract(`contract_player_id`, `contract_club_id`, `contract_signDate`, `contract_expireDate`, `contract_salary`, `contract_number`, `contract_role`) VALUES (108, 'monaco', 2025, 2027, 70.0, 4, 'RCB');
INSERT INTO Player(`player_id`, `player_name`, `player_lastname`, `player_country_id`, `player_positions`, `player_rating`, `player_potential`, `player_birth_year`, `player_height`) VALUES (109, 'Aleksandar', 'Dejanovi', 'SRB', 'CB', 82, 0, 1991, 192);
INSERT INTO Contract(`contract_player_id`, `contract_club_id`, `contract_signDate`, `contract_expireDate`, `contract_salary`, `contract_number`, `contract_role`) VALUES (109, 'schalke', 2025, 2026, 58.6, 2, 'sub');
INSERT INTO Player(`player_id`, `player_name`, `player_lastname`, `player_country_id`, `player_positions`, `player_rating`, `player_potential`, `player_birth_year`, `player_height`) VALUES (110, 'Ahmet', 'Tocun', 'TUR', 'DM', 84, 0, 1996, 182);
INSERT INTO Contract(`contract_player_id`, `contract_club_id`, `contract_signDate`, `contract_expireDate`, `contract_salary`, `contract_number`, `contract_role`) VALUES (110, 'bayern', 2025, 2028, 69.0, 20, 'sub');
INSERT INTO Player(`player_id`, `player_name`, `player_lastname`, `player_country_id`, `player_positions`, `player_rating`, `player_potential`, `player_birth_year`, `player_height`) VALUES (111, 'Lucas', 'Veron', 'ARG', 'DM CM', 84, 0, 1995, 179);
INSERT INTO Contract(`contract_player_id`, `contract_club_id`, `contract_signDate`, `contract_expireDate`, `contract_salary`, `contract_number`, `contract_role`) VALUES (111, 'inter', 2025, 2027, 69.0, 18, 'sub');
INSERT INTO Player(`player_id`, `player_name`, `player_lastname`, `player_country_id`, `player_positions`, `player_rating`, `player_potential`, `player_birth_year`, `player_height`) VALUES (112, 'Robbie', 'Stevens', 'ENG', 'DM CM', 84, 0, 1993, 181);
INSERT INTO Contract(`contract_player_id`, `contract_club_id`, `contract_signDate`, `contract_expireDate`, `contract_salary`, `contract_number`, `contract_role`) VALUES (112, 'liverpool', 2025, 2027, 70.0, 10, 'sub');
INSERT INTO Player(`player_id`, `player_name`, `player_lastname`, `player_country_id`, `player_positions`, `player_rating`, `player_potential`, `player_birth_year`, `player_height`) VALUES (113, 'Mikel', 'Lavrettini', 'ITA', 'ST CF', 84, 0, 1998, 187);
INSERT INTO Contract(`contract_player_id`, `contract_club_id`, `contract_signDate`, `contract_expireDate`, `contract_salary`, `contract_number`, `contract_role`) VALUES (113, 'feyenoord', 2025, 2028, 70.0, 12, 'CF');
INSERT INTO Player(`player_id`, `player_name`, `player_lastname`, `player_country_id`, `player_positions`, `player_rating`, `player_potential`, `player_birth_year`, `player_height`) VALUES (114, 'Bryan', 'Rose', 'USA', 'ST SS', 84, 0, 1991, 178);
INSERT INTO Contract(`contract_player_id`, `contract_club_id`, `contract_signDate`, `contract_expireDate`, `contract_salary`, `contract_number`, `contract_role`) VALUES (114, 'galatasaray', 2025, 2026, 71.5, 20, 'SS');
INSERT INTO Player(`player_id`, `player_name`, `player_lastname`, `player_country_id`, `player_positions`, `player_rating`, `player_potential`, `player_birth_year`, `player_height`) VALUES (115, 'Nickey', 'Rachard', 'BEL', 'ST CF', 84, 0, 1996, 182);
INSERT INTO Contract(`contract_player_id`, `contract_club_id`, `contract_signDate`, `contract_expireDate`, `contract_salary`, `contract_number`, `contract_role`) VALUES (115, 'manchesterunited', 2025, 2028, 69.0, 4, 'sub');
INSERT INTO Player(`player_id`, `player_name`, `player_lastname`, `player_country_id`, `player_positions`, `player_rating`, `player_potential`, `player_birth_year`, `player_height`) VALUES (116, 'Renato', 'Marcaes', 'ANG', 'ST SS', 84, 0, 1994, 180);
INSERT INTO Contract(`contract_player_id`, `contract_club_id`, `contract_signDate`, `contract_expireDate`, `contract_salary`, `contract_number`, `contract_role`) VALUES (116, 'olympiacos', 2025, 2027, 75.0, 10, 'SS');
INSERT INTO Player(`player_id`, `player_name`, `player_lastname`, `player_country_id`, `player_positions`, `player_rating`, `player_potential`, `player_birth_year`, `player_height`) VALUES (117, 'Elare', 'Vargas', 'CHI', 'ST SS', 84, 0, 1998, 178);
INSERT INTO Contract(`contract_player_id`, `contract_club_id`, `contract_signDate`, `contract_expireDate`, `contract_salary`, `contract_number`, `contract_role`) VALUES (117, 'manchestercity', 2025, 2028, 65.0, 14, 'sub');
INSERT INTO Player(`player_id`, `player_name`, `player_lastname`, `player_country_id`, `player_positions`, `player_rating`, `player_potential`, `player_birth_year`, `player_height`) VALUES (118, 'Steven', 'Cairnwey', 'WAL', 'CM', 84, 0, 1994, 178);
INSERT INTO Contract(`contract_player_id`, `contract_club_id`, `contract_signDate`, `contract_expireDate`, `contract_salary`, `contract_number`, `contract_role`) VALUES (118, 'arsenal', 2025, 2027, 69.5, 11, 'RCM');
INSERT INTO Player(`player_id`, `player_name`, `player_lastname`, `player_country_id`, `player_positions`, `player_rating`, `player_potential`, `player_birth_year`, `player_height`) VALUES (119, 'Lart', 'Hernart', 'GER', 'CM', 84, 86, 2002, 179);
INSERT INTO Contract(`contract_player_id`, `contract_club_id`, `contract_signDate`, `contract_expireDate`, `contract_salary`, `contract_number`, `contract_role`) VALUES (119, 'bayerleverkusen', 2025, 2029, 60.0, 8, 'LCM');
INSERT INTO Player(`player_id`, `player_name`, `player_lastname`, `player_country_id`, `player_positions`, `player_rating`, `player_potential`, `player_birth_year`, `player_height`) VALUES (120, 'Marc', 'Phillips', 'GER', 'CM', 84, 0, 1996, 180);
INSERT INTO Contract(`contract_player_id`, `contract_club_id`, `contract_signDate`, `contract_expireDate`, `contract_salary`, `contract_number`, `contract_role`) VALUES (120, 'bayern', 2025, 2028, 70.0, 8, 'sub');
INSERT INTO Player(`player_id`, `player_name`, `player_lastname`, `player_country_id`, `player_positions`, `player_rating`, `player_potential`, `player_birth_year`, `player_height`) VALUES (121, 'Andre', 'Matteo', 'ITA', 'CM', 82, 0, 1996, 177);
INSERT INTO Contract(`contract_player_id`, `contract_club_id`, `contract_signDate`, `contract_expireDate`, `contract_salary`, `contract_number`, `contract_role`) VALUES (121, 'inter', 2025, 2028, 59.5, 12, 'sub');
INSERT INTO Player(`player_id`, `player_name`, `player_lastname`, `player_country_id`, `player_positions`, `player_rating`, `player_potential`, `player_birth_year`, `player_height`) VALUES (122, 'Elas', 'Navar', 'ESP', 'CM', 84, 0, 1994, 180);
INSERT INTO Contract(`contract_player_id`, `contract_club_id`, `contract_signDate`, `contract_expireDate`, `contract_salary`, `contract_number`, `contract_role`) VALUES (122, 'malaga', 2025, 2027, 69.5, 10, 'sub');
INSERT INTO Player(`player_id`, `player_name`, `player_lastname`, `player_country_id`, `player_positions`, `player_rating`, `player_potential`, `player_birth_year`, `player_height`) VALUES (123, 'Antonio Silva Mateus', 'Amateus', 'BRA', 'DM CM', 84, 0, 1997, 178);
INSERT INTO Contract(`contract_player_id`, `contract_club_id`, `contract_signDate`, `contract_expireDate`, `contract_salary`, `contract_number`, `contract_role`) VALUES (123, 'benfica', 2025, 2026, 70.0, 8, 'DM');
INSERT INTO Player(`player_id`, `player_name`, `player_lastname`, `player_country_id`, `player_positions`, `player_rating`, `player_potential`, `player_birth_year`, `player_height`) VALUES (124, 'Alvaro', 'Eite', 'POR', 'DM CM', 84, 0, 1993, 177);
INSERT INTO Contract(`contract_player_id`, `contract_club_id`, `contract_signDate`, `contract_expireDate`, `contract_salary`, `contract_number`, `contract_role`) VALUES (124, 'porto', 2025, 2028, 70.0, 6, 'DM');
INSERT INTO Player(`player_id`, `player_name`, `player_lastname`, `player_country_id`, `player_positions`, `player_rating`, `player_potential`, `player_birth_year`, `player_height`) VALUES (125, 'Fabio', 'Caitil', 'ITA', 'GK', 84, 0, 1991, 185);
INSERT INTO Contract(`contract_player_id`, `contract_club_id`, `contract_signDate`, `contract_expireDate`, `contract_salary`, `contract_number`, `contract_role`) VALUES (125, 'torino', 2025, 2027, 70.0, 3, 'GK');
INSERT INTO Player(`player_id`, `player_name`, `player_lastname`, `player_country_id`, `player_positions`, `player_rating`, `player_potential`, `player_birth_year`, `player_height`) VALUES (126, 'Enzo', 'Cerspe', 'URU', 'LB', 84, 0, 1996, 175);
INSERT INTO Contract(`contract_player_id`, `contract_club_id`, `contract_signDate`, `contract_expireDate`, `contract_salary`, `contract_number`, `contract_role`) VALUES (126, 'atleticodemadrid', 2025, 2028, 69.0, 6, 'sub');
INSERT INTO Player(`player_id`, `player_name`, `player_lastname`, `player_country_id`, `player_positions`, `player_rating`, `player_potential`, `player_birth_year`, `player_height`) VALUES (127, 'Rahmedi', 'Bendaddi', 'IRN', 'LB CB', 84, 0, 1997, 182);
INSERT INTO Contract(`contract_player_id`, `contract_club_id`, `contract_signDate`, `contract_expireDate`, `contract_salary`, `contract_number`, `contract_role`) VALUES (127, 'inter', 2025, 2029, 69.0, 8, 'sub');
INSERT INTO Player(`player_id`, `player_name`, `player_lastname`, `player_country_id`, `player_positions`, `player_rating`, `player_potential`, `player_birth_year`, `player_height`) VALUES (128, 'Antonio', 'Erkwane', 'FRA', 'LB', 84, 0, 1997, 177);
INSERT INTO Contract(`contract_player_id`, `contract_club_id`, `contract_signDate`, `contract_expireDate`, `contract_salary`, `contract_number`, `contract_role`) VALUES (128, 'lyon', 2025, 2028, 70.0, 4, 'LB');
INSERT INTO Player(`player_id`, `player_name`, `player_lastname`, `player_country_id`, `player_positions`, `player_rating`, `player_potential`, `player_birth_year`, `player_height`) VALUES (129, 'Saglan', 'Cegari', 'TUR', 'RB', 84, 0, 1997, 178);
INSERT INTO Contract(`contract_player_id`, `contract_club_id`, `contract_signDate`, `contract_expireDate`, `contract_salary`, `contract_number`, `contract_role`) VALUES (129, 'milan', 2025, 2029, 69.5, 8, 'sub');
INSERT INTO Player(`player_id`, `player_name`, `player_lastname`, `player_country_id`, `player_positions`, `player_rating`, `player_potential`, `player_birth_year`, `player_height`) VALUES (130, 'Marc', 'Callburn', 'ENG', 'RB', 84, 0, 2001, 179);
INSERT INTO Contract(`contract_player_id`, `contract_club_id`, `contract_signDate`, `contract_expireDate`, `contract_salary`, `contract_number`, `contract_role`) VALUES (130, 'chelsea', 2025, 2028, 45.0, 34, 'sub');
INSERT INTO Player(`player_id`, `player_name`, `player_lastname`, `player_country_id`, `player_positions`, `player_rating`, `player_potential`, `player_birth_year`, `player_height`) VALUES (131, 'Felipe', 'Berto', 'ESP', 'RB', 84, 0, 1994, 174);
INSERT INTO Contract(`contract_player_id`, `contract_club_id`, `contract_signDate`, `contract_expireDate`, `contract_salary`, `contract_number`, `contract_role`) VALUES (131, 'sevilla', 2025, 2027, 70.0, 4, 'sub');
INSERT INTO Player(`player_id`, `player_name`, `player_lastname`, `player_country_id`, `player_positions`, `player_rating`, `player_potential`, `player_birth_year`, `player_height`) VALUES (132, 'Mar-Ardouar', 'Genlet', 'FRA', 'RB RM', 84, 0, 2000, 180);
INSERT INTO Contract(`contract_player_id`, `contract_club_id`, `contract_signDate`, `contract_expireDate`, `contract_salary`, `contract_number`, `contract_role`) VALUES (132, 'bordeaux', 2025, 2027, 37.2, 4, 'RB');
INSERT INTO Player(`player_id`, `player_name`, `player_lastname`, `player_country_id`, `player_positions`, `player_rating`, `player_potential`, `player_birth_year`, `player_height`) VALUES (133, 'Perro', 'Gaicans', 'POR', 'RW SS', 84, 86, 2001, 179);
INSERT INTO Contract(`contract_player_id`, `contract_club_id`, `contract_signDate`, `contract_expireDate`, `contract_salary`, `contract_number`, `contract_role`) VALUES (133, 'sportinglisabon', 2025, 2027, 40.0, 14, 'RW');
INSERT INTO Player(`player_id`, `player_name`, `player_lastname`, `player_country_id`, `player_positions`, `player_rating`, `player_potential`, `player_birth_year`, `player_height`) VALUES (134, 'Amoroine', 'Hernandez', 'ARG', 'AM SS', 83, 0, 1999, 176);
INSERT INTO Contract(`contract_player_id`, `contract_club_id`, `contract_signDate`, `contract_expireDate`, `contract_salary`, `contract_number`, `contract_role`) VALUES (134, 'inter', 2025, 2027, 55.0, 20, 'sub');
INSERT INTO Player(`player_id`, `player_name`, `player_lastname`, `player_country_id`, `player_positions`, `player_rating`, `player_potential`, `player_birth_year`, `player_height`) VALUES (135, 'Rik', 'Svensen', 'NED', 'AM', 83, 85, 2002, 178);
INSERT INTO Contract(`contract_player_id`, `contract_club_id`, `contract_signDate`, `contract_expireDate`, `contract_salary`, `contract_number`, `contract_role`) VALUES (135, 'psv', 2025, 2028, 45.0, 5, 'AM');
INSERT INTO Player(`player_id`, `player_name`, `player_lastname`, `player_country_id`, `player_positions`, `player_rating`, `player_potential`, `player_birth_year`, `player_height`) VALUES (136, 'Kamil', 'Abitszar', 'GER', 'AM', 83, 0, 1995, 179);
INSERT INTO Contract(`contract_player_id`, `contract_club_id`, `contract_signDate`, `contract_expireDate`, `contract_salary`, `contract_number`, `contract_role`) VALUES (136, 'stuttgart', 2025, 2027, 63.5, 13, 'sub');
INSERT INTO Player(`player_id`, `player_name`, `player_lastname`, `player_country_id`, `player_positions`, `player_rating`, `player_potential`, `player_birth_year`, `player_height`) VALUES (137, 'William', 'Anderson', 'BRA', 'SS ST', 83, 0, 1996, 177);
INSERT INTO Contract(`contract_player_id`, `contract_club_id`, `contract_signDate`, `contract_expireDate`, `contract_salary`, `contract_number`, `contract_role`) VALUES (137, 'celtic', 2025, 2028, 63.9, 10, 'sub');
INSERT INTO Player(`player_id`, `player_name`, `player_lastname`, `player_country_id`, `player_positions`, `player_rating`, `player_potential`, `player_birth_year`, `player_height`) VALUES (138, 'Andreas', 'Centano', 'ITA', 'AM RW SS', 83, 85, 2002, 180);
INSERT INTO Contract(`contract_player_id`, `contract_club_id`, `contract_signDate`, `contract_expireDate`, `contract_salary`, `contract_number`, `contract_role`) VALUES (138, 'lazio', 2025, 2028, 44.0, 6, 'RAM');
INSERT INTO Player(`player_id`, `player_name`, `player_lastname`, `player_country_id`, `player_positions`, `player_rating`, `player_potential`, `player_birth_year`, `player_height`) VALUES (139, 'Mourrier', 'Lagaba', 'CMR', 'CB', 83, 0, 1997, 194);
INSERT INTO Contract(`contract_player_id`, `contract_club_id`, `contract_signDate`, `contract_expireDate`, `contract_salary`, `contract_number`, `contract_role`) VALUES (139, 'arsenal', 2025, 2028, 63.5, 13, 'LCB');
INSERT INTO Player(`player_id`, `player_name`, `player_lastname`, `player_country_id`, `player_positions`, `player_rating`, `player_potential`, `player_birth_year`, `player_height`) VALUES (140, 'Oskar', 'Greifer', 'GER', 'CB', 83, 0, 1998, 186);
INSERT INTO Contract(`contract_player_id`, `contract_club_id`, `contract_signDate`, `contract_expireDate`, `contract_salary`, `contract_number`, `contract_role`) VALUES (140, 'gladbach', 2025, 2026, 43.0, 13, 'sub');
INSERT INTO Player(`player_id`, `player_name`, `player_lastname`, `player_country_id`, `player_positions`, `player_rating`, `player_potential`, `player_birth_year`, `player_height`) VALUES (141, 'Felipes', 'Ivano', 'BRA', 'CB', 83, 0, 2000, 188);
INSERT INTO Contract(`contract_player_id`, `contract_club_id`, `contract_signDate`, `contract_expireDate`, `contract_salary`, `contract_number`, `contract_role`) VALUES (141, 'lazio', 2025, 2028, 43.0, 3, 'LCB');
INSERT INTO Player(`player_id`, `player_name`, `player_lastname`, `player_country_id`, `player_positions`, `player_rating`, `player_potential`, `player_birth_year`, `player_height`) VALUES (142, 'Stratis', 'Arkonstatopoulos', 'GRE', 'CB', 83, 0, 1995, 189);
INSERT INTO Contract(`contract_player_id`, `contract_club_id`, `contract_signDate`, `contract_expireDate`, `contract_salary`, `contract_number`, `contract_role`) VALUES (142, 'malaga', 2025, 2026, 64.0, 8, 'sub');
INSERT INTO Player(`player_id`, `player_name`, `player_lastname`, `player_country_id`, `player_positions`, `player_rating`, `player_potential`, `player_birth_year`, `player_height`) VALUES (143, 'Gair', 'Ardiok', 'FRA', 'CB', 83, 0, 1996, 185);
INSERT INTO Contract(`contract_player_id`, `contract_club_id`, `contract_signDate`, `contract_expireDate`, `contract_salary`, `contract_number`, `contract_role`) VALUES (143, 'manchesterunited', 2025, 2028, 63.5, 3, 'sub');
INSERT INTO Player(`player_id`, `player_name`, `player_lastname`, `player_country_id`, `player_positions`, `player_rating`, `player_potential`, `player_birth_year`, `player_height`) VALUES (144, '-', 'Carlos Gomes', 'BRA', 'CB', 83, 85, 1999, 193);
INSERT INTO Contract(`contract_player_id`, `contract_club_id`, `contract_signDate`, `contract_expireDate`, `contract_salary`, `contract_number`, `contract_role`) VALUES (144, 'valencia', 2025, 2026, 46.0, 3, 'LCB');
INSERT INTO Player(`player_id`, `player_name`, `player_lastname`, `player_country_id`, `player_positions`, `player_rating`, `player_potential`, `player_birth_year`, `player_height`) VALUES (145, 'Vitorio', 'Saneli', 'ITA', 'CB RB', 83, 0, 1990, 185);
INSERT INTO Contract(`contract_player_id`, `contract_club_id`, `contract_signDate`, `contract_expireDate`, `contract_salary`, `contract_number`, `contract_role`) VALUES (145, 'sampdoria', 2025, 2028, 63.5, 7, 'sub');
INSERT INTO Player(`player_id`, `player_name`, `player_lastname`, `player_country_id`, `player_positions`, `player_rating`, `player_potential`, `player_birth_year`, `player_height`) VALUES (146, 'Alex', 'Salitandjo', 'NED', 'DM', 83, 85, 2002, 185);
INSERT INTO Contract(`contract_player_id`, `contract_club_id`, `contract_signDate`, `contract_expireDate`, `contract_salary`, `contract_number`, `contract_role`) VALUES (146, 'feyenoord', 2025, 2026, 40.0, 5, 'DM');
INSERT INTO Player(`player_id`, `player_name`, `player_lastname`, `player_country_id`, `player_positions`, `player_rating`, `player_potential`, `player_birth_year`, `player_height`) VALUES (147, 'Carlos', 'Jeivle', 'POR', 'DM', 83, 0, 1997, 184);
INSERT INTO Contract(`contract_player_id`, `contract_club_id`, `contract_signDate`, `contract_expireDate`, `contract_salary`, `contract_number`, `contract_role`) VALUES (147, 'sportinglisabon', 2025, 2027, 65.0, 13, 'DM');
INSERT INTO Player(`player_id`, `player_name`, `player_lastname`, `player_country_id`, `player_positions`, `player_rating`, `player_potential`, `player_birth_year`, `player_height`) VALUES (148, 'Fenerico', 'Encapar', 'ARG', 'DM', 83, 0, 1996, 178);
INSERT INTO Contract(`contract_player_id`, `contract_club_id`, `contract_signDate`, `contract_expireDate`, `contract_salary`, `contract_number`, `contract_role`) VALUES (148, 'villarreal', 2025, 2028, 63.5, 6, 'sub');
INSERT INTO Player(`player_id`, `player_name`, `player_lastname`, `player_country_id`, `player_positions`, `player_rating`, `player_potential`, `player_birth_year`, `player_height`) VALUES (149, 'Gavier', 'Sagal', 'CMR', 'ST CF', 83, 0, 2000, 186);
INSERT INTO Contract(`contract_player_id`, `contract_club_id`, `contract_signDate`, `contract_expireDate`, `contract_salary`, `contract_number`, `contract_role`) VALUES (149, 'lazio', 2025, 2026, 33.0, 8, 'CF');
INSERT INTO Player(`player_id`, `player_name`, `player_lastname`, `player_country_id`, `player_positions`, `player_rating`, `player_potential`, `player_birth_year`, `player_height`) VALUES (150, 'Alexander', 'Lener', 'SWE', 'CF ST', 76, 0, 1998, 191);
INSERT INTO Contract(`contract_player_id`, `contract_club_id`, `contract_signDate`, `contract_expireDate`, `contract_salary`, `contract_number`, `contract_role`) VALUES (150, 'malaga', 2025, 2027, 23.5, 11, 'sub');
INSERT INTO Player(`player_id`, `player_name`, `player_lastname`, `player_country_id`, `player_positions`, `player_rating`, `player_potential`, `player_birth_year`, `player_height`) VALUES (151, 'Arduar', 'Ledese', 'FRA', 'ST CF', 83, 0, 2000, 187);
INSERT INTO Contract(`contract_player_id`, `contract_club_id`, `contract_signDate`, `contract_expireDate`, `contract_salary`, `contract_number`, `contract_role`) VALUES (151, 'nice', 2025, 2027, 38.0, 3, 'CF');
INSERT INTO Player(`player_id`, `player_name`, `player_lastname`, `player_country_id`, `player_positions`, `player_rating`, `player_potential`, `player_birth_year`, `player_height`) VALUES (152, 'Tolan', 'Sossale', 'ITA', 'ST CF', 83, 85, 1999, 181);
INSERT INTO Contract(`contract_player_id`, `contract_club_id`, `contract_signDate`, `contract_expireDate`, `contract_salary`, `contract_number`, `contract_role`) VALUES (152, 'torino', 2025, 2027, 49.0, 10, 'sub');
INSERT INTO Player(`player_id`, `player_name`, `player_lastname`, `player_country_id`, `player_positions`, `player_rating`, `player_potential`, `player_birth_year`, `player_height`) VALUES (153, 'Junner', 'Von Herligt', 'NED', 'CM', 83, 86, 2005, 182);
INSERT INTO Contract(`contract_player_id`, `contract_club_id`, `contract_signDate`, `contract_expireDate`, `contract_salary`, `contract_number`, `contract_role`) VALUES (153, 'ajax', 2025, 2028, 1.0, 10, 'LCM');
INSERT INTO Player(`player_id`, `player_name`, `player_lastname`, `player_country_id`, `player_positions`, `player_rating`, `player_potential`, `player_birth_year`, `player_height`) VALUES (154, 'Mirgjin', 'Janz', 'ALB', 'CM', 83, 0, 1999, 179);
INSERT INTO Contract(`contract_player_id`, `contract_club_id`, `contract_signDate`, `contract_expireDate`, `contract_salary`, `contract_number`, `contract_role`) VALUES (154, 'basaksehir', 2025, 2028, 65.0, 3, 'sub');
INSERT INTO Player(`player_id`, `player_name`, `player_lastname`, `player_country_id`, `player_positions`, `player_rating`, `player_potential`, `player_birth_year`, `player_height`) VALUES (155, 'Fernando', 'Jerrera', 'ESP', 'CM', 83, 0, 1996, 179);
INSERT INTO Contract(`contract_player_id`, `contract_club_id`, `contract_signDate`, `contract_expireDate`, `contract_salary`, `contract_number`, `contract_role`) VALUES (155, 'liverpool', 2025, 2027, 63.5, 8, 'sub');
INSERT INTO Player(`player_id`, `player_name`, `player_lastname`, `player_country_id`, `player_positions`, `player_rating`, `player_potential`, `player_birth_year`, `player_height`) VALUES (156, 'Albert', 'Stehlanger', 'AUT', 'CM', 83, 0, 1997, 179);
INSERT INTO Contract(`contract_player_id`, `contract_club_id`, `contract_signDate`, `contract_expireDate`, `contract_salary`, `contract_number`, `contract_role`) VALUES (156, 'salzburg', 2025, 2027, 63.7, 4, 'CM');
INSERT INTO Player(`player_id`, `player_name`, `player_lastname`, `player_country_id`, `player_positions`, `player_rating`, `player_potential`, `player_birth_year`, `player_height`) VALUES (157, 'Frans', 'Da Camras', 'POR', 'CM', 83, 0, 1990, 181);
INSERT INTO Contract(`contract_player_id`, `contract_club_id`, `contract_signDate`, `contract_expireDate`, `contract_salary`, `contract_number`, `contract_role`) VALUES (157, 'guimaraes', 2025, 2028, 63.5, 11, 'sub');
INSERT INTO Player(`player_id`, `player_name`, `player_lastname`, `player_country_id`, `player_positions`, `player_rating`, `player_potential`, `player_birth_year`, `player_height`) VALUES (158, 'Diego Luis', 'Isas', 'ESP', 'CM AM', 83, 0, 1994, 174);
INSERT INTO Contract(`contract_player_id`, `contract_club_id`, `contract_signDate`, `contract_expireDate`, `contract_salary`, `contract_number`, `contract_role`) VALUES (158, 'valencia', 2025, 2026, 63.2, 10, 'LCM');
INSERT INTO Player(`player_id`, `player_name`, `player_lastname`, `player_country_id`, `player_positions`, `player_rating`, `player_potential`, `player_birth_year`, `player_height`) VALUES (159, 'Erique', 'Mauricio', 'POR', 'GK', 80, 0, 1992, 189);
INSERT INTO Contract(`contract_player_id`, `contract_club_id`, `contract_signDate`, `contract_expireDate`, `contract_salary`, `contract_number`, `contract_role`) VALUES (159, 'benfica', 2025, 2027, 49.3, 23, 'GK');
INSERT INTO Player(`player_id`, `player_name`, `player_lastname`, `player_country_id`, `player_positions`, `player_rating`, `player_potential`, `player_birth_year`, `player_height`) VALUES (160, 'Pentro', 'Jualarn', 'COL', 'LB', 83, 0, 1999, 177);
INSERT INTO Contract(`contract_player_id`, `contract_club_id`, `contract_signDate`, `contract_expireDate`, `contract_salary`, `contract_number`, `contract_role`) VALUES (160, 'tottenham', 2025, 2028, 64.0, 12, 'sub');
INSERT INTO Player(`player_id`, `player_name`, `player_lastname`, `player_country_id`, `player_positions`, `player_rating`, `player_potential`, `player_birth_year`, `player_height`) VALUES (161, 'Andre', 'Grimao', 'POR', 'LB LM', 83, 87, 2000, 175);
INSERT INTO Contract(`contract_player_id`, `contract_club_id`, `contract_signDate`, `contract_expireDate`, `contract_salary`, `contract_number`, `contract_role`) VALUES (161, 'sportinglisabon', 2025, 2026, 34.4, 9, 'LB');
INSERT INTO Player(`player_id`, `player_name`, `player_lastname`, `player_country_id`, `player_positions`, `player_rating`, `player_potential`, `player_birth_year`, `player_height`) VALUES (162, 'Qashandalama', 'Zeah', 'RSA', 'RW SS', 83, 84, 2002, 177);
INSERT INTO Contract(`contract_player_id`, `contract_club_id`, `contract_signDate`, `contract_expireDate`, `contract_salary`, `contract_number`, `contract_role`) VALUES (162, 'fulham', 2025, 2027, 34.0, 3, 'sub');
INSERT INTO Player(`player_id`, `player_name`, `player_lastname`, `player_country_id`, `player_positions`, `player_rating`, `player_potential`, `player_birth_year`, `player_height`) VALUES (163, 'Lezett', 'Hane', 'GER', 'LW', 83, 85, 2002, 175);
INSERT INTO Contract(`contract_player_id`, `contract_club_id`, `contract_signDate`, `contract_expireDate`, `contract_salary`, `contract_number`, `contract_role`) VALUES (163, 'koln', 2025, 2027, 29.5, 10, 'LW');
INSERT INTO Player(`player_id`, `player_name`, `player_lastname`, `player_country_id`, `player_positions`, `player_rating`, `player_potential`, `player_birth_year`, `player_height`) VALUES (164, 'Nurbert', 'Wude', 'GER', 'LW AM', 83, 85, 2002, 175);
INSERT INTO Contract(`contract_player_id`, `contract_club_id`, `contract_signDate`, `contract_expireDate`, `contract_salary`, `contract_number`, `contract_role`) VALUES (164, 'dortmund', 2025, 2028, 40.0, 3, 'sub');
INSERT INTO Player(`player_id`, `player_name`, `player_lastname`, `player_country_id`, `player_positions`, `player_rating`, `player_potential`, `player_birth_year`, `player_height`) VALUES (165, 'Gilles', 'Cahrisovyi', 'BEL', 'RB', 83, 0, 1993, 175);
INSERT INTO Contract(`contract_player_id`, `contract_club_id`, `contract_signDate`, `contract_expireDate`, `contract_salary`, `contract_number`, `contract_role`) VALUES (165, 'rsca', 2025, 2027, 64.0, 12, 'RB');
INSERT INTO Player(`player_id`, `player_name`, `player_lastname`, `player_country_id`, `player_positions`, `player_rating`, `player_potential`, `player_birth_year`, `player_height`) VALUES (166, 'Eduarde', 'Torrane', 'FRA', 'RB', 83, 0, 2000, 179);
INSERT INTO Contract(`contract_player_id`, `contract_club_id`, `contract_signDate`, `contract_expireDate`, `contract_salary`, `contract_number`, `contract_role`) VALUES (166, 'lyon', 2025, 2027, 41.0, 7, 'RB');
INSERT INTO Player(`player_id`, `player_name`, `player_lastname`, `player_country_id`, `player_positions`, `player_rating`, `player_potential`, `player_birth_year`, `player_height`) VALUES (167, 'Kim-Yeong', 'Sang', 'KOR', 'CM', 83, 0, 1996, 175);
INSERT INTO Contract(`contract_player_id`, `contract_club_id`, `contract_signDate`, `contract_expireDate`, `contract_salary`, `contract_number`, `contract_role`) VALUES (167, 'arsenal', 2025, 2028, 64.0, 4, 'LCM');
INSERT INTO Player(`player_id`, `player_name`, `player_lastname`, `player_country_id`, `player_positions`, `player_rating`, `player_potential`, `player_birth_year`, `player_height`) VALUES (168, 'Gaston', 'Caya', 'CHI', 'RW RM', 83, 84, 2001, 174);
INSERT INTO Contract(`contract_player_id`, `contract_club_id`, `contract_signDate`, `contract_expireDate`, `contract_salary`, `contract_number`, `contract_role`) VALUES (168, 'realmadrid', 2025, 2028, 49.0, 40, 'RW');
INSERT INTO Player(`player_id`, `player_name`, `player_lastname`, `player_country_id`, `player_positions`, `player_rating`, `player_potential`, `player_birth_year`, `player_height`) VALUES (169, 'Andrea', 'Boressi', 'ITA', 'AM SS', 82, 0, 1990, 172);
INSERT INTO Contract(`contract_player_id`, `contract_club_id`, `contract_signDate`, `contract_expireDate`, `contract_salary`, `contract_number`, `contract_role`) VALUES (169, 'sampdoria', 2025, 2027, 59.0, 10, 'sub');
INSERT INTO Player(`player_id`, `player_name`, `player_lastname`, `player_country_id`, `player_positions`, `player_rating`, `player_potential`, `player_birth_year`, `player_height`) VALUES (170, 'Graham', 'Quersant', 'FRA', 'RW AM', 82, 0, 1999, 179);
INSERT INTO Contract(`contract_player_id`, `contract_club_id`, `contract_signDate`, `contract_expireDate`, `contract_salary`, `contract_number`, `contract_role`) VALUES (170, 'nice', 2025, 2026, 58.0, 4, 'RAM');
INSERT INTO Player(`player_id`, `player_name`, `player_lastname`, `player_country_id`, `player_positions`, `player_rating`, `player_potential`, `player_birth_year`, `player_height`) VALUES (171, 'Alex', 'de Braagi', 'SUI', 'CB', 82, 0, 1992, 191);
INSERT INTO Contract(`contract_player_id`, `contract_club_id`, `contract_signDate`, `contract_expireDate`, `contract_salary`, `contract_number`, `contract_role`) VALUES (171, 'barcelona', 2025, 2026, 58.5, 17, 'LCB');
INSERT INTO Player(`player_id`, `player_name`, `player_lastname`, `player_country_id`, `player_positions`, `player_rating`, `player_potential`, `player_birth_year`, `player_height`) VALUES (172, 'Christian', 'Webelan', 'SWE', 'CB', 82, 0, 2000, 187);
INSERT INTO Contract(`contract_player_id`, `contract_club_id`, `contract_signDate`, `contract_expireDate`, `contract_salary`, `contract_number`, `contract_role`) VALUES (172, 'cskamoscow', 2025, 2028, 50.0, 2, 'LCB');
INSERT INTO Player(`player_id`, `player_name`, `player_lastname`, `player_country_id`, `player_positions`, `player_rating`, `player_potential`, `player_birth_year`, `player_height`) VALUES (173, 'Raulo', 'Celon', 'BRA', 'CB', 82, 83, 2000, 187);
INSERT INTO Contract(`contract_player_id`, `contract_club_id`, `contract_signDate`, `contract_expireDate`, `contract_salary`, `contract_number`, `contract_role`) VALUES (173, 'everton', 2025, 2027, 26.0, 5, 'sub');
INSERT INTO Player(`player_id`, `player_name`, `player_lastname`, `player_country_id`, `player_positions`, `player_rating`, `player_potential`, `player_birth_year`, `player_height`) VALUES (174, 'Steve', 'Khadza', 'FRA', 'CB', 82, 0, 1991, 183);
INSERT INTO Contract(`contract_player_id`, `contract_club_id`, `contract_signDate`, `contract_expireDate`, `contract_salary`, `contract_number`, `contract_role`) VALUES (174, 'monaco', 2025, 2027, 58.5, 3, 'LCB');
INSERT INTO Player(`player_id`, `player_name`, `player_lastname`, `player_country_id`, `player_positions`, `player_rating`, `player_potential`, `player_birth_year`, `player_height`) VALUES (175, 'Otavian', 'Fabrizio', 'ARG', 'CB', 82, 0, 1994, 185);
INSERT INTO Contract(`contract_player_id`, `contract_club_id`, `contract_signDate`, `contract_expireDate`, `contract_salary`, `contract_number`, `contract_role`) VALUES (175, 'lyon', 2025, 2027, 58.7, 11, 'LCB');
INSERT INTO Player(`player_id`, `player_name`, `player_lastname`, `player_country_id`, `player_positions`, `player_rating`, `player_potential`, `player_birth_year`, `player_height`) VALUES (176, 'Ajlem', 'Eridzi', 'MKD', 'DM', 82, 0, 1996, 178);
INSERT INTO Contract(`contract_player_id`, `contract_club_id`, `contract_signDate`, `contract_expireDate`, `contract_salary`, `contract_number`, `contract_role`) VALUES (176, 'basaksehir', 2025, 2027, 58.0, 7, 'sub');
INSERT INTO Player(`player_id`, `player_name`, `player_lastname`, `player_country_id`, `player_positions`, `player_rating`, `player_potential`, `player_birth_year`, `player_height`) VALUES (177, 'Kelyan', 'Fortanes', 'URU', 'DM', 82, 0, 1995, 178);
INSERT INTO Contract(`contract_player_id`, `contract_club_id`, `contract_signDate`, `contract_expireDate`, `contract_salary`, `contract_number`, `contract_role`) VALUES (177, 'monaco', 2025, 2028, 58.0, 16, 'DM');
INSERT INTO Player(`player_id`, `player_name`, `player_lastname`, `player_country_id`, `player_positions`, `player_rating`, `player_potential`, `player_birth_year`, `player_height`) VALUES (178, 'Amir', 'Tuerrier', 'FRA', 'DM', 82, 0, 1996, 179);
INSERT INTO Contract(`contract_player_id`, `contract_club_id`, `contract_signDate`, `contract_expireDate`, `contract_salary`, `contract_number`, `contract_role`) VALUES (178, 'nice', 2025, 2027, 58.0, 2, 'DM');
INSERT INTO Player(`player_id`, `player_name`, `player_lastname`, `player_country_id`, `player_positions`, `player_rating`, `player_potential`, `player_birth_year`, `player_height`) VALUES (179, 'Claudio', 'Eranga', 'COL', 'DM', 82, 84, 1999, 177);
INSERT INTO Contract(`contract_player_id`, `contract_club_id`, `contract_signDate`, `contract_expireDate`, `contract_salary`, `contract_number`, `contract_role`) VALUES (179, 'salzburg', 2025, 2027, 37.0, 14, 'DM');
INSERT INTO Player(`player_id`, `player_name`, `player_lastname`, `player_country_id`, `player_positions`, `player_rating`, `player_potential`, `player_birth_year`, `player_height`) VALUES (180, 'Klaas', 'Van Neil', 'NED', 'CF', 82, 0, 1992, 193);
INSERT INTO Contract(`contract_player_id`, `contract_club_id`, `contract_signDate`, `contract_expireDate`, `contract_salary`, `contract_number`, `contract_role`) VALUES (180, 'ajax', 2025, 2028, 60.0, 9, 'CF');
INSERT INTO Player(`player_id`, `player_name`, `player_lastname`, `player_country_id`, `player_positions`, `player_rating`, `player_potential`, `player_birth_year`, `player_height`) VALUES (181, 'Guilimir', 'Erasovas', 'TUR', 'CF', 82, 0, 1998, 192);
INSERT INTO Contract(`contract_player_id`, `contract_club_id`, `contract_signDate`, `contract_expireDate`, `contract_salary`, `contract_number`, `contract_role`) VALUES (181, 'basaksehir', 2025, 2028, 59.0, 6, 'sub');
INSERT INTO Player(`player_id`, `player_name`, `player_lastname`, `player_country_id`, `player_positions`, `player_rating`, `player_potential`, `player_birth_year`, `player_height`) VALUES (182, 'Rasmus', 'Gildeberg', 'DEN', 'ST CF', 82, 0, 1995, 184);
INSERT INTO Contract(`contract_player_id`, `contract_club_id`, `contract_signDate`, `contract_expireDate`, `contract_salary`, `contract_number`, `contract_role`) VALUES (182, 'bayerleverkusen', 2025, 2027, 58.5, 12, 'CF');
INSERT INTO Player(`player_id`, `player_name`, `player_lastname`, `player_country_id`, `player_positions`, `player_rating`, `player_potential`, `player_birth_year`, `player_height`) VALUES (183, 'Azoluai', 'Ramil', 'FRA', 'ST CF', 82, 0, 1998, 185);
INSERT INTO Contract(`contract_player_id`, `contract_club_id`, `contract_signDate`, `contract_expireDate`, `contract_salary`, `contract_number`, `contract_role`) VALUES (183, 'marseille', 2025, 2026, 59.7, 7, 'CF');
INSERT INTO Player(`player_id`, `player_name`, `player_lastname`, `player_country_id`, `player_positions`, `player_rating`, `player_potential`, `player_birth_year`, `player_height`) VALUES (184, 'Julian', 'Gomez', 'URU', 'ST CF', 82, 0, 1995, 180);
INSERT INTO Contract(`contract_player_id`, `contract_club_id`, `contract_signDate`, `contract_expireDate`, `contract_salary`, `contract_number`, `contract_role`) VALUES (184, 'realsociedad', 2025, 2028, 60.0, 10, 'sub');
INSERT INTO Player(`player_id`, `player_name`, `player_lastname`, `player_country_id`, `player_positions`, `player_rating`, `player_potential`, `player_birth_year`, `player_height`) VALUES (185, 'Juanchu', 'Elefarette', 'ARG', 'SS AM', 82, 0, 1995, 174);
INSERT INTO Contract(`contract_player_id`, `contract_club_id`, `contract_signDate`, `contract_expireDate`, `contract_salary`, `contract_number`, `contract_role`) VALUES (185, 'napoli', 2025, 2027, 60.0, 8, 'sub');
INSERT INTO Player(`player_id`, `player_name`, `player_lastname`, `player_country_id`, `player_positions`, `player_rating`, `player_potential`, `player_birth_year`, `player_height`) VALUES (186, 'Aewu', 'Jamal', 'NGR', 'ST RW', 82, 83, 2001, 178);
INSERT INTO Contract(`contract_player_id`, `contract_club_id`, `contract_signDate`, `contract_expireDate`, `contract_salary`, `contract_number`, `contract_role`) VALUES (186, 'crystalpalace', 2025, 2027, 42.0, 6, 'sub');
INSERT INTO Player(`player_id`, `player_name`, `player_lastname`, `player_country_id`, `player_positions`, `player_rating`, `player_potential`, `player_birth_year`, `player_height`) VALUES (187, 'Alan', 'Ramos', 'ESP', 'CM', 82, 0, 1997, 180);
INSERT INTO Contract(`contract_player_id`, `contract_club_id`, `contract_signDate`, `contract_expireDate`, `contract_salary`, `contract_number`, `contract_role`) VALUES (187, 'roma', 2025, 2029, 58.0, 5, 'sub');
INSERT INTO Player(`player_id`, `player_name`, `player_lastname`, `player_country_id`, `player_positions`, `player_rating`, `player_potential`, `player_birth_year`, `player_height`) VALUES (188, '-', 'Lessandro', 'ARG', 'CM AM', 82, 0, 1998, 176);
INSERT INTO Contract(`contract_player_id`, `contract_club_id`, `contract_signDate`, `contract_expireDate`, `contract_salary`, `contract_number`, `contract_role`) VALUES (188, 'psg', 2025, 2027, 58.5, 2, 'LAM');
INSERT INTO Player(`player_id`, `player_name`, `player_lastname`, `player_country_id`, `player_positions`, `player_rating`, `player_potential`, `player_birth_year`, `player_height`) VALUES (189, 'Yurff', 'Sven', 'GER', 'GK', 82, 0, 1997, 183);
INSERT INTO Contract(`contract_player_id`, `contract_club_id`, `contract_signDate`, `contract_expireDate`, `contract_salary`, `contract_number`, `contract_role`) VALUES (189, 'dortmund', 2025, 2029, 59.0, 11, 'GK');
INSERT INTO Player(`player_id`, `player_name`, `player_lastname`, `player_country_id`, `player_positions`, `player_rating`, `player_potential`, `player_birth_year`, `player_height`) VALUES (190, 'Brad', 'Host', 'SCO', 'GK', 82, 0, 1992, 185);
INSERT INTO Contract(`contract_player_id`, `contract_club_id`, `contract_signDate`, `contract_expireDate`, `contract_salary`, `contract_number`, `contract_role`) VALUES (190, 'celtic', 2025, 2028, 57.0, 2, 'GK');
INSERT INTO Player(`player_id`, `player_name`, `player_lastname`, `player_country_id`, `player_positions`, `player_rating`, `player_potential`, `player_birth_year`, `player_height`) VALUES (191, 'Alaran', 'Perez', 'ARG', 'LB', 82, 0, 1995, 173);
INSERT INTO Contract(`contract_player_id`, `contract_club_id`, `contract_signDate`, `contract_expireDate`, `contract_salary`, `contract_number`, `contract_role`) VALUES (191, 'milan', 2025, 2027, 59.0, 2, 'sub');
INSERT INTO Player(`player_id`, `player_name`, `player_lastname`, `player_country_id`, `player_positions`, `player_rating`, `player_potential`, `player_birth_year`, `player_height`) VALUES (192, 'Alem', 'Jirzhum', 'ALB', 'LB', 82, 0, 1998, 175);
INSERT INTO Contract(`contract_player_id`, `contract_club_id`, `contract_signDate`, `contract_expireDate`, `contract_salary`, `contract_number`, `contract_role`) VALUES (192, 'rsca', 2025, 2027, 59.0, 3, 'LB');
INSERT INTO Player(`player_id`, `player_name`, `player_lastname`, `player_country_id`, `player_positions`, `player_rating`, `player_potential`, `player_birth_year`, `player_height`) VALUES (193, 'Alen', 'Fereiro', 'POR', 'LB', 82, 0, 1997, 177);
INSERT INTO Contract(`contract_player_id`, `contract_club_id`, `contract_signDate`, `contract_expireDate`, `contract_salary`, `contract_number`, `contract_role`) VALUES (193, 'benfica', 2025, 2027, 58.3, 16, 'LB');
INSERT INTO Player(`player_id`, `player_name`, `player_lastname`, `player_country_id`, `player_positions`, `player_rating`, `player_potential`, `player_birth_year`, `player_height`) VALUES (194, 'Leano', 'Bailley', 'FRA', 'LB', 82, 0, 1999, 178);
INSERT INTO Contract(`contract_player_id`, `contract_club_id`, `contract_signDate`, `contract_expireDate`, `contract_salary`, `contract_number`, `contract_role`) VALUES (194, 'chelsea', 2025, 2028, 53.0, 3, 'sub');
INSERT INTO Player(`player_id`, `player_name`, `player_lastname`, `player_country_id`, `player_positions`, `player_rating`, `player_potential`, `player_birth_year`, `player_height`) VALUES (195, 'Derreck', 'Angalvan', 'FRA', 'LB', 75, 0, 1998, 181);
INSERT INTO Contract(`contract_player_id`, `contract_club_id`, `contract_signDate`, `contract_expireDate`, `contract_salary`, `contract_number`, `contract_role`) VALUES (195, 'monaco', 2025, 2026, 21.0, 11, 'LB');
INSERT INTO Player(`player_id`, `player_name`, `player_lastname`, `player_country_id`, `player_positions`, `player_rating`, `player_potential`, `player_birth_year`, `player_height`) VALUES (196, 'Joao', 'Cossouer', 'FRA', 'LW SS AM', 82, 86, 2003, 175);
INSERT INTO Contract(`contract_player_id`, `contract_club_id`, `contract_signDate`, `contract_expireDate`, `contract_salary`, `contract_number`, `contract_role`) VALUES (196, 'lyon', 2025, 2027, 32.0, 6, 'LW');
INSERT INTO Player(`player_id`, `player_name`, `player_lastname`, `player_country_id`, `player_positions`, `player_rating`, `player_potential`, `player_birth_year`, `player_height`) VALUES (197, 'Marc', 'Baumkneer', 'BEL', 'RB', 82, 83, 2001, 175);
INSERT INTO Contract(`contract_player_id`, `contract_club_id`, `contract_signDate`, `contract_expireDate`, `contract_salary`, `contract_number`, `contract_role`) VALUES (197, 'genk', 2025, 2028, 39.0, 26, 'sub');
INSERT INTO Player(`player_id`, `player_name`, `player_lastname`, `player_country_id`, `player_positions`, `player_rating`, `player_potential`, `player_birth_year`, `player_height`) VALUES (198, 'Antonio', 'Lugano', 'URU', 'RB', 82, 0, 1996, 176);
INSERT INTO Contract(`contract_player_id`, `contract_club_id`, `contract_signDate`, `contract_expireDate`, `contract_salary`, `contract_number`, `contract_role`) VALUES (198, 'napoli', 2025, 2027, 58.3, 6, 'sub');
INSERT INTO Player(`player_id`, `player_name`, `player_lastname`, `player_country_id`, `player_positions`, `player_rating`, `player_potential`, `player_birth_year`, `player_height`) VALUES (199, 'Alion', 'Nesalera', 'BRA', 'RM RB', 82, 83, 2000, 177);
INSERT INTO Contract(`contract_player_id`, `contract_club_id`, `contract_signDate`, `contract_expireDate`, `contract_salary`, `contract_number`, `contract_role`) VALUES (199, 'ajax', 2025, 2026, 25.0, 22, 'RB');
INSERT INTO Player(`player_id`, `player_name`, `player_lastname`, `player_country_id`, `player_positions`, `player_rating`, `player_potential`, `player_birth_year`, `player_height`) VALUES (200, 'Julian', 'Grobe', 'GER', 'RW', 82, 83, 2001, 176);
INSERT INTO Contract(`contract_player_id`, `contract_club_id`, `contract_signDate`, `contract_expireDate`, `contract_salary`, `contract_number`, `contract_role`) VALUES (200, 'bayerleverkusen', 2025, 2028, 39.0, 3, 'RW');
INSERT INTO Player(`player_id`, `player_name`, `player_lastname`, `player_country_id`, `player_positions`, `player_rating`, `player_potential`, `player_birth_year`, `player_height`) VALUES (201, 'Zuren Junior', 'Ruan', 'POR', 'RM RW', 82, 83, 2001, 175);
INSERT INTO Contract(`contract_player_id`, `contract_club_id`, `contract_signDate`, `contract_expireDate`, `contract_salary`, `contract_number`, `contract_role`) VALUES (201, 'braga', 2025, 2027, 34.0, 4, 'RW');
INSERT INTO Player(`player_id`, `player_name`, `player_lastname`, `player_country_id`, `player_positions`, `player_rating`, `player_potential`, `player_birth_year`, `player_height`) VALUES (202, 'Akhono', 'Mamadou', 'CAR', 'DM CM AM', 82, 0, 1997, 179);
INSERT INTO Contract(`contract_player_id`, `contract_club_id`, `contract_signDate`, `contract_expireDate`, `contract_salary`, `contract_number`, `contract_role`) VALUES (202, 'chelsea', 2025, 2028, 58.0, 8, 'sub');
INSERT INTO Player(`player_id`, `player_name`, `player_lastname`, `player_country_id`, `player_positions`, `player_rating`, `player_potential`, `player_birth_year`, `player_height`) VALUES (203, 'Ali', 'Chunguzrari', 'TUR', 'AM', 81, 0, 1999, 180);
INSERT INTO Contract(`contract_player_id`, `contract_club_id`, `contract_signDate`, `contract_expireDate`, `contract_salary`, `contract_number`, `contract_role`) VALUES (203, 'astonvilla', 2025, 2027, 39.4, 11, 'sub');
INSERT INTO Player(`player_id`, `player_name`, `player_lastname`, `player_country_id`, `player_positions`, `player_rating`, `player_potential`, `player_birth_year`, `player_height`) VALUES (204, 'Aleksandar', 'Aranelovi', 'SRB', 'AM', 81, 0, 2001, 182);
INSERT INTO Contract(`contract_player_id`, `contract_club_id`, `contract_signDate`, `contract_expireDate`, `contract_salary`, `contract_number`, `contract_role`) VALUES (204, 'benfica', 2025, 2028, 44.0, 11, 'AM');
INSERT INTO Player(`player_id`, `player_name`, `player_lastname`, `player_country_id`, `player_positions`, `player_rating`, `player_potential`, `player_birth_year`, `player_height`) VALUES (205, 'Al-Kadem', 'Islani', 'EGY', 'AM', 81, 0, 2000, 175);
INSERT INTO Contract(`contract_player_id`, `contract_club_id`, `contract_signDate`, `contract_expireDate`, `contract_salary`, `contract_number`, `contract_role`) VALUES (205, 'cskamoscow', 2025, 2026, 23.0, 1, 'AM');
INSERT INTO Player(`player_id`, `player_name`, `player_lastname`, `player_country_id`, `player_positions`, `player_rating`, `player_potential`, `player_birth_year`, `player_height`) VALUES (206, 'Toma', 'Hizi', 'CZE', 'AM', 81, 83, 2003, 175);
INSERT INTO Contract(`contract_player_id`, `contract_club_id`, `contract_signDate`, `contract_expireDate`, `contract_salary`, `contract_number`, `contract_role`) VALUES (206, 'viktoriaplzen', 2025, 2028, 20.0, 4, 'AM');
INSERT INTO Player(`player_id`, `player_name`, `player_lastname`, `player_country_id`, `player_positions`, `player_rating`, `player_potential`, `player_birth_year`, `player_height`) VALUES (207, 'Pieter', 'Duehason', 'FRA', 'AM CM', 81, 0, 1992, 179);
INSERT INTO Contract(`contract_player_id`, `contract_club_id`, `contract_signDate`, `contract_expireDate`, `contract_salary`, `contract_number`, `contract_role`) VALUES (207, 'strasbourg', 2025, 2028, 54.0, 8, 'CM');
INSERT INTO Player(`player_id`, `player_name`, `player_lastname`, `player_country_id`, `player_positions`, `player_rating`, `player_potential`, `player_birth_year`, `player_height`) VALUES (208, 'Jernal', 'Winds', 'NOR', 'AM RM', 81, 0, 1996, 177);
INSERT INTO Contract(`contract_player_id`, `contract_club_id`, `contract_signDate`, `contract_expireDate`, `contract_salary`, `contract_number`, `contract_role`) VALUES (208, 'newcastle', 2025, 2027, 54.0, 6, 'sub');
INSERT INTO Player(`player_id`, `player_name`, `player_lastname`, `player_country_id`, `player_positions`, `player_rating`, `player_potential`, `player_birth_year`, `player_height`) VALUES (209, 'Nikolay', 'Goncharenko', 'RUS', 'CB', 81, 0, 1998, 194);
INSERT INTO Contract(`contract_player_id`, `contract_club_id`, `contract_signDate`, `contract_expireDate`, `contract_salary`, `contract_number`, `contract_role`) VALUES (209, 'cskamoscow', 2025, 2026, 36.0, 18, 'RCB');
INSERT INTO Player(`player_id`, `player_name`, `player_lastname`, `player_country_id`, `player_positions`, `player_rating`, `player_potential`, `player_birth_year`, `player_height`) VALUES (210, 'Marcellas', 'Pronense', 'BRA', 'CB', 81, 83, 2000, 188);
INSERT INTO Contract(`contract_player_id`, `contract_club_id`, `contract_signDate`, `contract_expireDate`, `contract_salary`, `contract_number`, `contract_role`) VALUES (210, 'nice', 2025, 2028, 29.0, 16, 'RCB');
INSERT INTO Player(`player_id`, `player_name`, `player_lastname`, `player_country_id`, `player_positions`, `player_rating`, `player_potential`, `player_birth_year`, `player_height`) VALUES (211, 'Pinaro', 'Tinialdo', 'BRA', 'CB', 81, 0, 1999, 183);
INSERT INTO Contract(`contract_player_id`, `contract_club_id`, `contract_signDate`, `contract_expireDate`, `contract_salary`, `contract_number`, `contract_role`) VALUES (211, 'realmadrid', 2025, 2026, 36.0, 23, 'sub');
INSERT INTO Player(`player_id`, `player_name`, `player_lastname`, `player_country_id`, `player_positions`, `player_rating`, `player_potential`, `player_birth_year`, `player_height`) VALUES (212, 'Parasscente de Nildo', 'Feran', 'ARG', 'CB', 81, 0, 1996, 188);
INSERT INTO Contract(`contract_player_id`, `contract_club_id`, `contract_signDate`, `contract_expireDate`, `contract_salary`, `contract_number`, `contract_role`) VALUES (212, 'salzburg', 2025, 2027, 53.0, 6, 'CB');
INSERT INTO Player(`player_id`, `player_name`, `player_lastname`, `player_country_id`, `player_positions`, `player_rating`, `player_potential`, `player_birth_year`, `player_height`) VALUES (213, 'Andrej', 'Bedarek', 'CZE', 'CB', 81, 0, 1994, 193);
INSERT INTO Contract(`contract_player_id`, `contract_club_id`, `contract_signDate`, `contract_expireDate`, `contract_salary`, `contract_number`, `contract_role`) VALUES (213, 'southampton', 2025, 2027, 54.0, 12, 'sub');
INSERT INTO Player(`player_id`, `player_name`, `player_lastname`, `player_country_id`, `player_positions`, `player_rating`, `player_potential`, `player_birth_year`, `player_height`) VALUES (214, '-', 'Mirante', 'ESP', 'CB', 81, 0, 1993, 187);
INSERT INTO Contract(`contract_player_id`, `contract_club_id`, `contract_signDate`, `contract_expireDate`, `contract_salary`, `contract_number`, `contract_role`) VALUES (214, 'villarreal', 2025, 2026, 53.0, 2, 'sub');
INSERT INTO Player(`player_id`, `player_name`, `player_lastname`, `player_country_id`, `player_positions`, `player_rating`, `player_potential`, `player_birth_year`, `player_height`) VALUES (215, 'Adegui', 'William-Dessien', 'NGR', 'CB', 84, 0, 1995, 187);
INSERT INTO Contract(`contract_player_id`, `contract_club_id`, `contract_signDate`, `contract_expireDate`, `contract_salary`, `contract_number`, `contract_role`) VALUES (215, 'juventus', 2025, 2027, 69.2, 18, 'sub');
INSERT INTO Player(`player_id`, `player_name`, `player_lastname`, `player_country_id`, `player_positions`, `player_rating`, `player_potential`, `player_birth_year`, `player_height`) VALUES (216, 'Pablo', 'Sanches', 'CHI', 'DM', 81, 0, 1998, 179);
INSERT INTO Contract(`contract_player_id`, `contract_club_id`, `contract_signDate`, `contract_expireDate`, `contract_salary`, `contract_number`, `contract_role`) VALUES (216, 'rsca', 2025, 2027, 53.2, 5, 'DM');
INSERT INTO Player(`player_id`, `player_name`, `player_lastname`, `player_country_id`, `player_positions`, `player_rating`, `player_potential`, `player_birth_year`, `player_height`) VALUES (217, 'Kriesse', 'Stelnex', 'BEL', 'DM', 81, 85, 2003, 181);
INSERT INTO Contract(`contract_player_id`, `contract_club_id`, `contract_signDate`, `contract_expireDate`, `contract_salary`, `contract_number`, `contract_role`) VALUES (217, 'standard', 2025, 2026, 9.0, 3, 'sub');
INSERT INTO Player(`player_id`, `player_name`, `player_lastname`, `player_country_id`, `player_positions`, `player_rating`, `player_potential`, `player_birth_year`, `player_height`) VALUES (218, 'Mandien', 'Dekole', 'DRC', 'DM CB', 81, 82, 1999, 188);
INSERT INTO Contract(`contract_player_id`, `contract_club_id`, `contract_signDate`, `contract_expireDate`, `contract_salary`, `contract_number`, `contract_role`) VALUES (218, 'tottenham', 2025, 2027, 46.0, 6, 'sub');
INSERT INTO Player(`player_id`, `player_name`, `player_lastname`, `player_country_id`, `player_positions`, `player_rating`, `player_potential`, `player_birth_year`, `player_height`) VALUES (219, 'Marcin', 'Kraikowiak', 'POL', 'DM', 81, 0, 1998, 182);
INSERT INTO Contract(`contract_player_id`, `contract_club_id`, `contract_signDate`, `contract_expireDate`, `contract_salary`, `contract_number`, `contract_role`) VALUES (219, 'fiorentina', 2025, 2027, 54.0, 14, 'sub');
INSERT INTO Player(`player_id`, `player_name`, `player_lastname`, `player_country_id`, `player_positions`, `player_rating`, `player_potential`, `player_birth_year`, `player_height`) VALUES (220, 'Salvaro', 'Janvirez', 'MEX', 'ST CF', 81, 82, 1999, 180);
INSERT INTO Contract(`contract_player_id`, `contract_club_id`, `contract_signDate`, `contract_expireDate`, `contract_salary`, `contract_number`, `contract_role`) VALUES (220, 'fulham', 2025, 2027, 49.3, 12, 'sub');
INSERT INTO Player(`player_id`, `player_name`, `player_lastname`, `player_country_id`, `player_positions`, `player_rating`, `player_potential`, `player_birth_year`, `player_height`) VALUES (221, 'Aradel', 'Sokhonali', 'FRA', 'CF', 79, 0, 2000, 191);
INSERT INTO Contract(`contract_player_id`, `contract_club_id`, `contract_signDate`, `contract_expireDate`, `contract_salary`, `contract_number`, `contract_role`) VALUES (221, 'montpellier', 2025, 2027, 28.0, 9, 'CF');
INSERT INTO Player(`player_id`, `player_name`, `player_lastname`, `player_country_id`, `player_positions`, `player_rating`, `player_potential`, `player_birth_year`, `player_height`) VALUES (222, 'Petros', 'Saikitis', 'GRE', 'ST SS', 81, 0, 1996, 178);
INSERT INTO Contract(`contract_player_id`, `contract_club_id`, `contract_signDate`, `contract_expireDate`, `contract_salary`, `contract_number`, `contract_role`) VALUES (222, 'standard', 2025, 2027, 53.5, 22, 'sub');
INSERT INTO Player(`player_id`, `player_name`, `player_lastname`, `player_country_id`, `player_positions`, `player_rating`, `player_potential`, `player_birth_year`, `player_height`) VALUES (223, 'Giamu', 'Muibadji', 'CMR', 'CF', 81, 0, 1997, 191);
INSERT INTO Contract(`contract_player_id`, `contract_club_id`, `contract_signDate`, `contract_expireDate`, `contract_salary`, `contract_number`, `contract_role`) VALUES (223, 'villarreal', 2025, 2028, 53.5, 11, 'sub');
INSERT INTO Player(`player_id`, `player_name`, `player_lastname`, `player_country_id`, `player_positions`, `player_rating`, `player_potential`, `player_birth_year`, `player_height`) VALUES (224, 'Hasima', 'Nasi Gueye', 'GHA', 'ST CF RW', 81, 0, 1997, 188);
INSERT INTO Contract(`contract_player_id`, `contract_club_id`, `contract_signDate`, `contract_expireDate`, `contract_salary`, `contract_number`, `contract_role`) VALUES (224, 'sampdoria', 2025, 2027, 54.0, 4, 'sub');
INSERT INTO Player(`player_id`, `player_name`, `player_lastname`, `player_country_id`, `player_positions`, `player_rating`, `player_potential`, `player_birth_year`, `player_height`) VALUES (225, 'Arturo', 'Joni', 'ESP', 'CM', 81, 85, 2002, 177);
INSERT INTO Contract(`contract_player_id`, `contract_club_id`, `contract_signDate`, `contract_expireDate`, `contract_salary`, `contract_number`, `contract_role`) VALUES (225, 'betis', 2025, 2028, 47.5, 10, 'sub');
INSERT INTO Player(`player_id`, `player_name`, `player_lastname`, `player_country_id`, `player_positions`, `player_rating`, `player_potential`, `player_birth_year`, `player_height`) VALUES (226, 'Zahar', 'Regzuai', 'IRN', 'CM RM', 81, 0, 1996, 176);
INSERT INTO Contract(`contract_player_id`, `contract_club_id`, `contract_signDate`, `contract_expireDate`, `contract_salary`, `contract_number`, `contract_role`) VALUES (226, 'clubbrugge', 2025, 2028, 54.0, 4, 'sub');
INSERT INTO Player(`player_id`, `player_name`, `player_lastname`, `player_country_id`, `player_positions`, `player_rating`, `player_potential`, `player_birth_year`, `player_height`) VALUES (227, 'Bioron', 'Degradenel', 'FRA', 'GK', 81, 0, 1997, 198);
INSERT INTO Contract(`contract_player_id`, `contract_club_id`, `contract_signDate`, `contract_expireDate`, `contract_salary`, `contract_number`, `contract_role`) VALUES (227, 'bordeaux', 2025, 2027, 53.2, 2, 'GK');
INSERT INTO Player(`player_id`, `player_name`, `player_lastname`, `player_country_id`, `player_positions`, `player_rating`, `player_potential`, `player_birth_year`, `player_height`) VALUES (228, 'Petar', 'Jovanovi', 'SRB', 'GK', 81, 84, 2000, 190);
INSERT INTO Contract(`contract_player_id`, `contract_club_id`, `contract_signDate`, `contract_expireDate`, `contract_salary`, `contract_number`, `contract_role`) VALUES (228, 'genk', 2025, 2027, 35.0, 9, 'GK');
INSERT INTO Player(`player_id`, `player_name`, `player_lastname`, `player_country_id`, `player_positions`, `player_rating`, `player_potential`, `player_birth_year`, `player_height`) VALUES (229, 'Ailam', 'Zaris', 'ALG', 'LB', 81, 0, 1997, 173);
INSERT INTO Contract(`contract_player_id`, `contract_club_id`, `contract_signDate`, `contract_expireDate`, `contract_salary`, `contract_number`, `contract_role`) VALUES (229, 'psv', 2025, 2028, 53.0, 3, 'LB');
INSERT INTO Player(`player_id`, `player_name`, `player_lastname`, `player_country_id`, `player_positions`, `player_rating`, `player_potential`, `player_birth_year`, `player_height`) VALUES (230, 'Lucho', 'Dominiques', 'BRA', 'LB', 81, 0, 1997, 178);
INSERT INTO Contract(`contract_player_id`, `contract_club_id`, `contract_signDate`, `contract_expireDate`, `contract_salary`, `contract_number`, `contract_role`) VALUES (230, 'zenit', 2025, 2027, 53.7, 18, 'sub');
INSERT INTO Player(`player_id`, `player_name`, `player_lastname`, `player_country_id`, `player_positions`, `player_rating`, `player_potential`, `player_birth_year`, `player_height`) VALUES (231, 'Bastian', 'Lara', 'ARG', 'LW', 81, 0, 1999, 175);
INSERT INTO Contract(`contract_player_id`, `contract_club_id`, `contract_signDate`, `contract_expireDate`, `contract_salary`, `contract_number`, `contract_role`) VALUES (231, 'gladbach', 2025, 2027, 38.0, 2, 'sub');
INSERT INTO Player(`player_id`, `player_name`, `player_lastname`, `player_country_id`, `player_positions`, `player_rating`, `player_potential`, `player_birth_year`, `player_height`) VALUES (232, 'Ghazil', 'Boghoulades', 'ALG', 'RB', 78, 0, 1999, 176);
INSERT INTO Contract(`contract_player_id`, `contract_club_id`, `contract_signDate`, `contract_expireDate`, `contract_salary`, `contract_number`, `contract_role`) VALUES (232, 'psv', 2025, 2027, 32.0, 16, 'RB');
INSERT INTO Player(`player_id`, `player_name`, `player_lastname`, `player_country_id`, `player_positions`, `player_rating`, `player_potential`, `player_birth_year`, `player_height`) VALUES (233, 'Bruno', 'Risardo', 'POR', 'RB', 81, 0, 1998, 179);
INSERT INTO Contract(`contract_player_id`, `contract_club_id`, `contract_signDate`, `contract_expireDate`, `contract_salary`, `contract_number`, `contract_role`) VALUES (233, 'porto', 2025, 2026, 44.0, 8, 'RB');
INSERT INTO Player(`player_id`, `player_name`, `player_lastname`, `player_country_id`, `player_positions`, `player_rating`, `player_potential`, `player_birth_year`, `player_height`) VALUES (234, 'Kahudi', 'Abouacar', 'CMR', 'RW RM', 81, 0, 1992, 176);
INSERT INTO Contract(`contract_player_id`, `contract_club_id`, `contract_signDate`, `contract_expireDate`, `contract_salary`, `contract_number`, `contract_role`) VALUES (234, 'porto', 2025, 2027, 53.0, 12, 'RW');
INSERT INTO Player(`player_id`, `player_name`, `player_lastname`, `player_country_id`, `player_positions`, `player_rating`, `player_potential`, `player_birth_year`, `player_height`) VALUES (235, 'Manuel', 'Felici', 'ITA', 'AM', 80, 0, 1994, 168);
INSERT INTO Contract(`contract_player_id`, `contract_club_id`, `contract_signDate`, `contract_expireDate`, `contract_salary`, `contract_number`, `contract_role`) VALUES (235, 'fenerbahce', 2025, 2027, 49.5, 10, 'sub');
INSERT INTO Player(`player_id`, `player_name`, `player_lastname`, `player_country_id`, `player_positions`, `player_rating`, `player_potential`, `player_birth_year`, `player_height`) VALUES (236, 'Einaro', 'Moreno', 'ESP', 'AM SS', 80, 0, 1996, 176);
INSERT INTO Contract(`contract_player_id`, `contract_club_id`, `contract_signDate`, `contract_expireDate`, `contract_salary`, `contract_number`, `contract_role`) VALUES (236, 'lazio', 2025, 2028, 50.4, 10, 'AM');
INSERT INTO Player(`player_id`, `player_name`, `player_lastname`, `player_country_id`, `player_positions`, `player_rating`, `player_potential`, `player_birth_year`, `player_height`) VALUES (237, 'Johnson', 'Hunter', 'ENG', 'ST SS', 80, 0, 1999, 179);
INSERT INTO Contract(`contract_player_id`, `contract_club_id`, `contract_signDate`, `contract_expireDate`, `contract_salary`, `contract_number`, `contract_role`) VALUES (237, 'manchestercity', 2025, 2028, 48.5, 10, 'sub');
INSERT INTO Player(`player_id`, `player_name`, `player_lastname`, `player_country_id`, `player_positions`, `player_rating`, `player_potential`, `player_birth_year`, `player_height`) VALUES (238, 'Lemar', 'Leconse', 'FRA', 'RW RM AM', 80, 0, 1999, 176);
INSERT INTO Contract(`contract_player_id`, `contract_club_id`, `contract_signDate`, `contract_expireDate`, `contract_salary`, `contract_number`, `contract_role`) VALUES (238, 'asse', 2025, 2027, 29.6, 6, 'RAM');
INSERT INTO Player(`player_id`, `player_name`, `player_lastname`, `player_country_id`, `player_positions`, `player_rating`, `player_potential`, `player_birth_year`, `player_height`) VALUES (239, 'Lucas', 'Kianikkalis', 'GRE', 'CB', 69, 0, 1995, 188);
INSERT INTO Contract(`contract_player_id`, `contract_club_id`, `contract_signDate`, `contract_expireDate`, `contract_salary`, `contract_number`, `contract_role`) VALUES (239, 'paok', 2025, 2027, 12.0, 1, 'sub');
INSERT INTO Player(`player_id`, `player_name`, `player_lastname`, `player_country_id`, `player_positions`, `player_rating`, `player_potential`, `player_birth_year`, `player_height`) VALUES (240, 'Liam', 'Cornet', 'FRA', 'CB', 80, 0, 1995, 185);
INSERT INTO Contract(`contract_player_id`, `contract_club_id`, `contract_signDate`, `contract_expireDate`, `contract_salary`, `contract_number`, `contract_role`) VALUES (240, 'bordeaux', 2025, 2028, 48.4, 8, 'LCB');
INSERT INTO Player(`player_id`, `player_name`, `player_lastname`, `player_country_id`, `player_positions`, `player_rating`, `player_potential`, `player_birth_year`, `player_height`) VALUES (241, 'Jaram', 'Embileck', 'AUT', 'CB', 80, 0, 2001, 190);
INSERT INTO Contract(`contract_player_id`, `contract_club_id`, `contract_signDate`, `contract_expireDate`, `contract_salary`, `contract_number`, `contract_role`) VALUES (241, 'gladbach', 2025, 2026, 25.0, 8, 'sub');
INSERT INTO Player(`player_id`, `player_name`, `player_lastname`, `player_country_id`, `player_positions`, `player_rating`, `player_potential`, `player_birth_year`, `player_height`) VALUES (242, 'Olssen', 'Dalsberg', 'SWE', 'CB', 80, 0, 1990, 190);
INSERT INTO Contract(`contract_player_id`, `contract_club_id`, `contract_signDate`, `contract_expireDate`, `contract_salary`, `contract_number`, `contract_role`) VALUES (242, 'krasnodar', 2025, 2027, 49.0, 6, 'RCB');
INSERT INTO Player(`player_id`, `player_name`, `player_lastname`, `player_country_id`, `player_positions`, `player_rating`, `player_potential`, `player_birth_year`, `player_height`) VALUES (243, 'Fadi', 'Delot', 'CIV', 'CB', 80, 82, 2002, 184);
INSERT INTO Contract(`contract_player_id`, `contract_club_id`, `contract_signDate`, `contract_expireDate`, `contract_salary`, `contract_number`, `contract_role`) VALUES (243, 'salzburg', 2025, 2026, 26.5, 8, 'LCB');
INSERT INTO Player(`player_id`, `player_name`, `player_lastname`, `player_country_id`, `player_positions`, `player_rating`, `player_potential`, `player_birth_year`, `player_height`) VALUES (244, 'Juan Aleix', 'Pineralles', 'ESP', 'CB', 76, 0, 1993, 192);
INSERT INTO Contract(`contract_player_id`, `contract_club_id`, `contract_signDate`, `contract_expireDate`, `contract_salary`, `contract_number`, `contract_role`) VALUES (244, 'valencia', 2025, 2029, 32.4, 1, 'RCB');
INSERT INTO Player(`player_id`, `player_name`, `player_lastname`, `player_country_id`, `player_positions`, `player_rating`, `player_potential`, `player_birth_year`, `player_height`) VALUES (245, 'Ahmed', 'Mdo', 'NGR', 'DM', 72, 74, 2001, 183);
INSERT INTO Contract(`contract_player_id`, `contract_club_id`, `contract_signDate`, `contract_expireDate`, `contract_salary`, `contract_number`, `contract_role`) VALUES (245, 'valencia', 2025, 2027, 8.4, 28, 'sub');
INSERT INTO Player(`player_id`, `player_name`, `player_lastname`, `player_country_id`, `player_positions`, `player_rating`, `player_potential`, `player_birth_year`, `player_height`) VALUES (246, '-', 'Merder', 'BRA', 'DM', 80, 0, 1993, 177);
INSERT INTO Contract(`contract_player_id`, `contract_club_id`, `contract_signDate`, `contract_expireDate`, `contract_salary`, `contract_number`, `contract_role`) VALUES (246, 'zenit', 2025, 2027, 49.0, 8, 'sub');
INSERT INTO Player(`player_id`, `player_name`, `player_lastname`, `player_country_id`, `player_positions`, `player_rating`, `player_potential`, `player_birth_year`, `player_height`) VALUES (247, 'Hugo', 'Meireres', 'POR', 'DM CM', 82, 0, 1995, 181);
INSERT INTO Contract(`contract_player_id`, `contract_club_id`, `contract_signDate`, `contract_expireDate`, `contract_salary`, `contract_number`, `contract_role`) VALUES (247, 'sportinglisabon', 2025, 2028, 48.0, 8, 'RCM');
INSERT INTO Player(`player_id`, `player_name`, `player_lastname`, `player_country_id`, `player_positions`, `player_rating`, `player_potential`, `player_birth_year`, `player_height`) VALUES (248, 'Marco', 'Coristea', 'ESP', 'DM CM', 74, 0, 1998, 178);
INSERT INTO Contract(`contract_player_id`, `contract_club_id`, `contract_signDate`, `contract_expireDate`, `contract_salary`, `contract_number`, `contract_role`) VALUES (248, 'valencia', 2025, 2027, 20.0, 12, 'sub');
INSERT INTO Player(`player_id`, `player_name`, `player_lastname`, `player_country_id`, `player_positions`, `player_rating`, `player_potential`, `player_birth_year`, `player_height`) VALUES (249, 'Juansan', 'Borres', 'CHI', 'CF ST', 80, 0, 1994, 185);
INSERT INTO Contract(`contract_player_id`, `contract_club_id`, `contract_signDate`, `contract_expireDate`, `contract_salary`, `contract_number`, `contract_role`) VALUES (249, 'gladbach', 2025, 2029, 49.0, 9, 'sub');
INSERT INTO Player(`player_id`, `player_name`, `player_lastname`, `player_country_id`, `player_positions`, `player_rating`, `player_potential`, `player_birth_year`, `player_height`) VALUES (250, 'Misha', 'Antonov', 'RUS', 'ST CF', 80, 0, 1996, 186);
INSERT INTO Contract(`contract_player_id`, `contract_club_id`, `contract_signDate`, `contract_expireDate`, `contract_salary`, `contract_number`, `contract_role`) VALUES (250, 'dynamomoscow', 2025, 2027, 50.0, 10, 'sub');
INSERT INTO Player(`player_id`, `player_name`, `player_lastname`, `player_country_id`, `player_positions`, `player_rating`, `player_potential`, `player_birth_year`, `player_height`) VALUES (251, 'Henrich', 'Offner', 'GER', 'ST', 80, 0, 2000, 182);
INSERT INTO Contract(`contract_player_id`, `contract_club_id`, `contract_signDate`, `contract_expireDate`, `contract_salary`, `contract_number`, `contract_role`) VALUES (251, 'hoffenheim', 2025, 2027, 37.0, 6, 'ST');
INSERT INTO Player(`player_id`, `player_name`, `player_lastname`, `player_country_id`, `player_positions`, `player_rating`, `player_potential`, `player_birth_year`, `player_height`) VALUES (252, 'Matias', 'Adiegon', 'POR', 'CF ST', 80, 0, 1992, 186);
INSERT INTO Contract(`contract_player_id`, `contract_club_id`, `contract_signDate`, `contract_expireDate`, `contract_salary`, `contract_number`, `contract_role`) VALUES (252, 'porto', 2025, 2029, 48.0, 1, 'CF');
INSERT INTO Player(`player_id`, `player_name`, `player_lastname`, `player_country_id`, `player_positions`, `player_rating`, `player_potential`, `player_birth_year`, `player_height`) VALUES (253, 'Greg', 'McCarthy', 'IRL', 'ST SS CF', 80, 0, 1996, 179);
INSERT INTO Contract(`contract_player_id`, `contract_club_id`, `contract_signDate`, `contract_expireDate`, `contract_salary`, `contract_number`, `contract_role`) VALUES (253, 'southampton', 2025, 2028, 48.5, 40, 'sub');
INSERT INTO Player(`player_id`, `player_name`, `player_lastname`, `player_country_id`, `player_positions`, `player_rating`, `player_potential`, `player_birth_year`, `player_height`) VALUES (254, 'Neiheri', 'Bensares', 'MOR', 'CM DM', 81, 83, 2002, 178);
INSERT INTO Contract(`contract_player_id`, `contract_club_id`, `contract_signDate`, `contract_expireDate`, `contract_salary`, `contract_number`, `contract_role`) VALUES (254, 'ajax', 2025, 2027, 37.3, 12, 'RCM');
INSERT INTO Player(`player_id`, `player_name`, `player_lastname`, `player_country_id`, `player_positions`, `player_rating`, `player_potential`, `player_birth_year`, `player_height`) VALUES (255, 'Daniel', 'Schur', 'SUI', 'CM', 80, 0, 2001, 180);
INSERT INTO Contract(`contract_player_id`, `contract_club_id`, `contract_signDate`, `contract_expireDate`, `contract_salary`, `contract_number`, `contract_role`) VALUES (255, 'basel', 2025, 2028, 30.0, 6, 'sub');
INSERT INTO Player(`player_id`, `player_name`, `player_lastname`, `player_country_id`, `player_positions`, `player_rating`, `player_potential`, `player_birth_year`, `player_height`) VALUES (256, 'Mariao', 'Luis', 'BRA', 'CM DM', 80, 0, 1996, 178);
INSERT INTO Contract(`contract_player_id`, `contract_club_id`, `contract_signDate`, `contract_expireDate`, `contract_salary`, `contract_number`, `contract_role`) VALUES (256, 'lyon', 2025, 2028, 48.5, 3, 'DM');
INSERT INTO Player(`player_id`, `player_name`, `player_lastname`, `player_country_id`, `player_positions`, `player_rating`, `player_potential`, `player_birth_year`, `player_height`) VALUES (257, 'Demircan', 'Emre-Azer', 'TUR', 'GK', 73, 0, 1992, 184);
INSERT INTO Contract(`contract_player_id`, `contract_club_id`, `contract_signDate`, `contract_expireDate`, `contract_salary`, `contract_number`, `contract_role`) VALUES (257, 'basaksehir', 2025, 2028, 23.0, 24, 'GK');
INSERT INTO Player(`player_id`, `player_name`, `player_lastname`, `player_country_id`, `player_positions`, `player_rating`, `player_potential`, `player_birth_year`, `player_height`) VALUES (258, 'Marel', 'Motaron', 'ITA', 'GK', 80, 83, 2002, 186);
INSERT INTO Contract(`contract_player_id`, `contract_club_id`, `contract_signDate`, `contract_expireDate`, `contract_salary`, `contract_number`, `contract_role`) VALUES (258, 'juventus', 2025, 2026, 30.0, 5, 'GK');
INSERT INTO Player(`player_id`, `player_name`, `player_lastname`, `player_country_id`, `player_positions`, `player_rating`, `player_potential`, `player_birth_year`, `player_height`) VALUES (259, 'Mouriss', 'Felgham', 'ALG', 'GK', 80, 82, 1999, 186);
INSERT INTO Contract(`contract_player_id`, `contract_club_id`, `contract_signDate`, `contract_expireDate`, `contract_salary`, `contract_number`, `contract_role`) VALUES (259, 'nice', 2025, 2027, 32.0, 15, 'GK');
INSERT INTO Player(`player_id`, `player_name`, `player_lastname`, `player_country_id`, `player_positions`, `player_rating`, `player_potential`, `player_birth_year`, `player_height`) VALUES (260, 'Justin', 'Rodrigues', 'FRA', 'GK', 80, 0, 1993, 189);
INSERT INTO Contract(`contract_player_id`, `contract_club_id`, `contract_signDate`, `contract_expireDate`, `contract_salary`, `contract_number`, `contract_role`) VALUES (260, 'psv', 2025, 2026, 48.0, 2, 'GK');
INSERT INTO Player(`player_id`, `player_name`, `player_lastname`, `player_country_id`, `player_positions`, `player_rating`, `player_potential`, `player_birth_year`, `player_height`) VALUES (261, '-', 'Emer', 'BRA', 'LM LW', 80, 0, 1992, 177);
INSERT INTO Contract(`contract_player_id`, `contract_club_id`, `contract_signDate`, `contract_expireDate`, `contract_salary`, `contract_number`, `contract_role`) VALUES (261, 'galatasaray', 2025, 2028, 52.0, 12, 'LM');
INSERT INTO Player(`player_id`, `player_name`, `player_lastname`, `player_country_id`, `player_positions`, `player_rating`, `player_potential`, `player_birth_year`, `player_height`) VALUES (262, 'Franck', 'Gavy', 'FRA', 'RB', 80, 0, 2000, 175);
INSERT INTO Contract(`contract_player_id`, `contract_club_id`, `contract_signDate`, `contract_expireDate`, `contract_salary`, `contract_number`, `contract_role`) VALUES (262, 'lazio', 2025, 2027, 48.3, 26, 'RB');
INSERT INTO Player(`player_id`, `player_name`, `player_lastname`, `player_country_id`, `player_positions`, `player_rating`, `player_potential`, `player_birth_year`, `player_height`) VALUES (263, 'Lucas', 'Cresempo', 'ESP', 'RB', 80, 0, 1998, 175);
INSERT INTO Contract(`contract_player_id`, `contract_club_id`, `contract_signDate`, `contract_expireDate`, `contract_salary`, `contract_number`, `contract_role`) VALUES (263, 'betis', 2025, 2028, 42.0, 8, 'sub');
INSERT INTO Player(`player_id`, `player_name`, `player_lastname`, `player_country_id`, `player_positions`, `player_rating`, `player_potential`, `player_birth_year`, `player_height`) VALUES (264, 'Kyon', 'Tar', 'GHA', 'RB CB', 80, 0, 1998, 179);
INSERT INTO Contract(`contract_player_id`, `contract_club_id`, `contract_signDate`, `contract_expireDate`, `contract_salary`, `contract_number`, `contract_role`) VALUES (264, 'atleticodemadrid', 2025, 2027, 48.5, 20, 'sub');
INSERT INTO Player(`player_id`, `player_name`, `player_lastname`, `player_country_id`, `player_positions`, `player_rating`, `player_potential`, `player_birth_year`, `player_height`) VALUES (265, 'Rony', 'Javingez', 'ESP', 'RW', 79, 83, 2002, 178);
INSERT INTO Contract(`contract_player_id`, `contract_club_id`, `contract_signDate`, `contract_expireDate`, `contract_salary`, `contract_number`, `contract_role`) VALUES (265, 'realsociedad', 2025, 2026, 18.0, 13, 'sub');
INSERT INTO Player(`player_id`, `player_name`, `player_lastname`, `player_country_id`, `player_positions`, `player_rating`, `player_potential`, `player_birth_year`, `player_height`) VALUES (266, 'Alex', 'Lopes', 'ESP', 'RW', 80, 0, 1998, 177);
INSERT INTO Contract(`contract_player_id`, `contract_club_id`, `contract_signDate`, `contract_expireDate`, `contract_salary`, `contract_number`, `contract_role`) VALUES (266, 'sevilla', 2025, 2028, 48.5, 7, 'sub');
INSERT INTO Player(`player_id`, `player_name`, `player_lastname`, `player_country_id`, `player_positions`, `player_rating`, `player_potential`, `player_birth_year`, `player_height`) VALUES (267, 'Ruiz', 'Ruben', 'PAN', 'RW ST', 80, 85, 2001, 179);
INSERT INTO Contract(`contract_player_id`, `contract_club_id`, `contract_signDate`, `contract_expireDate`, `contract_salary`, `contract_number`, `contract_role`) VALUES (267, 'lyon', 2025, 2028, 37.0, 10, 'RW');
INSERT INTO Player(`player_id`, `player_name`, `player_lastname`, `player_country_id`, `player_positions`, `player_rating`, `player_potential`, `player_birth_year`, `player_height`) VALUES (268, 'Stefan', 'Jovii', 'SRB', 'AM CM', 74, 75, 2000, 177);
INSERT INTO Contract(`contract_player_id`, `contract_club_id`, `contract_signDate`, `contract_expireDate`, `contract_salary`, `contract_number`, `contract_role`) VALUES (268, 'bordeaux', 2025, 2026, 15.2, 9, 'AM');
INSERT INTO Player(`player_id`, `player_name`, `player_lastname`, `player_country_id`, `player_positions`, `player_rating`, `player_potential`, `player_birth_year`, `player_height`) VALUES (269, 'Duro', 'Fernandes', 'ESP', 'AM CM', 79, 0, 1996, 178);
INSERT INTO Contract(`contract_player_id`, `contract_club_id`, `contract_signDate`, `contract_expireDate`, `contract_salary`, `contract_number`, `contract_role`) VALUES (269, 'betis', 2025, 2028, 44.0, 12, 'sub');
INSERT INTO Player(`player_id`, `player_name`, `player_lastname`, `player_country_id`, `player_positions`, `player_rating`, `player_potential`, `player_birth_year`, `player_height`) VALUES (270, 'Marius', 'Casvaru', 'ROU', 'AM RW', 79, 80, 2002, 179);
INSERT INTO Contract(`contract_player_id`, `contract_club_id`, `contract_signDate`, `contract_expireDate`, `contract_salary`, `contract_number`, `contract_role`) VALUES (270, 'ajax', 2025, 2028, 29.5, 8, 'RW');
INSERT INTO Player(`player_id`, `player_name`, `player_lastname`, `player_country_id`, `player_positions`, `player_rating`, `player_potential`, `player_birth_year`, `player_height`) VALUES (271, 'Strooman', 'Bernauds', 'FRA', 'AM CM RW', 80, 0, 1993, 174);
INSERT INTO Contract(`contract_player_id`, `contract_club_id`, `contract_signDate`, `contract_expireDate`, `contract_salary`, `contract_number`, `contract_role`) VALUES (271, 'psg', 2025, 2027, 47.5, 11, 'RAM');
INSERT INTO Player(`player_id`, `player_name`, `player_lastname`, `player_country_id`, `player_positions`, `player_rating`, `player_potential`, `player_birth_year`, `player_height`) VALUES (272, 'Gravanis', 'Derafakis', 'GRE', 'CB', 79, 0, 1993, 186);
INSERT INTO Contract(`contract_player_id`, `contract_club_id`, `contract_signDate`, `contract_expireDate`, `contract_salary`, `contract_number`, `contract_role`) VALUES (272, 'barcelona', 2025, 2027, 46.0, 34, 'sub');
INSERT INTO Player(`player_id`, `player_name`, `player_lastname`, `player_country_id`, `player_positions`, `player_rating`, `player_potential`, `player_birth_year`, `player_height`) VALUES (273, 'Draht', 'Benedict', 'GER', 'CB', 79, 0, 1990, 198);
INSERT INTO Contract(`contract_player_id`, `contract_club_id`, `contract_signDate`, `contract_expireDate`, `contract_salary`, `contract_number`, `contract_role`) VALUES (273, 'basaksehir', 2025, 2027, 44.1, 14, 'sub');
INSERT INTO Player(`player_id`, `player_name`, `player_lastname`, `player_country_id`, `player_positions`, `player_rating`, `player_potential`, `player_birth_year`, `player_height`) VALUES (274, 'Gailles', 'Kean', 'FRA', 'CB', 79, 0, 1991, 187);
INSERT INTO Contract(`contract_player_id`, `contract_club_id`, `contract_signDate`, `contract_expireDate`, `contract_salary`, `contract_number`, `contract_role`) VALUES (274, 'lille', 2025, 2028, 44.0, 9, 'RCB');
INSERT INTO Player(`player_id`, `player_name`, `player_lastname`, `player_country_id`, `player_positions`, `player_rating`, `player_potential`, `player_birth_year`, `player_height`) VALUES (275, 'Christian', 'Tolian', 'BRA', 'CB', 79, 0, 1995, 183);
INSERT INTO Contract(`contract_player_id`, `contract_club_id`, `contract_signDate`, `contract_expireDate`, `contract_salary`, `contract_number`, `contract_role`) VALUES (275, 'psv', 2025, 2027, 43.6, 7, 'LCB');
INSERT INTO Player(`player_id`, `player_name`, `player_lastname`, `player_country_id`, `player_positions`, `player_rating`, `player_potential`, `player_birth_year`, `player_height`) VALUES (276, 'Sam', 'Ward', 'WAL', 'CB', 79, 0, 1994, 188);
INSERT INTO Contract(`contract_player_id`, `contract_club_id`, `contract_signDate`, `contract_expireDate`, `contract_salary`, `contract_number`, `contract_role`) VALUES (276, 'southampton', 2025, 2026, 44.0, 8, 'sub');
INSERT INTO Player(`player_id`, `player_name`, `player_lastname`, `player_country_id`, `player_positions`, `player_rating`, `player_potential`, `player_birth_year`, `player_height`) VALUES (277, 'Ranc', 'Meder', 'ARG', 'CB', 79, 0, 1990, 178);
INSERT INTO Contract(`contract_player_id`, `contract_club_id`, `contract_signDate`, `contract_expireDate`, `contract_salary`, `contract_number`, `contract_role`) VALUES (277, 'sportinglisabon', 2025, 2027, 44.0, 20, 'RCB');
INSERT INTO Player(`player_id`, `player_name`, `player_lastname`, `player_country_id`, `player_positions`, `player_rating`, `player_potential`, `player_birth_year`, `player_height`) VALUES (278, 'Mateo', 'Kadeu', 'FRA', 'CB', 79, 80, 2001, 190);
INSERT INTO Contract(`contract_player_id`, `contract_club_id`, `contract_signDate`, `contract_expireDate`, `contract_salary`, `contract_number`, `contract_role`) VALUES (278, 'youngboys', 2025, 2027, 32.0, 6, 'sub');
INSERT INTO Player(`player_id`, `player_name`, `player_lastname`, `player_country_id`, `player_positions`, `player_rating`, `player_potential`, `player_birth_year`, `player_height`) VALUES (279, 'Liamonc', 'Clenet', 'BEL', 'CB DM', 79, 0, 1992, 188);
INSERT INTO Contract(`contract_player_id`, `contract_club_id`, `contract_signDate`, `contract_expireDate`, `contract_salary`, `contract_number`, `contract_role`) VALUES (279, 'genk', 2025, 2028, 43.7, 2, 'sub');
INSERT INTO Player(`player_id`, `player_name`, `player_lastname`, `player_country_id`, `player_positions`, `player_rating`, `player_potential`, `player_birth_year`, `player_height`) VALUES (280, 'Serantan', 'Gaitan', 'ARG', 'DM', 79, 0, 1992, 177);
INSERT INTO Contract(`contract_player_id`, `contract_club_id`, `contract_signDate`, `contract_expireDate`, `contract_salary`, `contract_number`, `contract_role`) VALUES (280, 'braga', 2025, 2026, 44.0, 17, 'DM');
INSERT INTO Player(`player_id`, `player_name`, `player_lastname`, `player_country_id`, `player_positions`, `player_rating`, `player_potential`, `player_birth_year`, `player_height`) VALUES (281, 'Luc', 'Deide', 'CIV', 'DM', 72, 0, 1997, 179);
INSERT INTO Contract(`contract_player_id`, `contract_club_id`, `contract_signDate`, `contract_expireDate`, `contract_salary`, `contract_number`, `contract_role`) VALUES (281, 'malaga', 2025, 2027, 18.2, 18, 'sub');
INSERT INTO Player(`player_id`, `player_name`, `player_lastname`, `player_country_id`, `player_positions`, `player_rating`, `player_potential`, `player_birth_year`, `player_height`) VALUES (282, 'Iris', 'Zietsasi', 'GRE', 'DM', 79, 0, 1995, 180);
INSERT INTO Contract(`contract_player_id`, `contract_club_id`, `contract_signDate`, `contract_expireDate`, `contract_salary`, `contract_number`, `contract_role`) VALUES (282, 'paok', 2025, 2027, 44.5, 4, 'sub');
INSERT INTO Player(`player_id`, `player_name`, `player_lastname`, `player_country_id`, `player_positions`, `player_rating`, `player_potential`, `player_birth_year`, `player_height`) VALUES (283, 'Gustavo', 'Bargn', 'ANG', 'DM', 75, 0, 1998, 178);
INSERT INTO Contract(`contract_player_id`, `contract_club_id`, `contract_signDate`, `contract_expireDate`, `contract_salary`, `contract_number`, `contract_role`) VALUES (283, 'psv', 2025, 2027, 27.0, 15, 'DM');
INSERT INTO Player(`player_id`, `player_name`, `player_lastname`, `player_country_id`, `player_positions`, `player_rating`, `player_potential`, `player_birth_year`, `player_height`) VALUES (284, 'Jaren', 'Brown', 'GER', 'ST', 79, 0, 1993, 180);
INSERT INTO Contract(`contract_player_id`, `contract_club_id`, `contract_signDate`, `contract_expireDate`, `contract_salary`, `contract_number`, `contract_role`) VALUES (284, 'hsv', 2025, 2027, 44.0, 80, 'ST');
INSERT INTO Player(`player_id`, `player_name`, `player_lastname`, `player_country_id`, `player_positions`, `player_rating`, `player_potential`, `player_birth_year`, `player_height`) VALUES (285, 'Thiago', 'Sorens', 'ESP', 'ST SS CF', 79, 0, 1997, 178);
INSERT INTO Contract(`contract_player_id`, `contract_club_id`, `contract_signDate`, `contract_expireDate`, `contract_salary`, `contract_number`, `contract_role`) VALUES (285, 'stuttgart', 2025, 2028, 44.0, 5, 'sub');
INSERT INTO Player(`player_id`, `player_name`, `player_lastname`, `player_country_id`, `player_positions`, `player_rating`, `player_potential`, `player_birth_year`, `player_height`) VALUES (286, 'Andreas', 'Jorgensen', 'DEN', 'CF', 79, 0, 1997, 197);
INSERT INTO Contract(`contract_player_id`, `contract_club_id`, `contract_signDate`, `contract_expireDate`, `contract_salary`, `contract_number`, `contract_role`) VALUES (286, 'newcastle', 2025, 2029, 44.5, 9, 'sub');
INSERT INTO Player(`player_id`, `player_name`, `player_lastname`, `player_country_id`, `player_positions`, `player_rating`, `player_potential`, `player_birth_year`, `player_height`) VALUES (287, 'Andrea', 'Pazzinelli', 'ITA', 'CM', 79, 81, 2002, 180);
INSERT INTO Contract(`contract_player_id`, `contract_club_id`, `contract_signDate`, `contract_expireDate`, `contract_salary`, `contract_number`, `contract_role`) VALUES (287, 'fiorentina', 2025, 2028, 34.0, 9, 'sub');
INSERT INTO Player(`player_id`, `player_name`, `player_lastname`, `player_country_id`, `player_positions`, `player_rating`, `player_potential`, `player_birth_year`, `player_height`) VALUES (288, 'Felipe', 'Aroyo', 'CHI', 'CM', 79, 0, 1998, 178);
INSERT INTO Contract(`contract_player_id`, `contract_club_id`, `contract_signDate`, `contract_expireDate`, `contract_salary`, `contract_number`, `contract_role`) VALUES (288, 'galatasaray', 2025, 2028, 44.5, 6, 'CM');
INSERT INTO Player(`player_id`, `player_name`, `player_lastname`, `player_country_id`, `player_positions`, `player_rating`, `player_potential`, `player_birth_year`, `player_height`) VALUES (289, 'Kamil', 'Gersan', 'FRA', 'CM', 79, 0, 1992, 179);
INSERT INTO Contract(`contract_player_id`, `contract_club_id`, `contract_signDate`, `contract_expireDate`, `contract_salary`, `contract_number`, `contract_role`) VALUES (289, 'marseille', 2025, 2028, 44.0, 9, 'LCM');
INSERT INTO Player(`player_id`, `player_name`, `player_lastname`, `player_country_id`, `player_positions`, `player_rating`, `player_potential`, `player_birth_year`, `player_height`) VALUES (290, 'Garram', 'Ali', 'MOR', 'CM', 75, 77, 2001, 179);
INSERT INTO Contract(`contract_player_id`, `contract_club_id`, `contract_signDate`, `contract_expireDate`, `contract_salary`, `contract_number`, `contract_role`) VALUES (290, 'psv', 2025, 2028, 18.4, 1, 'CM');
INSERT INTO Player(`player_id`, `player_name`, `player_lastname`, `player_country_id`, `player_positions`, `player_rating`, `player_potential`, `player_birth_year`, `player_height`) VALUES (291, 'Juan', 'Palacio', 'ARG', 'CM AM', 79, 0, 1990, 178);
INSERT INTO Contract(`contract_player_id`, `contract_club_id`, `contract_signDate`, `contract_expireDate`, `contract_salary`, `contract_number`, `contract_role`) VALUES (291, 'psg', 2025, 2026, 43.5, 17, 'AM');
INSERT INTO Player(`player_id`, `player_name`, `player_lastname`, `player_country_id`, `player_positions`, `player_rating`, `player_potential`, `player_birth_year`, `player_height`) VALUES (292, 'Danny', 'Kell', 'USA', 'CM AM', 79, 80, 2002, 181);
INSERT INTO Contract(`contract_player_id`, `contract_club_id`, `contract_signDate`, `contract_expireDate`, `contract_salary`, `contract_number`, `contract_role`) VALUES (292, 'schalke', 2025, 2028, 30.0, 15, 'sub');
INSERT INTO Player(`player_id`, `player_name`, `player_lastname`, `player_country_id`, `player_positions`, `player_rating`, `player_potential`, `player_birth_year`, `player_height`) VALUES (293, 'Danielo', 'Vinha', 'BRA', 'CM DM', 76, 0, 1998, 174);
INSERT INTO Contract(`contract_player_id`, `contract_club_id`, `contract_signDate`, `contract_expireDate`, `contract_salary`, `contract_number`, `contract_role`) VALUES (293, 'sportinglisabon', 2025, 2028, 33.0, 5, 'LCM');
INSERT INTO Player(`player_id`, `player_name`, `player_lastname`, `player_country_id`, `player_positions`, `player_rating`, `player_potential`, `player_birth_year`, `player_height`) VALUES (294, 'Pablo', 'Rojas', 'ESP', 'CM RM', 79, 0, 1998, 178);
INSERT INTO Contract(`contract_player_id`, `contract_club_id`, `contract_signDate`, `contract_expireDate`, `contract_salary`, `contract_number`, `contract_role`) VALUES (294, 'barcelona', 2025, 2028, 43.8, 25, 'CM');
INSERT INTO Player(`player_id`, `player_name`, `player_lastname`, `player_country_id`, `player_positions`, `player_rating`, `player_potential`, `player_birth_year`, `player_height`) VALUES (295, 'Hugo', 'Rocer', 'ARG', 'GK', 79, 0, 1995, 182);
INSERT INTO Contract(`contract_player_id`, `contract_club_id`, `contract_signDate`, `contract_expireDate`, `contract_salary`, `contract_number`, `contract_role`) VALUES (295, 'malaga', 2025, 2027, 43.5, 2, 'GK');
INSERT INTO Player(`player_id`, `player_name`, `player_lastname`, `player_country_id`, `player_positions`, `player_rating`, `player_potential`, `player_birth_year`, `player_height`) VALUES (296, 'Hugo', 'Portele', 'POR', 'GK', 79, 91, 2004, 194);
INSERT INTO Contract(`contract_player_id`, `contract_club_id`, `contract_signDate`, `contract_expireDate`, `contract_salary`, `contract_number`, `contract_role`) VALUES (296, 'psg', 2025, 2028, 40.0, 1, 'sub');
INSERT INTO Player(`player_id`, `player_name`, `player_lastname`, `player_country_id`, `player_positions`, `player_rating`, `player_potential`, `player_birth_year`, `player_height`) VALUES (297, 'Aiken van Eidoven', 'Niklaasen', 'NED', 'GK', 79, 82, 1999, 193);
INSERT INTO Contract(`contract_player_id`, `contract_club_id`, `contract_signDate`, `contract_expireDate`, `contract_salary`, `contract_number`, `contract_role`) VALUES (297, 'porto', 2025, 2028, 37.5, 31, 'GK');
INSERT INTO Player(`player_id`, `player_name`, `player_lastname`, `player_country_id`, `player_positions`, `player_rating`, `player_potential`, `player_birth_year`, `player_height`) VALUES (298, 'Valo', 'Mendez', 'ESP', 'GK', 79, 0, 1993, 185);
INSERT INTO Contract(`contract_player_id`, `contract_club_id`, `contract_signDate`, `contract_expireDate`, `contract_salary`, `contract_number`, `contract_role`) VALUES (298, 'betis', 2025, 2027, 43.5, 4, 'GK');
INSERT INTO Player(`player_id`, `player_name`, `player_lastname`, `player_country_id`, `player_positions`, `player_rating`, `player_potential`, `player_birth_year`, `player_height`) VALUES (299, 'Antonio', 'Schiefler', 'AUT', 'GK', 75, 0, 1990, 186);
INSERT INTO Contract(`contract_player_id`, `contract_club_id`, `contract_signDate`, `contract_expireDate`, `contract_salary`, `contract_number`, `contract_role`) VALUES (299, 'salzburg', 2025, 2026, 27.5, 3, 'GK');
INSERT INTO Player(`player_id`, `player_name`, `player_lastname`, `player_country_id`, `player_positions`, `player_rating`, `player_potential`, `player_birth_year`, `player_height`) VALUES (300, 'Franco', 'Di Giani', 'ITA', 'LB', 79, 81, 2001, 180);
INSERT INTO Contract(`contract_player_id`, `contract_club_id`, `contract_signDate`, `contract_expireDate`, `contract_salary`, `contract_number`, `contract_role`) VALUES (300, 'juventus', 2025, 2029, 41.5, 6, 'sub');
INSERT INTO Player(`player_id`, `player_name`, `player_lastname`, `player_country_id`, `player_positions`, `player_rating`, `player_potential`, `player_birth_year`, `player_height`) VALUES (301, 'Paulas', 'Vanilidis', 'GRE', 'LB', 74, 76, 2000, 180);
INSERT INTO Contract(`contract_player_id`, `contract_club_id`, `contract_signDate`, `contract_expireDate`, `contract_salary`, `contract_number`, `contract_role`) VALUES (301, 'valencia', 2025, 2028, 24.2, 17, 'LB');
INSERT INTO Player(`player_id`, `player_name`, `player_lastname`, `player_country_id`, `player_positions`, `player_rating`, `player_potential`, `player_birth_year`, `player_height`) VALUES (302, 'Calin', 'Plattart', 'AUT', 'LB', 79, 0, 1998, 177);
INSERT INTO Contract(`contract_player_id`, `contract_club_id`, `contract_signDate`, `contract_expireDate`, `contract_salary`, `contract_number`, `contract_role`) VALUES (302, 'hannover', 2025, 2027, 37.0, 5, 'sub');
INSERT INTO Player(`player_id`, `player_name`, `player_lastname`, `player_country_id`, `player_positions`, `player_rating`, `player_potential`, `player_birth_year`, `player_height`) VALUES (303, 'Nikolay', 'Teseklyanka', 'UKR', 'LW', 79, 82, 2004, 179);
INSERT INTO Contract(`contract_player_id`, `contract_club_id`, `contract_signDate`, `contract_expireDate`, `contract_salary`, `contract_number`, `contract_role`) VALUES (303, 'dynamokyiv', 2025, 2028, 32.0, 6, 'LW');
INSERT INTO Player(`player_id`, `player_name`, `player_lastname`, `player_country_id`, `player_positions`, `player_rating`, `player_potential`, `player_birth_year`, `player_height`) VALUES (304, '-', 'Auare', 'FRA', 'LW SS', 79, 0, 1999, 176);
INSERT INTO Contract(`contract_player_id`, `contract_club_id`, `contract_signDate`, `contract_expireDate`, `contract_salary`, `contract_number`, `contract_role`) VALUES (304, 'monaco', 2025, 2026, 37.0, 6, 'LW');
INSERT INTO Player(`player_id`, `player_name`, `player_lastname`, `player_country_id`, `player_positions`, `player_rating`, `player_potential`, `player_birth_year`, `player_height`) VALUES (305, 'Kevin', 'Sodoko', 'FRA', 'RB', 79, 0, 1998, 178);
INSERT INTO Contract(`contract_player_id`, `contract_club_id`, `contract_signDate`, `contract_expireDate`, `contract_salary`, `contract_number`, `contract_role`) VALUES (305, 'nice', 2025, 2026, 37.0, 9, 'RB');
INSERT INTO Player(`player_id`, `player_name`, `player_lastname`, `player_country_id`, `player_positions`, `player_rating`, `player_potential`, `player_birth_year`, `player_height`) VALUES (306, 'Nickal', 'Getsmler', 'AUT', 'RB RM', 79, 0, 1995, 177);
INSERT INTO Contract(`contract_player_id`, `contract_club_id`, `contract_signDate`, `contract_expireDate`, `contract_salary`, `contract_number`, `contract_role`) VALUES (306, 'salzburg', 2025, 2027, 44.0, 11, 'RM');
INSERT INTO Player(`player_id`, `player_name`, `player_lastname`, `player_country_id`, `player_positions`, `player_rating`, `player_potential`, `player_birth_year`, `player_height`) VALUES (307, 'Iadidi', 'Mekoululu', 'MLI', 'RW RM', 79, 83, 2003, 179);
INSERT INTO Contract(`contract_player_id`, `contract_club_id`, `contract_signDate`, `contract_expireDate`, `contract_salary`, `contract_number`, `contract_role`) VALUES (307, 'salzburg', 2025, 2028, 33.0, 1, 'RW');
INSERT INTO Player(`player_id`, `player_name`, `player_lastname`, `player_country_id`, `player_positions`, `player_rating`, `player_potential`, `player_birth_year`, `player_height`) VALUES (308, 'Amirzali', 'Velghouli', 'ALG', 'AM', 78, 79, 2002, 177);
INSERT INTO Contract(`contract_player_id`, `contract_club_id`, `contract_signDate`, `contract_expireDate`, `contract_salary`, `contract_number`, `contract_role`) VALUES (308, 'psg', 2025, 2028, 21.0, 23, 'sub');
INSERT INTO Player(`player_id`, `player_name`, `player_lastname`, `player_country_id`, `player_positions`, `player_rating`, `player_potential`, `player_birth_year`, `player_height`) VALUES (309, 'Jean-Moussa', 'Bal', 'CIV', 'LW', 78, 79, 2001, 177);
INSERT INTO Contract(`contract_player_id`, `contract_club_id`, `contract_signDate`, `contract_expireDate`, `contract_salary`, `contract_number`, `contract_role`) VALUES (309, 'lille', 2025, 2026, 3.0, 3, 'LW');
INSERT INTO Player(`player_id`, `player_name`, `player_lastname`, `player_country_id`, `player_positions`, `player_rating`, `player_potential`, `player_birth_year`, `player_height`) VALUES (310, 'Chris', 'Knooijpers', 'NED', 'CB', 78, 83, 2004, 189);
INSERT INTO Contract(`contract_player_id`, `contract_club_id`, `contract_signDate`, `contract_expireDate`, `contract_salary`, `contract_number`, `contract_role`) VALUES (310, 'ajax', 2025, 2028, 13.0, 28, 'RCB');
INSERT INTO Player(`player_id`, `player_name`, `player_lastname`, `player_country_id`, `player_positions`, `player_rating`, `player_potential`, `player_birth_year`, `player_height`) VALUES (311, 'Gabriel', 'Torena', 'BRA', 'CB', 78, 79, 2002, 188);
INSERT INTO Contract(`contract_player_id`, `contract_club_id`, `contract_signDate`, `contract_expireDate`, `contract_salary`, `contract_number`, `contract_role`) VALUES (311, 'asse', 2025, 2028, 17.8, 8, 'RCB');
INSERT INTO Player(`player_id`, `player_name`, `player_lastname`, `player_country_id`, `player_positions`, `player_rating`, `player_potential`, `player_birth_year`, `player_height`) VALUES (312, 'Zarick', 'Ababa', 'SUI', 'CB', 78, 79, 2002, 189);
INSERT INTO Contract(`contract_player_id`, `contract_club_id`, `contract_signDate`, `contract_expireDate`, `contract_salary`, `contract_number`, `contract_role`) VALUES (312, 'basel', 2025, 2027, 19.5, 18, 'sub');
INSERT INTO Player(`player_id`, `player_name`, `player_lastname`, `player_country_id`, `player_positions`, `player_rating`, `player_potential`, `player_birth_year`, `player_height`) VALUES (313, 'Hanse', 'Gjudorssen', 'DEN', 'CB', 77, 0, 1991, 186);
INSERT INTO Contract(`contract_player_id`, `contract_club_id`, `contract_signDate`, `contract_expireDate`, `contract_salary`, `contract_number`, `contract_role`) VALUES (313, 'copenhagen', 2025, 2028, 35.1, 4, 'RCB');
INSERT INTO Player(`player_id`, `player_name`, `player_lastname`, `player_country_id`, `player_positions`, `player_rating`, `player_potential`, `player_birth_year`, `player_height`) VALUES (314, 'Willem', 'Jakoopp', 'NED', 'CB', 75, 0, 1998, 186);
INSERT INTO Contract(`contract_player_id`, `contract_club_id`, `contract_signDate`, `contract_expireDate`, `contract_salary`, `contract_number`, `contract_role`) VALUES (314, 'feyenoord', 2025, 2027, 23.3, 13, 'sub');
INSERT INTO Player(`player_id`, `player_name`, `player_lastname`, `player_country_id`, `player_positions`, `player_rating`, `player_potential`, `player_birth_year`, `player_height`) VALUES (315, 'Manos', 'Panolas', 'GRE', 'CB', 78, 0, 1994, 189);
INSERT INTO Contract(`contract_player_id`, `contract_club_id`, `contract_signDate`, `contract_expireDate`, `contract_salary`, `contract_number`, `contract_role`) VALUES (315, 'lazio', 2025, 2028, 39.6, 9, 'RCB');
INSERT INTO Player(`player_id`, `player_name`, `player_lastname`, `player_country_id`, `player_positions`, `player_rating`, `player_potential`, `player_birth_year`, `player_height`) VALUES (316, 'Nuno', 'Berales', 'POR', 'CB', 78, 0, 1999, 188);
INSERT INTO Contract(`contract_player_id`, `contract_club_id`, `contract_signDate`, `contract_expireDate`, `contract_salary`, `contract_number`, `contract_role`) VALUES (316, 'porto', 2025, 2026, 39.0, 9, 'LCB');
INSERT INTO Player(`player_id`, `player_name`, `player_lastname`, `player_country_id`, `player_positions`, `player_rating`, `player_potential`, `player_birth_year`, `player_height`) VALUES (317, 'Iamelado', 'Fanco', 'ESP', 'CB', 78, 81, 2001, 188);
INSERT INTO Contract(`contract_player_id`, `contract_club_id`, `contract_signDate`, `contract_expireDate`, `contract_salary`, `contract_number`, `contract_role`) VALUES (317, 'realsociedad', 2025, 2028, 29.0, 6, 'sub');
INSERT INTO Player(`player_id`, `player_name`, `player_lastname`, `player_country_id`, `player_positions`, `player_rating`, `player_potential`, `player_birth_year`, `player_height`) VALUES (318, 'Kevin-Marcs', 'Gudsen', 'AUT', 'CB', 77, 0, 1993, 182);
INSERT INTO Contract(`contract_player_id`, `contract_club_id`, `contract_signDate`, `contract_expireDate`, `contract_salary`, `contract_number`, `contract_role`) VALUES (318, 'salzburg', 2025, 2026, 38.0, 12, 'RCB');
INSERT INTO Player(`player_id`, `player_name`, `player_lastname`, `player_country_id`, `player_positions`, `player_rating`, `player_potential`, `player_birth_year`, `player_height`) VALUES (319, 'Henry', 'Van Dekens', 'NED', 'DM', 78, 87, 2005, 179);
INSERT INTO Contract(`contract_player_id`, `contract_club_id`, `contract_signDate`, `contract_expireDate`, `contract_salary`, `contract_number`, `contract_role`) VALUES (319, 'ajax', 2025, 2028, 1.0, 5, 'DM');
INSERT INTO Player(`player_id`, `player_name`, `player_lastname`, `player_country_id`, `player_positions`, `player_rating`, `player_potential`, `player_birth_year`, `player_height`) VALUES (320, 'Alexander', 'Vierao', 'ARG', 'DM', 78, 0, 1996, 177);
INSERT INTO Contract(`contract_player_id`, `contract_club_id`, `contract_signDate`, `contract_expireDate`, `contract_salary`, `contract_number`, `contract_role`) VALUES (320, 'lokomotivmoscow', 2025, 2027, 39.5, 6, 'sub');
INSERT INTO Player(`player_id`, `player_name`, `player_lastname`, `player_country_id`, `player_positions`, `player_rating`, `player_potential`, `player_birth_year`, `player_height`) VALUES (321, 'Luis', 'Estrende', 'ESP', 'DM', 78, 0, 1996, 178);
INSERT INTO Contract(`contract_player_id`, `contract_club_id`, `contract_signDate`, `contract_expireDate`, `contract_salary`, `contract_number`, `contract_role`) VALUES (321, 'realsociedad', 2025, 2028, 39.2, 8, 'sub');
INSERT INTO Player(`player_id`, `player_name`, `player_lastname`, `player_country_id`, `player_positions`, `player_rating`, `player_potential`, `player_birth_year`, `player_height`) VALUES (322, 'Thymon', 'Seibber', 'FRA', 'CF ST', 78, 79, 2000, 187);
INSERT INTO Contract(`contract_player_id`, `contract_club_id`, `contract_signDate`, `contract_expireDate`, `contract_salary`, `contract_number`, `contract_role`) VALUES (322, 'basel', 2025, 2027, 32.5, 9, 'sub');
INSERT INTO Player(`player_id`, `player_name`, `player_lastname`, `player_country_id`, `player_positions`, `player_rating`, `player_potential`, `player_birth_year`, `player_height`) VALUES (323, 'Rajun', 'Itanusin', 'ROU', 'CF', 78, 0, 1993, 191);
INSERT INTO Contract(`contract_player_id`, `contract_club_id`, `contract_signDate`, `contract_expireDate`, `contract_salary`, `contract_number`, `contract_role`) VALUES (323, 'bordeaux', 2025, 2027, 39.3, 11, 'CF');
INSERT INTO Player(`player_id`, `player_name`, `player_lastname`, `player_country_id`, `player_positions`, `player_rating`, `player_potential`, `player_birth_year`, `player_height`) VALUES (324, 'Dion', 'Sirgi', 'BEL', 'ST CF', 78, 0, 1996, 182);
INSERT INTO Contract(`contract_player_id`, `contract_club_id`, `contract_signDate`, `contract_expireDate`, `contract_salary`, `contract_number`, `contract_role`) VALUES (324, 'everton', 2025, 2028, 39.3, 1, 'sub');
INSERT INTO Player(`player_id`, `player_name`, `player_lastname`, `player_country_id`, `player_positions`, `player_rating`, `player_potential`, `player_birth_year`, `player_height`) VALUES (325, '-', 'Paulinho', 'BRA', 'CF ST', 79, 80, 2000, 188);
INSERT INTO Contract(`contract_player_id`, `contract_club_id`, `contract_signDate`, `contract_expireDate`, `contract_salary`, `contract_number`, `contract_role`) VALUES (325, 'portimonense', 2025, 2027, 20.0, 5, 'CF');
INSERT INTO Player(`player_id`, `player_name`, `player_lastname`, `player_country_id`, `player_positions`, `player_rating`, `player_potential`, `player_birth_year`, `player_height`) VALUES (326, 'Mihal', 'Petera', 'CZE', 'CM', 76, 0, 1993, 181);
INSERT INTO Contract(`contract_player_id`, `contract_club_id`, `contract_signDate`, `contract_expireDate`, `contract_salary`, `contract_number`, `contract_role`) VALUES (326, 'basaksehir', 2025, 2028, 33.0, 15, 'sub');
INSERT INTO Player(`player_id`, `player_name`, `player_lastname`, `player_country_id`, `player_positions`, `player_rating`, `player_potential`, `player_birth_year`, `player_height`) VALUES (327, 'Onur', 'Beracigher', 'TUR', 'CM', 78, 0, 1993, 178);
INSERT INTO Contract(`contract_player_id`, `contract_club_id`, `contract_signDate`, `contract_expireDate`, `contract_salary`, `contract_number`, `contract_role`) VALUES (327, 'besiktas', 2025, 2027, 39.5, 9, 'sub');
INSERT INTO Player(`player_id`, `player_name`, `player_lastname`, `player_country_id`, `player_positions`, `player_rating`, `player_potential`, `player_birth_year`, `player_height`) VALUES (328, '-', 'Adier', 'FRA', 'CM', 78, 0, 1992, 177);
INSERT INTO Contract(`contract_player_id`, `contract_club_id`, `contract_signDate`, `contract_expireDate`, `contract_salary`, `contract_number`, `contract_role`) VALUES (328, 'lyon', 2025, 2027, 39.0, 8, 'LCM');
INSERT INTO Player(`player_id`, `player_name`, `player_lastname`, `player_country_id`, `player_positions`, `player_rating`, `player_potential`, `player_birth_year`, `player_height`) VALUES (329, 'Milan', 'Peji', 'CRO', 'CM', 78, 0, 1992, 181);
INSERT INTO Contract(`contract_player_id`, `contract_club_id`, `contract_signDate`, `contract_expireDate`, `contract_salary`, `contract_number`, `contract_role`) VALUES (329, 'villarreal', 2025, 2028, 39.0, 5, 'sub');
INSERT INTO Player(`player_id`, `player_name`, `player_lastname`, `player_country_id`, `player_positions`, `player_rating`, `player_potential`, `player_birth_year`, `player_height`) VALUES (330, 'Pedro', 'Muiyal', 'COL', 'SS AM', 75, 0, 1998, 176);
INSERT INTO Contract(`contract_player_id`, `contract_club_id`, `contract_signDate`, `contract_expireDate`, `contract_salary`, `contract_number`, `contract_role`) VALUES (330, 'fiorentina', 2025, 2027, 20.0, 15, 'sub');
INSERT INTO Player(`player_id`, `player_name`, `player_lastname`, `player_country_id`, `player_positions`, `player_rating`, `player_potential`, `player_birth_year`, `player_height`) VALUES (331, 'Victor', 'Ezaldes', 'PAR', 'GK', 77, 0, 1997, 188);
INSERT INTO Contract(`contract_player_id`, `contract_club_id`, `contract_signDate`, `contract_expireDate`, `contract_salary`, `contract_number`, `contract_role`) VALUES (331, 'asse', 2025, 2028, 32.0, 16, 'GK');
INSERT INTO Player(`player_id`, `player_name`, `player_lastname`, `player_country_id`, `player_positions`, `player_rating`, `player_potential`, `player_birth_year`, `player_height`) VALUES (332, 'Raitz', 'Nule', 'GER', 'GK', 78, 86, 2000, 194);
INSERT INTO Contract(`contract_player_id`, `contract_club_id`, `contract_signDate`, `contract_expireDate`, `contract_salary`, `contract_number`, `contract_role`) VALUES (332, 'schalke', 2025, 2027, 23.0, 6, 'GK');
INSERT INTO Player(`player_id`, `player_name`, `player_lastname`, `player_country_id`, `player_positions`, `player_rating`, `player_potential`, `player_birth_year`, `player_height`) VALUES (333, 'Julian', 'Kaspa', 'FIN', 'GK', 78, 0, 1994, 195);
INSERT INTO Contract(`contract_player_id`, `contract_club_id`, `contract_signDate`, `contract_expireDate`, `contract_salary`, `contract_number`, `contract_role`) VALUES (333, 'gladbach', 2025, 2026, 39.7, 4, 'GK');
INSERT INTO Player(`player_id`, `player_name`, `player_lastname`, `player_country_id`, `player_positions`, `player_rating`, `player_potential`, `player_birth_year`, `player_height`) VALUES (334, 'Haden', 'Collins', 'USA', 'GK', 78, 0, 1993, 192);
INSERT INTO Contract(`contract_player_id`, `contract_club_id`, `contract_signDate`, `contract_expireDate`, `contract_salary`, `contract_number`, `contract_role`) VALUES (334, 'newcastle', 2025, 2027, 39.0, 8, 'GK');
INSERT INTO Player(`player_id`, `player_name`, `player_lastname`, `player_country_id`, `player_positions`, `player_rating`, `player_potential`, `player_birth_year`, `player_height`) VALUES (335, 'Muziano', 'Padelli', 'ITA', 'GK', 77, 79, 2002, 192);
INSERT INTO Contract(`contract_player_id`, `contract_club_id`, `contract_signDate`, `contract_expireDate`, `contract_salary`, `contract_number`, `contract_role`) VALUES (335, 'bologna', 2025, 2027, 27.0, 2, 'GK');
INSERT INTO Player(`player_id`, `player_name`, `player_lastname`, `player_country_id`, `player_positions`, `player_rating`, `player_potential`, `player_birth_year`, `player_height`) VALUES (336, 'Gayel', 'Rajuli', 'ESP', 'LB', 78, 0, 1996, 176);
INSERT INTO Contract(`contract_player_id`, `contract_club_id`, `contract_signDate`, `contract_expireDate`, `contract_salary`, `contract_number`, `contract_role`) VALUES (336, 'realmadrid', 2025, 2028, 39.0, 17, 'LB');
INSERT INTO Player(`player_id`, `player_name`, `player_lastname`, `player_country_id`, `player_positions`, `player_rating`, `player_potential`, `player_birth_year`, `player_height`) VALUES (337, 'Arne', 'Johanesen', 'DEN', 'LB', 78, 0, 1998, 177);
INSERT INTO Contract(`contract_player_id`, `contract_club_id`, `contract_signDate`, `contract_expireDate`, `contract_salary`, `contract_number`, `contract_role`) VALUES (337, 'southampton', 2025, 2027, 36.0, 18, 'sub');
INSERT INTO Player(`player_id`, `player_name`, `player_lastname`, `player_country_id`, `player_positions`, `player_rating`, `player_potential`, `player_birth_year`, `player_height`) VALUES (338, 'Nwela', 'Ajagba', 'AUT', 'LW ST', 74, 78, 2003, 179);
INSERT INTO Contract(`contract_player_id`, `contract_club_id`, `contract_signDate`, `contract_expireDate`, `contract_salary`, `contract_number`, `contract_role`) VALUES (338, 'bayerleverkusen', 2025, 2026, 2.5, 2, 'LW');
INSERT INTO Player(`player_id`, `player_name`, `player_lastname`, `player_country_id`, `player_positions`, `player_rating`, `player_potential`, `player_birth_year`, `player_height`) VALUES (339, 'Emil', 'Darani', 'SUI', 'RB', 78, 0, 1998, 177);
INSERT INTO Contract(`contract_player_id`, `contract_club_id`, `contract_signDate`, `contract_expireDate`, `contract_salary`, `contract_number`, `contract_role`) VALUES (339, 'basel', 2025, 2026, 24.5, 4, 'sub');
INSERT INTO Player(`player_id`, `player_name`, `player_lastname`, `player_country_id`, `player_positions`, `player_rating`, `player_potential`, `player_birth_year`, `player_height`) VALUES (340, 'Robin', 'Delert', 'FRA', 'RB RM', 84, 0, 1997, 178);
INSERT INTO Contract(`contract_player_id`, `contract_club_id`, `contract_signDate`, `contract_expireDate`, `contract_salary`, `contract_number`, `contract_role`) VALUES (340, 'monaco', 2025, 2027, 56.2, 8, 'RB');
INSERT INTO Player(`player_id`, `player_name`, `player_lastname`, `player_country_id`, `player_positions`, `player_rating`, `player_potential`, `player_birth_year`, `player_height`) VALUES (341, 'Ferinme', 'Journao', 'PER', 'RB', 78, 0, 1999, 177);
INSERT INTO Contract(`contract_player_id`, `contract_club_id`, `contract_signDate`, `contract_expireDate`, `contract_salary`, `contract_number`, `contract_role`) VALUES (341, 'psg', 2025, 2029, 39.5, 28, 'sub');
INSERT INTO Player(`player_id`, `player_name`, `player_lastname`, `player_country_id`, `player_positions`, `player_rating`, `player_potential`, `player_birth_year`, `player_height`) VALUES (342, 'Feuider', 'Sommestacher', 'GER', 'RB CB', 77, 83, 2003, 182);
INSERT INTO Contract(`contract_player_id`, `contract_club_id`, `contract_signDate`, `contract_expireDate`, `contract_salary`, `contract_number`, `contract_role`) VALUES (342, 'gladbach', 2025, 2028, 30.0, 3, 'sub');
INSERT INTO Player(`player_id`, `player_name`, `player_lastname`, `player_country_id`, `player_positions`, `player_rating`, `player_potential`, `player_birth_year`, `player_height`) VALUES (343, 'Alejandro', 'Trincao', 'POR', 'RW', 78, 79, 2000, 177);
INSERT INTO Contract(`contract_player_id`, `contract_club_id`, `contract_signDate`, `contract_expireDate`, `contract_salary`, `contract_number`, `contract_role`) VALUES (343, 'benfica', 2025, 2027, 12.5, 14, 'RW');
INSERT INTO Player(`player_id`, `player_name`, `player_lastname`, `player_country_id`, `player_positions`, `player_rating`, `player_potential`, `player_birth_year`, `player_height`) VALUES (344, 'Dries', 'Flette', 'NED', 'RW', 78, 0, 1997, 176);
INSERT INTO Contract(`contract_player_id`, `contract_club_id`, `contract_signDate`, `contract_expireDate`, `contract_salary`, `contract_number`, `contract_role`) VALUES (344, 'psv', 2025, 2028, 39.4, 6, 'RW');
INSERT INTO Player(`player_id`, `player_name`, `player_lastname`, `player_country_id`, `player_positions`, `player_rating`, `player_potential`, `player_birth_year`, `player_height`) VALUES (345, 'Juancho', 'Royci', 'ESP', 'RW', 73, 74, 2002, 176);
INSERT INTO Contract(`contract_player_id`, `contract_club_id`, `contract_signDate`, `contract_expireDate`, `contract_salary`, `contract_number`, `contract_role`) VALUES (345, 'realmadrid', 2025, 2028, 15.0, 31, 'sub');
INSERT INTO Player(`player_id`, `player_name`, `player_lastname`, `player_country_id`, `player_positions`, `player_rating`, `player_potential`, `player_birth_year`, `player_height`) VALUES (346, 'Juanberto', 'Saiz', 'ESP', 'RW', 77, 79, 2004, 177);
INSERT INTO Contract(`contract_player_id`, `contract_club_id`, `contract_signDate`, `contract_expireDate`, `contract_salary`, `contract_number`, `contract_role`) VALUES (346, 'bilbao', 2025, 2028, 19.0, 7, 'sub');
INSERT INTO Player(`player_id`, `player_name`, `player_lastname`, `player_country_id`, `player_positions`, `player_rating`, `player_potential`, `player_birth_year`, `player_height`) VALUES (347, 'Ensalo', 'Gonsalves', 'POR', 'AM SS', 77, 79, 2002, 178);
INSERT INTO Contract(`contract_player_id`, `contract_club_id`, `contract_signDate`, `contract_expireDate`, `contract_salary`, `contract_number`, `contract_role`) VALUES (347, 'portimonense', 2025, 2028, 25.0, 4, 'AM');
INSERT INTO Player(`player_id`, `player_name`, `player_lastname`, `player_country_id`, `player_positions`, `player_rating`, `player_potential`, `player_birth_year`, `player_height`) VALUES (348, 'Tylas', 'Grandes', 'BFA', 'RW AM', 77, 0, 1996, 179);
INSERT INTO Contract(`contract_player_id`, `contract_club_id`, `contract_signDate`, `contract_expireDate`, `contract_salary`, `contract_number`, `contract_role`) VALUES (348, 'asse', 2025, 2028, 35.0, 11, 'AM');
INSERT INTO Player(`player_id`, `player_name`, `player_lastname`, `player_country_id`, `player_positions`, `player_rating`, `player_potential`, `player_birth_year`, `player_height`) VALUES (349, 'Luchia', 'Miniriaoliggni', 'ITA', 'CB', 75, 0, 1989, 184);
INSERT INTO Contract(`contract_player_id`, `contract_club_id`, `contract_signDate`, `contract_expireDate`, `contract_salary`, `contract_number`, `contract_role`) VALUES (349, 'milan', 2025, 2027, 27.5, 17, 'sub');
INSERT INTO Player(`player_id`, `player_name`, `player_lastname`, `player_country_id`, `player_positions`, `player_rating`, `player_potential`, `player_birth_year`, `player_height`) VALUES (350, 'Marc da Silva Patricio', 'Patric', 'POR', 'CB', 77, 0, 1999, 187);
INSERT INTO Contract(`contract_player_id`, `contract_club_id`, `contract_signDate`, `contract_expireDate`, `contract_salary`, `contract_number`, `contract_role`) VALUES (350, 'benfica', 2025, 2026, 22.0, 12, 'LCB');
INSERT INTO Player(`player_id`, `player_name`, `player_lastname`, `player_country_id`, `player_positions`, `player_rating`, `player_potential`, `player_birth_year`, `player_height`) VALUES (351, 'Dwaen', 'Ardouar', 'FRA', 'CB', 77, 0, 1995, 186);
INSERT INTO Contract(`contract_player_id`, `contract_club_id`, `contract_signDate`, `contract_expireDate`, `contract_salary`, `contract_number`, `contract_role`) VALUES (351, 'bordeaux', 2025, 2028, 35.0, 7, 'RCB');
INSERT INTO Player(`player_id`, `player_name`, `player_lastname`, `player_country_id`, `player_positions`, `player_rating`, `player_potential`, `player_birth_year`, `player_height`) VALUES (352, '-', 'Maihos', 'BRA', 'CB', 77, 0, 1996, 185);
INSERT INTO Contract(`contract_player_id`, `contract_club_id`, `contract_signDate`, `contract_expireDate`, `contract_salary`, `contract_number`, `contract_role`) VALUES (352, 'dynamomoscow', 2025, 2028, 36.0, 12, 'sub');
INSERT INTO Player(`player_id`, `player_name`, `player_lastname`, `player_country_id`, `player_positions`, `player_rating`, `player_potential`, `player_birth_year`, `player_height`) VALUES (353, 'Erzahan', 'Sanali', 'TUR', 'CB', 77, 0, 1993, 185);
INSERT INTO Contract(`contract_player_id`, `contract_club_id`, `contract_signDate`, `contract_expireDate`, `contract_salary`, `contract_number`, `contract_role`) VALUES (353, 'feyenoord', 2025, 2028, 35.4, 11, 'RCB');
INSERT INTO Player(`player_id`, `player_name`, `player_lastname`, `player_country_id`, `player_positions`, `player_rating`, `player_potential`, `player_birth_year`, `player_height`) VALUES (354, 'Adisunga', 'Sakadia', 'FRA', 'CB', 77, 78, 2001, 195);
INSERT INTO Contract(`contract_player_id`, `contract_club_id`, `contract_signDate`, `contract_expireDate`, `contract_salary`, `contract_number`, `contract_role`) VALUES (354, 'strasbourg', 2025, 2028, 17.0, 9, 'LCB');
INSERT INTO Player(`player_id`, `player_name`, `player_lastname`, `player_country_id`, `player_positions`, `player_rating`, `player_potential`, `player_birth_year`, `player_height`) VALUES (355, 'Joao', 'Mende', 'FRA', 'DM CB', 77, 0, 1998, 182);
INSERT INTO Contract(`contract_player_id`, `contract_club_id`, `contract_signDate`, `contract_expireDate`, `contract_salary`, `contract_number`, `contract_role`) VALUES (355, 'lille', 2025, 2027, 36.0, 5, 'DM');
INSERT INTO Player(`player_id`, `player_name`, `player_lastname`, `player_country_id`, `player_positions`, `player_rating`, `player_potential`, `player_birth_year`, `player_height`) VALUES (356, 'Napierre', 'Ediakon', 'FRA', 'DM CB', 77, 81, 2000, 185);
INSERT INTO Contract(`contract_player_id`, `contract_club_id`, `contract_signDate`, `contract_expireDate`, `contract_salary`, `contract_number`, `contract_role`) VALUES (356, 'lyon', 2025, 2028, 24.0, 2, 'sub');
INSERT INTO Player(`player_id`, `player_name`, `player_lastname`, `player_country_id`, `player_positions`, `player_rating`, `player_potential`, `player_birth_year`, `player_height`) VALUES (357, 'Canaris', 'Rico', 'ARG', 'ST', 77, 0, 1995, 179);
INSERT INTO Contract(`contract_player_id`, `contract_club_id`, `contract_signDate`, `contract_expireDate`, `contract_salary`, `contract_number`, `contract_role`) VALUES (357, 'getafe', 2025, 2027, 35.0, 2, 'sub');
INSERT INTO Player(`player_id`, `player_name`, `player_lastname`, `player_country_id`, `player_positions`, `player_rating`, `player_potential`, `player_birth_year`, `player_height`) VALUES (358, '-', 'Sad', 'SEN', 'SS AM', 77, 0, 1996, 178);
INSERT INTO Contract(`contract_player_id`, `contract_club_id`, `contract_signDate`, `contract_expireDate`, `contract_salary`, `contract_number`, `contract_role`) VALUES (358, 'lille', 2025, 2028, 35.5, 6, 'AM');
INSERT INTO Player(`player_id`, `player_name`, `player_lastname`, `player_country_id`, `player_positions`, `player_rating`, `player_potential`, `player_birth_year`, `player_height`) VALUES (359, 'Joao', 'Vanderson', 'BRA', 'ST CF', 77, 0, 1995, 183);
INSERT INTO Contract(`contract_player_id`, `contract_club_id`, `contract_signDate`, `contract_expireDate`, `contract_salary`, `contract_number`, `contract_role`) VALUES (359, 'marseille', 2025, 2029, 35.3, 11, 'sub');
INSERT INTO Player(`player_id`, `player_name`, `player_lastname`, `player_country_id`, `player_positions`, `player_rating`, `player_potential`, `player_birth_year`, `player_height`) VALUES (360, 'Mwako', 'Daud', 'MOZ', 'ST SS RW', 77, 0, 1998, 179);
INSERT INTO Contract(`contract_player_id`, `contract_club_id`, `contract_signDate`, `contract_expireDate`, `contract_salary`, `contract_number`, `contract_role`) VALUES (360, 'betis', 2025, 2027, 35.0, 7, 'sub');
INSERT INTO Player(`player_id`, `player_name`, `player_lastname`, `player_country_id`, `player_positions`, `player_rating`, `player_potential`, `player_birth_year`, `player_height`) VALUES (361, 'Raghoul', 'Fares', 'ALG', 'CF', 76, 0, 1998, 188);
INSERT INTO Contract(`contract_player_id`, `contract_club_id`, `contract_signDate`, `contract_expireDate`, `contract_salary`, `contract_number`, `contract_role`) VALUES (361, 'sportinglisabon', 2025, 2028, 33.0, 3, 'CF');
INSERT INTO Player(`player_id`, `player_name`, `player_lastname`, `player_country_id`, `player_positions`, `player_rating`, `player_potential`, `player_birth_year`, `player_height`) VALUES (362, 'Youssuf', 'Msabwa', 'CMR', 'CF', 76, 0, 1998, 189);
INSERT INTO Contract(`contract_player_id`, `contract_club_id`, `contract_signDate`, `contract_expireDate`, `contract_salary`, `contract_number`, `contract_role`) VALUES (362, 'youngboys', 2025, 2026, 32.0, 9, 'sub');
INSERT INTO Player(`player_id`, `player_name`, `player_lastname`, `player_country_id`, `player_positions`, `player_rating`, `player_potential`, `player_birth_year`, `player_height`) VALUES (363, 'Gavin', 'Uarez', 'POR', 'CM', 77, 0, 1999, 176);
INSERT INTO Contract(`contract_player_id`, `contract_club_id`, `contract_signDate`, `contract_expireDate`, `contract_salary`, `contract_number`, `contract_role`) VALUES (363, 'benfica', 2025, 2028, 32.5, 7, 'CM');
INSERT INTO Player(`player_id`, `player_name`, `player_lastname`, `player_country_id`, `player_positions`, `player_rating`, `player_potential`, `player_birth_year`, `player_height`) VALUES (364, 'Phil', 'de Hlynes', 'BEL', 'CM', 76, 0, 1993, 178);
INSERT INTO Contract(`contract_player_id`, `contract_club_id`, `contract_signDate`, `contract_expireDate`, `contract_salary`, `contract_number`, `contract_role`) VALUES (364, 'genk', 2025, 2027, 31.0, 14, 'sub');
INSERT INTO Player(`player_id`, `player_name`, `player_lastname`, `player_country_id`, `player_positions`, `player_rating`, `player_potential`, `player_birth_year`, `player_height`) VALUES (365, 'Darko', 'Hali', 'MNE', 'CM', 76, 0, 1989, 178);
INSERT INTO Contract(`contract_player_id`, `contract_club_id`, `contract_signDate`, `contract_expireDate`, `contract_salary`, `contract_number`, `contract_role`) VALUES (365, 'lazio', 2025, 2026, 35.0, 7, 'CM');
INSERT INTO Player(`player_id`, `player_name`, `player_lastname`, `player_country_id`, `player_positions`, `player_rating`, `player_potential`, `player_birth_year`, `player_height`) VALUES (366, 'Liam', 'Littey', 'ENG', 'CM', 77, 0, 2001, 178);
INSERT INTO Contract(`contract_player_id`, `contract_club_id`, `contract_signDate`, `contract_expireDate`, `contract_salary`, `contract_number`, `contract_role`) VALUES (366, 'newcastle', 2025, 2028, 29.0, 13, 'sub');
INSERT INTO Player(`player_id`, `player_name`, `player_lastname`, `player_country_id`, `player_positions`, `player_rating`, `player_potential`, `player_birth_year`, `player_height`) VALUES (367, 'Paolo', 'Conscedar', 'POR', 'CM', 77, 82, 2001, 180);
INSERT INTO Contract(`contract_player_id`, `contract_club_id`, `contract_signDate`, `contract_expireDate`, `contract_salary`, `contract_number`, `contract_role`) VALUES (367, 'porto', 2025, 2027, 20.0, 20, 'LCM');
INSERT INTO Player(`player_id`, `player_name`, `player_lastname`, `player_country_id`, `player_positions`, `player_rating`, `player_potential`, `player_birth_year`, `player_height`) VALUES (368, 'Ufen', 'Lunde', 'SWE', 'CM', 76, 0, 1998, 178);
INSERT INTO Contract(`contract_player_id`, `contract_club_id`, `contract_signDate`, `contract_expireDate`, `contract_salary`, `contract_number`, `contract_role`) VALUES (368, 'hannover', 2025, 2027, 32.0, 13, 'sub');
INSERT INTO Player(`player_id`, `player_name`, `player_lastname`, `player_country_id`, `player_positions`, `player_rating`, `player_potential`, `player_birth_year`, `player_height`) VALUES (369, 'Mohad', 'Al-Derabi', 'EGY', 'CM DM', 77, 0, 1994, 178);
INSERT INTO Contract(`contract_player_id`, `contract_club_id`, `contract_signDate`, `contract_expireDate`, `contract_salary`, `contract_number`, `contract_role`) VALUES (369, 'olympiacos', 2025, 2027, 38.3, 9, 'DM');
INSERT INTO Player(`player_id`, `player_name`, `player_lastname`, `player_country_id`, `player_positions`, `player_rating`, `player_potential`, `player_birth_year`, `player_height`) VALUES (370, 'Tomas', 'Kincler', 'CZE', 'CM RM', 77, 0, 1995, 179);
INSERT INTO Contract(`contract_player_id`, `contract_club_id`, `contract_signDate`, `contract_expireDate`, `contract_salary`, `contract_number`, `contract_role`) VALUES (370, 'bayerleverkusen', 2025, 2028, 35.7, 7, 'RCM');
INSERT INTO Player(`player_id`, `player_name`, `player_lastname`, `player_country_id`, `player_positions`, `player_rating`, `player_potential`, `player_birth_year`, `player_height`) VALUES (371, 'Fernando', 'Rui', 'POR', 'GK', 77, 0, 1989, 186);
INSERT INTO Contract(`contract_player_id`, `contract_club_id`, `contract_signDate`, `contract_expireDate`, `contract_salary`, `contract_number`, `contract_role`) VALUES (371, 'porto', 2025, 2026, 35.0, 18, 'sub');
INSERT INTO Player(`player_id`, `player_name`, `player_lastname`, `player_country_id`, `player_positions`, `player_rating`, `player_potential`, `player_birth_year`, `player_height`) VALUES (372, 'Marquisio', 'Fernaldo', 'BRA', 'GK', 75, 0, 1998, 186);
INSERT INTO Contract(`contract_player_id`, `contract_club_id`, `contract_signDate`, `contract_expireDate`, `contract_salary`, `contract_number`, `contract_role`) VALUES (372, 'strasbourg', 2025, 2026, 16.0, 4, 'GK');
INSERT INTO Player(`player_id`, `player_name`, `player_lastname`, `player_country_id`, `player_positions`, `player_rating`, `player_potential`, `player_birth_year`, `player_height`) VALUES (373, 'Carlos', 'Guillardo', 'MEX', 'LB', 77, 0, 1995, 176);
INSERT INTO Contract(`contract_player_id`, `contract_club_id`, `contract_signDate`, `contract_expireDate`, `contract_salary`, `contract_number`, `contract_role`) VALUES (373, 'montpellier', 2025, 2029, 35.5, 5, 'LB');
INSERT INTO Player(`player_id`, `player_name`, `player_lastname`, `player_country_id`, `player_positions`, `player_rating`, `player_potential`, `player_birth_year`, `player_height`) VALUES (374, 'Andreas', 'Linares', 'ESP', 'LB', 77, 0, 1998, 178);
INSERT INTO Contract(`contract_player_id`, `contract_club_id`, `contract_signDate`, `contract_expireDate`, `contract_salary`, `contract_number`, `contract_role`) VALUES (374, 'porto', 2025, 2027, 35.0, 17, 'LB');
INSERT INTO Player(`player_id`, `player_name`, `player_lastname`, `player_country_id`, `player_positions`, `player_rating`, `player_potential`, `player_birth_year`, `player_height`) VALUES (375, 'Elaz', 'Garcia', 'HON', 'LW', 77, 80, 2003, 175);
INSERT INTO Contract(`contract_player_id`, `contract_club_id`, `contract_signDate`, `contract_expireDate`, `contract_salary`, `contract_number`, `contract_role`) VALUES (375, 'realsociedad', 2025, 2026, 9.0, 16, 'sub');
INSERT INTO Player(`player_id`, `player_name`, `player_lastname`, `player_country_id`, `player_positions`, `player_rating`, `player_potential`, `player_birth_year`, `player_height`) VALUES (376, 'Kim-So', 'Won', 'KOR', 'LW', 77, 80, 2004, 175);
INSERT INTO Contract(`contract_player_id`, `contract_club_id`, `contract_signDate`, `contract_expireDate`, `contract_salary`, `contract_number`, `contract_role`) VALUES (376, 'salzburg', 2025, 2029, 34.0, 5, 'sub');
INSERT INTO Player(`player_id`, `player_name`, `player_lastname`, `player_country_id`, `player_positions`, `player_rating`, `player_potential`, `player_birth_year`, `player_height`) VALUES (377, 'Carlos', 'Lena', 'COL', 'LW LM', 75, 0, 1999, 172);
INSERT INTO Contract(`contract_player_id`, `contract_club_id`, `contract_signDate`, `contract_expireDate`, `contract_salary`, `contract_number`, `contract_role`) VALUES (377, 'benfica', 2025, 2027, 20.0, 2, 'LW');
INSERT INTO Player(`player_id`, `player_name`, `player_lastname`, `player_country_id`, `player_positions`, `player_rating`, `player_potential`, `player_birth_year`, `player_height`) VALUES (378, 'Jay', 'Gerome', 'CAN', 'RB', 77, 0, 1998, 179);
INSERT INTO Contract(`contract_player_id`, `contract_club_id`, `contract_signDate`, `contract_expireDate`, `contract_salary`, `contract_number`, `contract_role`) VALUES (378, 'cskamoscow', 2025, 2027, 35.8, 14, 'RB');
INSERT INTO Player(`player_id`, `player_name`, `player_lastname`, `player_country_id`, `player_positions`, `player_rating`, `player_potential`, `player_birth_year`, `player_height`) VALUES (379, 'Jean', 'Barret', 'FRA', 'RB', 77, 0, 1992, 172);
INSERT INTO Contract(`contract_player_id`, `contract_club_id`, `contract_signDate`, `contract_expireDate`, `contract_salary`, `contract_number`, `contract_role`) VALUES (379, 'marseille', 2025, 2026, 35.0, 8, 'sub');
INSERT INTO Player(`player_id`, `player_name`, `player_lastname`, `player_country_id`, `player_positions`, `player_rating`, `player_potential`, `player_birth_year`, `player_height`) VALUES (380, 'Sawaid', 'Akpoma', 'GHA', 'CB', 69, 75, 2005, 186);
INSERT INTO Contract(`contract_player_id`, `contract_club_id`, `contract_signDate`, `contract_expireDate`, `contract_salary`, `contract_number`, `contract_role`) VALUES (380, 'parma', 2025, 2028, 1.3, 3, 'LCB');
INSERT INTO Player(`player_id`, `player_name`, `player_lastname`, `player_country_id`, `player_positions`, `player_rating`, `player_potential`, `player_birth_year`, `player_height`) VALUES (381, 'Digil', 'Berrstabben', 'GER', 'RB', 77, 0, 1996, 175);
INSERT INTO Contract(`contract_player_id`, `contract_club_id`, `contract_signDate`, `contract_expireDate`, `contract_salary`, `contract_number`, `contract_role`) VALUES (381, 'werder', 2025, 2027, 36.0, 2, 'sub');
INSERT INTO Player(`player_id`, `player_name`, `player_lastname`, `player_country_id`, `player_positions`, `player_rating`, `player_potential`, `player_birth_year`, `player_height`) VALUES (382, 'Mahmad', 'Cal', 'TUR', 'RB CB', 77, 0, 1996, 180);
INSERT INTO Contract(`contract_player_id`, `contract_club_id`, `contract_signDate`, `contract_expireDate`, `contract_salary`, `contract_number`, `contract_role`) VALUES (382, 'basaksehir', 2025, 2027, 35.0, 9, 'sub');
INSERT INTO Player(`player_id`, `player_name`, `player_lastname`, `player_country_id`, `player_positions`, `player_rating`, `player_potential`, `player_birth_year`, `player_height`) VALUES (383, 'Jud', 'Dumaye', 'DRC', 'LB CB DM', 77, 0, 1994, 177);
INSERT INTO Contract(`contract_player_id`, `contract_club_id`, `contract_signDate`, `contract_expireDate`, `contract_salary`, `contract_number`, `contract_role`) VALUES (383, 'galatasaray', 2025, 2027, 36.2, 17, 'LB');
INSERT INTO Player(`player_id`, `player_name`, `player_lastname`, `player_country_id`, `player_positions`, `player_rating`, `player_potential`, `player_birth_year`, `player_height`) VALUES (384, 'Robin', 'Nente', 'NED', 'RB RM', 76, 78, 2000, 178);
INSERT INTO Contract(`contract_player_id`, `contract_club_id`, `contract_signDate`, `contract_expireDate`, `contract_salary`, `contract_number`, `contract_role`) VALUES (384, 'feyenoord', 2025, 2027, 12.4, 9, 'RB');
INSERT INTO Player(`player_id`, `player_name`, `player_lastname`, `player_country_id`, `player_positions`, `player_rating`, `player_potential`, `player_birth_year`, `player_height`) VALUES (385, 'Juan', 'Lores', 'FRA', 'RW', 77, 0, 1997, 176);
INSERT INTO Contract(`contract_player_id`, `contract_club_id`, `contract_signDate`, `contract_expireDate`, `contract_salary`, `contract_number`, `contract_role`) VALUES (385, 'feyenoord', 2025, 2028, 35.6, 4, 'RW');
INSERT INTO Player(`player_id`, `player_name`, `player_lastname`, `player_country_id`, `player_positions`, `player_rating`, `player_potential`, `player_birth_year`, `player_height`) VALUES (386, 'Manuel', 'Gieri', 'ESP', 'RW SS', 77, 0, 1997, 176);
INSERT INTO Contract(`contract_player_id`, `contract_club_id`, `contract_signDate`, `contract_expireDate`, `contract_salary`, `contract_number`, `contract_role`) VALUES (386, 'getafe', 2025, 2028, 35.4, 6, 'sub');
INSERT INTO Player(`player_id`, `player_name`, `player_lastname`, `player_country_id`, `player_positions`, `player_rating`, `player_potential`, `player_birth_year`, `player_height`) VALUES (387, 'Youssef', 'Bega', 'ALG', 'RW', 77, 0, 1997, 176);
INSERT INTO Contract(`contract_player_id`, `contract_club_id`, `contract_signDate`, `contract_expireDate`, `contract_salary`, `contract_number`, `contract_role`) VALUES (387, 'qpr', 2025, 2028, 37.0, 3, 'sub');
INSERT INTO Player(`player_id`, `player_name`, `player_lastname`, `player_country_id`, `player_positions`, `player_rating`, `player_potential`, `player_birth_year`, `player_height`) VALUES (388, 'Patrick', 'Semedo', 'FRA', 'AM', 76, 0, 1998, 180);
INSERT INTO Contract(`contract_player_id`, `contract_club_id`, `contract_signDate`, `contract_expireDate`, `contract_salary`, `contract_number`, `contract_role`) VALUES (388, 'nice', 2025, 2027, 31.2, 5, 'AM');
INSERT INTO Player(`player_id`, `player_name`, `player_lastname`, `player_country_id`, `player_positions`, `player_rating`, `player_potential`, `player_birth_year`, `player_height`) VALUES (389, 'Enelizo', 'Fabinha', 'BRA', 'ST CF', 76, 0, 1994, 185);
INSERT INTO Contract(`contract_player_id`, `contract_club_id`, `contract_signDate`, `contract_expireDate`, `contract_salary`, `contract_number`, `contract_role`) VALUES (389, 'lyon', 2025, 2028, 31.0, 16, 'CF');
INSERT INTO Player(`player_id`, `player_name`, `player_lastname`, `player_country_id`, `player_positions`, `player_rating`, `player_potential`, `player_birth_year`, `player_height`) VALUES (390, 'Lucas', 'Cabral', 'BRA', 'ST SS AM', 76, 0, 1995, 179);
INSERT INTO Contract(`contract_player_id`, `contract_club_id`, `contract_signDate`, `contract_expireDate`, `contract_salary`, `contract_number`, `contract_role`) VALUES (390, 'asse', 2025, 2027, 31.2, 19, 'LAM');
INSERT INTO Player(`player_id`, `player_name`, `player_lastname`, `player_country_id`, `player_positions`, `player_rating`, `player_potential`, `player_birth_year`, `player_height`) VALUES (391, 'Ehmat', 'Al-Shalri', 'TUN', 'RW SS', 76, 0, 1998, 175);
INSERT INTO Contract(`contract_player_id`, `contract_club_id`, `contract_signDate`, `contract_expireDate`, `contract_salary`, `contract_number`, `contract_role`) VALUES (391, 'marseille', 2025, 2028, 30.5, 5, 'RW');
INSERT INTO Player(`player_id`, `player_name`, `player_lastname`, `player_country_id`, `player_positions`, `player_rating`, `player_potential`, `player_birth_year`, `player_height`) VALUES (392, 'Halrs', 'Woorer', 'NED', 'CB', 76, 0, 1990, 186);
INSERT INTO Contract(`contract_player_id`, `contract_club_id`, `contract_signDate`, `contract_expireDate`, `contract_salary`, `contract_number`, `contract_role`) VALUES (392, 'az', 2025, 2028, 31.0, 12, 'sub');
INSERT INTO Player(`player_id`, `player_name`, `player_lastname`, `player_country_id`, `player_positions`, `player_rating`, `player_potential`, `player_birth_year`, `player_height`) VALUES (393, 'Melih', 'Ehitagle', 'TUR', 'CB', 75, 0, 1997, 188);
INSERT INTO Contract(`contract_player_id`, `contract_club_id`, `contract_signDate`, `contract_expireDate`, `contract_salary`, `contract_number`, `contract_role`) VALUES (393, 'fenerbahce', 2025, 2027, 29.6, 7, 'sub');
INSERT INTO Player(`player_id`, `player_name`, `player_lastname`, `player_country_id`, `player_positions`, `player_rating`, `player_potential`, `player_birth_year`, `player_height`) VALUES (394, 'Kevin', 'Bourze', 'FRA', 'CB', 73, 0, 1993, 180);
INSERT INTO Contract(`contract_player_id`, `contract_club_id`, `contract_signDate`, `contract_expireDate`, `contract_salary`, `contract_number`, `contract_role`) VALUES (394, 'monaco', 2025, 2027, 23.0, 13, 'sub');
INSERT INTO Player(`player_id`, `player_name`, `player_lastname`, `player_country_id`, `player_positions`, `player_rating`, `player_potential`, `player_birth_year`, `player_height`) VALUES (395, 'Haif', 'Bataid', 'MOR', 'CB', 76, 0, 1995, 187);
INSERT INTO Contract(`contract_player_id`, `contract_club_id`, `contract_signDate`, `contract_expireDate`, `contract_salary`, `contract_number`, `contract_role`) VALUES (395, 'nice', 2025, 2028, 31.0, 6, 'LCB');
INSERT INTO Player(`player_id`, `player_name`, `player_lastname`, `player_country_id`, `player_positions`, `player_rating`, `player_potential`, `player_birth_year`, `player_height`) VALUES (396, 'Thomas', 'Erghaer', 'NOR', 'CB', 76, 0, 1993, 187);
INSERT INTO Contract(`contract_player_id`, `contract_club_id`, `contract_signDate`, `contract_expireDate`, `contract_salary`, `contract_number`, `contract_role`) VALUES (396, 'hsv', 2025, 2027, 31.4, 8, 'RCB');
INSERT INTO Player(`player_id`, `player_name`, `player_lastname`, `player_country_id`, `player_positions`, `player_rating`, `player_potential`, `player_birth_year`, `player_height`) VALUES (397, 'Alfredo', 'Mecainario', 'POR', 'CB', 76, 0, 1992, 195);
INSERT INTO Contract(`contract_player_id`, `contract_club_id`, `contract_signDate`, `contract_expireDate`, `contract_salary`, `contract_number`, `contract_role`) VALUES (397, 'sportinglisabon', 2025, 2027, 31.0, 11, 'LCB');
INSERT INTO Player(`player_id`, `player_name`, `player_lastname`, `player_country_id`, `player_positions`, `player_rating`, `player_potential`, `player_birth_year`, `player_height`) VALUES (398, 'Denis', 'Kubake', 'DRC', 'CB', 76, 0, 1998, 187);
INSERT INTO Contract(`contract_player_id`, `contract_club_id`, `contract_signDate`, `contract_expireDate`, `contract_salary`, `contract_number`, `contract_role`) VALUES (398, 'werder', 2025, 2026, 22.0, 24, 'sub');
INSERT INTO Player(`player_id`, `player_name`, `player_lastname`, `player_country_id`, `player_positions`, `player_rating`, `player_potential`, `player_birth_year`, `player_height`) VALUES (399, 'Kristian', 'Berdac', 'SUI', 'CB DM', 76, 77, 2001, 188);
INSERT INTO Contract(`contract_player_id`, `contract_club_id`, `contract_signDate`, `contract_expireDate`, `contract_salary`, `contract_number`, `contract_role`) VALUES (399, 'benfica', 2025, 2028, 22.0, 4, 'sub');
INSERT INTO Player(`player_id`, `player_name`, `player_lastname`, `player_country_id`, `player_positions`, `player_rating`, `player_potential`, `player_birth_year`, `player_height`) VALUES (400, 'Ake', 'Sokhonal', 'FRA', 'DM', 76, 81, 2001, 183);
INSERT INTO Contract(`contract_player_id`, `contract_club_id`, `contract_signDate`, `contract_expireDate`, `contract_salary`, `contract_number`, `contract_role`) VALUES (400, 'bordeaux', 2025, 2027, 18.0, 16, 'DM');
INSERT INTO Player(`player_id`, `player_name`, `player_lastname`, `player_country_id`, `player_positions`, `player_rating`, `player_potential`, `player_birth_year`, `player_height`) VALUES (401, 'Marko', 'Gojen', 'CRO', 'DM', 76, 0, 1998, 180);
INSERT INTO Contract(`contract_player_id`, `contract_club_id`, `contract_signDate`, `contract_expireDate`, `contract_salary`, `contract_number`, `contract_role`) VALUES (401, 'bayerleverkusen', 2025, 2026, 30.0, 6, 'DM');
INSERT INTO Player(`player_id`, `player_name`, `player_lastname`, `player_country_id`, `player_positions`, `player_rating`, `player_potential`, `player_birth_year`, `player_height`) VALUES (402, 'Rui', 'Bernan', 'POR', 'DM', 75, 0, 1998, 177);
INSERT INTO Contract(`contract_player_id`, `contract_club_id`, `contract_signDate`, `contract_expireDate`, `contract_salary`, `contract_number`, `contract_role`) VALUES (402, 'lazio', 2025, 2028, 29.0, 5, 'DM');
INSERT INTO Player(`player_id`, `player_name`, `player_lastname`, `player_country_id`, `player_positions`, `player_rating`, `player_potential`, `player_birth_year`, `player_height`) VALUES (403, 'Lenrique', 'Pedroza', 'ESP', 'ST CF SS', 76, 0, 1989, 181);
INSERT INTO Contract(`contract_player_id`, `contract_club_id`, `contract_signDate`, `contract_expireDate`, `contract_salary`, `contract_number`, `contract_role`) VALUES (403, 'barcelona', 2025, 2026, 31.0, 21, 'sub');
INSERT INTO Player(`player_id`, `player_name`, `player_lastname`, `player_country_id`, `player_positions`, `player_rating`, `player_potential`, `player_birth_year`, `player_height`) VALUES (404, 'Tobias', 'Hilder', 'URU', 'ST CF', 76, 0, 1992, 182);
INSERT INTO Contract(`contract_player_id`, `contract_club_id`, `contract_signDate`, `contract_expireDate`, `contract_salary`, `contract_number`, `contract_role`) VALUES (404, 'lokomotivmoscow', 2025, 2026, 31.7, 2, 'sub');
INSERT INTO Player(`player_id`, `player_name`, `player_lastname`, `player_country_id`, `player_positions`, `player_rating`, `player_potential`, `player_birth_year`, `player_height`) VALUES (405, 'Luis', 'Renard', 'FRA', 'ST CF', 76, 0, 1990, 185);
INSERT INTO Contract(`contract_player_id`, `contract_club_id`, `contract_signDate`, `contract_expireDate`, `contract_salary`, `contract_number`, `contract_role`) VALUES (405, 'nice', 2025, 2028, 31.0, 8, 'sub');
INSERT INTO Player(`player_id`, `player_name`, `player_lastname`, `player_country_id`, `player_positions`, `player_rating`, `player_potential`, `player_birth_year`, `player_height`) VALUES (406, 'Monsah', 'Niange', 'SEN', 'CF ST', 76, 0, 2000, 185);
INSERT INTO Contract(`contract_player_id`, `contract_club_id`, `contract_signDate`, `contract_expireDate`, `contract_salary`, `contract_number`, `contract_role`) VALUES (406, 'strasbourg', 2025, 2027, 20.0, 10, 'ST');
INSERT INTO Player(`player_id`, `player_name`, `player_lastname`, `player_country_id`, `player_positions`, `player_rating`, `player_potential`, `player_birth_year`, `player_height`) VALUES (407, 'Onji', 'Abousakin', 'FRA', 'CF', 76, 78, 2002, 189);
INSERT INTO Contract(`contract_player_id`, `contract_club_id`, `contract_signDate`, `contract_expireDate`, `contract_salary`, `contract_number`, `contract_role`) VALUES (407, 'toulouse', 2025, 2028, 21.0, 11, 'CF');
INSERT INTO Player(`player_id`, `player_name`, `player_lastname`, `player_country_id`, `player_positions`, `player_rating`, `player_potential`, `player_birth_year`, `player_height`) VALUES (408, 'Mammalou', 'Cer', 'SRL', 'ST SS AM', 76, 0, 1998, 181);
INSERT INTO Contract(`contract_player_id`, `contract_club_id`, `contract_signDate`, `contract_expireDate`, `contract_salary`, `contract_number`, `contract_role`) VALUES (408, 'nice', 2025, 2028, 31.3, 12, 'LAM');
INSERT INTO Player(`player_id`, `player_name`, `player_lastname`, `player_country_id`, `player_positions`, `player_rating`, `player_potential`, `player_birth_year`, `player_height`) VALUES (409, 'Gael', 'Adale', 'FRA', 'ST CF LW', 76, 78, 2004, 184);
INSERT INTO Contract(`contract_player_id`, `contract_club_id`, `contract_signDate`, `contract_expireDate`, `contract_salary`, `contract_number`, `contract_role`) VALUES (409, 'psg', 2025, 2027, 9.0, 22, 'sub');
INSERT INTO Player(`player_id`, `player_name`, `player_lastname`, `player_country_id`, `player_positions`, `player_rating`, `player_potential`, `player_birth_year`, `player_height`) VALUES (410, 'Berim', 'Geriji', 'ALB', 'ST SS', 73, 76, 2001, 178);
INSERT INTO Contract(`contract_player_id`, `contract_club_id`, `contract_signDate`, `contract_expireDate`, `contract_salary`, `contract_number`, `contract_role`) VALUES (410, 'mallorca', 2025, 2027, 6.2, 4, 'sub');
INSERT INTO Player(`player_id`, `player_name`, `player_lastname`, `player_country_id`, `player_positions`, `player_rating`, `player_potential`, `player_birth_year`, `player_height`) VALUES (411, 'Deken', 'Osman', 'ISR', 'AM RW', 74, 80, 2005, 179);
INSERT INTO Contract(`contract_player_id`, `contract_club_id`, `contract_signDate`, `contract_expireDate`, `contract_salary`, `contract_number`, `contract_role`) VALUES (411, 'clubbrugge', 2025, 2028, 6.0, 5, 'sub');
INSERT INTO Player(`player_id`, `player_name`, `player_lastname`, `player_country_id`, `player_positions`, `player_rating`, `player_potential`, `player_birth_year`, `player_height`) VALUES (412, 'Michael', 'Vanmaer', 'BEL', 'CM AM', 75, 0, 1987, 179);
INSERT INTO Contract(`contract_player_id`, `contract_club_id`, `contract_signDate`, `contract_expireDate`, `contract_salary`, `contract_number`, `contract_role`) VALUES (412, 'sochaux', 2025, 2026, 28.7, 6, 'AM');
INSERT INTO Player(`player_id`, `player_name`, `player_lastname`, `player_country_id`, `player_positions`, `player_rating`, `player_potential`, `player_birth_year`, `player_height`) VALUES (413, 'Vavide Luccio', 'Di Alerdi', 'ITA', 'CM DM', 75, 0, 1993, 178);
INSERT INTO Contract(`contract_player_id`, `contract_club_id`, `contract_signDate`, `contract_expireDate`, `contract_salary`, `contract_number`, `contract_role`) VALUES (413, 'psg', 2025, 2026, 29.2, 24, 'sub');
INSERT INTO Player(`player_id`, `player_name`, `player_lastname`, `player_country_id`, `player_positions`, `player_rating`, `player_potential`, `player_birth_year`, `player_height`) VALUES (414, 'Jeorjes', 'Hastan', 'URU', 'CM DM', 76, 0, 1996, 178);
INSERT INTO Contract(`contract_player_id`, `contract_club_id`, `contract_signDate`, `contract_expireDate`, `contract_salary`, `contract_number`, `contract_role`) VALUES (414, 'sampdoria', 2025, 2028, 31.0, 5, 'sub');
INSERT INTO Player(`player_id`, `player_name`, `player_lastname`, `player_country_id`, `player_positions`, `player_rating`, `player_potential`, `player_birth_year`, `player_height`) VALUES (415, 'Leon', 'Seniin', 'RUS', 'GK', 75, 0, 1991, 185);
INSERT INTO Contract(`contract_player_id`, `contract_club_id`, `contract_signDate`, `contract_expireDate`, `contract_salary`, `contract_number`, `contract_role`) VALUES (415, 'cskamoscow', 2025, 2027, 25.4, 23, 'GK');
INSERT INTO Player(`player_id`, `player_name`, `player_lastname`, `player_country_id`, `player_positions`, `player_rating`, `player_potential`, `player_birth_year`, `player_height`) VALUES (416, 'Tobias', 'Larsen', 'SWE', 'GK', 76, 79, 2000, 192);
INSERT INTO Contract(`contract_player_id`, `contract_club_id`, `contract_signDate`, `contract_expireDate`, `contract_salary`, `contract_number`, `contract_role`) VALUES (416, 'getafe', 2025, 2028, 17.5, 7, 'sub');
INSERT INTO Player(`player_id`, `player_name`, `player_lastname`, `player_country_id`, `player_positions`, `player_rating`, `player_potential`, `player_birth_year`, `player_height`) VALUES (417, 'Nikolos', 'Koritzinatis', 'GRE', 'GK', 76, 78, 2001, 188);
INSERT INTO Contract(`contract_player_id`, `contract_club_id`, `contract_signDate`, `contract_expireDate`, `contract_salary`, `contract_number`, `contract_role`) VALUES (417, 'olympiacos', 2025, 2028, 19.4, 2, 'GK');
INSERT INTO Player(`player_id`, `player_name`, `player_lastname`, `player_country_id`, `player_positions`, `player_rating`, `player_potential`, `player_birth_year`, `player_height`) VALUES (418, 'Luigi', 'Gasparini', 'ITA', 'GK', 76, 81, 2001, 196);
INSERT INTO Contract(`contract_player_id`, `contract_club_id`, `contract_signDate`, `contract_expireDate`, `contract_salary`, `contract_number`, `contract_role`) VALUES (418, 'sampdoria', 2025, 2027, 13.0, 16, 'sub');
INSERT INTO Player(`player_id`, `player_name`, `player_lastname`, `player_country_id`, `player_positions`, `player_rating`, `player_potential`, `player_birth_year`, `player_height`) VALUES (419, 'Leonardo', 'Staji', 'CRO', 'LB', 76, 0, 1998, 177);
INSERT INTO Contract(`contract_player_id`, `contract_club_id`, `contract_signDate`, `contract_expireDate`, `contract_salary`, `contract_number`, `contract_role`) VALUES (419, 'bologna', 2025, 2027, 29.5, 8, 'sub');
INSERT INTO Player(`player_id`, `player_name`, `player_lastname`, `player_country_id`, `player_positions`, `player_rating`, `player_potential`, `player_birth_year`, `player_height`) VALUES (420, 'Jesus', 'Tossario Junior', 'BRA', 'LB', 76, 0, 1998, 177);
INSERT INTO Contract(`contract_player_id`, `contract_club_id`, `contract_signDate`, `contract_expireDate`, `contract_salary`, `contract_number`, `contract_role`) VALUES (420, 'cskamoscow', 2025, 2026, 32.3, 13, 'LB');
INSERT INTO Player(`player_id`, `player_name`, `player_lastname`, `player_country_id`, `player_positions`, `player_rating`, `player_potential`, `player_birth_year`, `player_height`) VALUES (421, 'Thiago', 'Asentian', 'ESP', 'LB', 76, 0, 1999, 180);
INSERT INTO Contract(`contract_player_id`, `contract_club_id`, `contract_signDate`, `contract_expireDate`, `contract_salary`, `contract_number`, `contract_role`) VALUES (421, 'realmadrid', 2025, 2026, 19.6, 12, 'sub');
INSERT INTO Player(`player_id`, `player_name`, `player_lastname`, `player_country_id`, `player_positions`, `player_rating`, `player_potential`, `player_birth_year`, `player_height`) VALUES (422, 'Ross', 'Nielsen', 'NOR', 'LM LB', 76, 0, 1998, 174);
INSERT INTO Contract(`contract_player_id`, `contract_club_id`, `contract_signDate`, `contract_expireDate`, `contract_salary`, `contract_number`, `contract_role`) VALUES (422, 'strasbourg', 2025, 2026, 18.5, 14, 'LM');
INSERT INTO Player(`player_id`, `player_name`, `player_lastname`, `player_country_id`, `player_positions`, `player_rating`, `player_potential`, `player_birth_year`, `player_height`) VALUES (423, 'Saolo', 'Nives', 'POR', 'LW', 76, 0, 1998, 177);
INSERT INTO Contract(`contract_player_id`, `contract_club_id`, `contract_signDate`, `contract_expireDate`, `contract_salary`, `contract_number`, `contract_role`) VALUES (423, 'porto', 2025, 2026, 29.0, 7, 'LW');
INSERT INTO Player(`player_id`, `player_name`, `player_lastname`, `player_country_id`, `player_positions`, `player_rating`, `player_potential`, `player_birth_year`, `player_height`) VALUES (424, 'Nicolas', 'Maical', 'POR', 'LW LM', 75, 76, 2002, 175);
INSERT INTO Contract(`contract_player_id`, `contract_club_id`, `contract_signDate`, `contract_expireDate`, `contract_salary`, `contract_number`, `contract_role`) VALUES (424, 'sportinglisabon', 2025, 2029, 23.0, 6, 'LW');
INSERT INTO Player(`player_id`, `player_name`, `player_lastname`, `player_country_id`, `player_positions`, `player_rating`, `player_potential`, `player_birth_year`, `player_height`) VALUES (425, 'Franky', 'Jones', 'ESP', 'LW LM', 74, 77, 2003, 177);
INSERT INTO Contract(`contract_player_id`, `contract_club_id`, `contract_signDate`, `contract_expireDate`, `contract_salary`, `contract_number`, `contract_role`) VALUES (425, 'valencia', 2025, 2027, 5.7, 6, 'LW');
INSERT INTO Player(`player_id`, `player_name`, `player_lastname`, `player_country_id`, `player_positions`, `player_rating`, `player_potential`, `player_birth_year`, `player_height`) VALUES (426, 'Pierri', 'Faschiadori', 'ITA', 'RB RM', 75, 0, 1994, 177);
INSERT INTO Contract(`contract_player_id`, `contract_club_id`, `contract_signDate`, `contract_expireDate`, `contract_salary`, `contract_number`, `contract_role`) VALUES (426, 'inter', 2025, 2028, 28.0, 6, 'sub');
INSERT INTO Player(`player_id`, `player_name`, `player_lastname`, `player_country_id`, `player_positions`, `player_rating`, `player_potential`, `player_birth_year`, `player_height`) VALUES (427, 'Fahamu', 'Adama', 'TAN', 'RB', 76, 77, 2001, 177);
INSERT INTO Contract(`contract_player_id`, `contract_club_id`, `contract_signDate`, `contract_expireDate`, `contract_salary`, `contract_number`, `contract_role`) VALUES (427, 'montpellier', 2025, 2028, 23.0, 7, 'RB');
INSERT INTO Player(`player_id`, `player_name`, `player_lastname`, `player_country_id`, `player_positions`, `player_rating`, `player_potential`, `player_birth_year`, `player_height`) VALUES (428, 'Roberto', 'Pienhao', 'POR', 'RB RM', 75, 0, 1997, 174);
INSERT INTO Contract(`contract_player_id`, `contract_club_id`, `contract_signDate`, `contract_expireDate`, `contract_salary`, `contract_number`, `contract_role`) VALUES (428, 'benfica', 2025, 2027, 29.0, 5, 'RB');
INSERT INTO Player(`player_id`, `player_name`, `player_lastname`, `player_country_id`, `player_positions`, `player_rating`, `player_potential`, `player_birth_year`, `player_height`) VALUES (429, 'Claesar', 'Ruun', 'NED', 'RB RM', 75, 77, 2003, 174);
INSERT INTO Contract(`contract_player_id`, `contract_club_id`, `contract_signDate`, `contract_expireDate`, `contract_salary`, `contract_number`, `contract_role`) VALUES (429, 'sportinglisabon', 2025, 2026, 1.0, 4, 'RB');
INSERT INTO Player(`player_id`, `player_name`, `player_lastname`, `player_country_id`, `player_positions`, `player_rating`, `player_potential`, `player_birth_year`, `player_height`) VALUES (430, 'Mauto', 'Kpaka', 'SUI', 'RB RM', 74, 77, 2001, 175);
INSERT INTO Contract(`contract_player_id`, `contract_club_id`, `contract_signDate`, `contract_expireDate`, `contract_salary`, `contract_number`, `contract_role`) VALUES (430, 'youngboys', 2025, 2027, 18.5, 2, 'sub');
INSERT INTO Player(`player_id`, `player_name`, `player_lastname`, `player_country_id`, `player_positions`, `player_rating`, `player_potential`, `player_birth_year`, `player_height`) VALUES (431, 'Jose-Maximillian', 'Granjel', 'COL', 'RW', 76, 0, 1998, 176);
INSERT INTO Contract(`contract_player_id`, `contract_club_id`, `contract_signDate`, `contract_expireDate`, `contract_salary`, `contract_number`, `contract_role`) VALUES (431, 'monaco', 2025, 2029, 32.0, 7, 'RW');
INSERT INTO Player(`player_id`, `player_name`, `player_lastname`, `player_country_id`, `player_positions`, `player_rating`, `player_potential`, `player_birth_year`, `player_height`) VALUES (432, 'Mauko', 'Gerald', 'GAM', 'RW ST', 76, 80, 2002, 178);
INSERT INTO Contract(`contract_player_id`, `contract_club_id`, `contract_signDate`, `contract_expireDate`, `contract_salary`, `contract_number`, `contract_role`) VALUES (432, 'bologna', 2025, 2029, 12.0, 10, 'sub');
INSERT INTO Player(`player_id`, `player_name`, `player_lastname`, `player_country_id`, `player_positions`, `player_rating`, `player_potential`, `player_birth_year`, `player_height`) VALUES (433, 'Lwan', 'Mbaye', 'SEN', 'RW RM', 76, 0, 1995, 177);
INSERT INTO Contract(`contract_player_id`, `contract_club_id`, `contract_signDate`, `contract_expireDate`, `contract_salary`, `contract_number`, `contract_role`) VALUES (433, 'galatasaray', 2025, 2028, 31.5, 14, 'sub');
INSERT INTO Player(`player_id`, `player_name`, `player_lastname`, `player_country_id`, `player_positions`, `player_rating`, `player_potential`, `player_birth_year`, `player_height`) VALUES (434, 'Andriatis', 'Foutis', 'GRE', 'AM SS', 75, 0, 1999, 174);
INSERT INTO Contract(`contract_player_id`, `contract_club_id`, `contract_signDate`, `contract_expireDate`, `contract_salary`, `contract_number`, `contract_role`) VALUES (434, 'strasbourg', 2025, 2028, 28.0, 7, 'AM');
INSERT INTO Player(`player_id`, `player_name`, `player_lastname`, `player_country_id`, `player_positions`, `player_rating`, `player_potential`, `player_birth_year`, `player_height`) VALUES (435, 'Kotus', 'Dalbay', 'TUR', 'AM', 76, 0, 1997, 171);
INSERT INTO Contract(`contract_player_id`, `contract_club_id`, `contract_signDate`, `contract_expireDate`, `contract_salary`, `contract_number`, `contract_role`) VALUES (435, 'trabzonspor', 2025, 2028, 32.0, 10, 'sub');
INSERT INTO Player(`player_id`, `player_name`, `player_lastname`, `player_country_id`, `player_positions`, `player_rating`, `player_potential`, `player_birth_year`, `player_height`) VALUES (436, 'Matthijs', 'Vittknaeper', 'BEL', 'CB', 76, 0, 1990, 184);
INSERT INTO Contract(`contract_player_id`, `contract_club_id`, `contract_signDate`, `contract_expireDate`, `contract_salary`, `contract_number`, `contract_role`) VALUES (436, 'clubbrugge', 2025, 2028, 31.0, 2, 'sub');
INSERT INTO Player(`player_id`, `player_name`, `player_lastname`, `player_country_id`, `player_positions`, `player_rating`, `player_potential`, `player_birth_year`, `player_height`) VALUES (437, 'Ismail', 'Alalian', 'TUR', 'AM LM', 71, 72, 2000, 170);
INSERT INTO Contract(`contract_player_id`, `contract_club_id`, `contract_signDate`, `contract_expireDate`, `contract_salary`, `contract_number`, `contract_role`) VALUES (437, 'antalyaspor', 2025, 2027, 11.0, 1, 'sub');
INSERT INTO Player(`player_id`, `player_name`, `player_lastname`, `player_country_id`, `player_positions`, `player_rating`, `player_potential`, `player_birth_year`, `player_height`) VALUES (438, 'Kamon', 'Dian', 'CIV', 'CB', 74, 75, 2001, 190);
INSERT INTO Contract(`contract_player_id`, `contract_club_id`, `contract_signDate`, `contract_expireDate`, `contract_salary`, `contract_number`, `contract_role`) VALUES (438, 'bordeaux', 2025, 2028, 12.0, 25, 'sub');
INSERT INTO Player(`player_id`, `player_name`, `player_lastname`, `player_country_id`, `player_positions`, `player_rating`, `player_potential`, `player_birth_year`, `player_height`) VALUES (439, 'Tarrel', 'Siliby', 'CIV', 'CB', 75, 0, 1994, 185);
INSERT INTO Contract(`contract_player_id`, `contract_club_id`, `contract_signDate`, `contract_expireDate`, `contract_salary`, `contract_number`, `contract_role`) VALUES (439, 'galatasaray', 2025, 2028, 28.3, 13, 'LCB');
INSERT INTO Player(`player_id`, `player_name`, `player_lastname`, `player_country_id`, `player_positions`, `player_rating`, `player_potential`, `player_birth_year`, `player_height`) VALUES (440, 'Alvaro', 'Romero', 'ARG', 'CB', 75, 76, 2001, 184);
INSERT INTO Contract(`contract_player_id`, `contract_club_id`, `contract_signDate`, `contract_expireDate`, `contract_salary`, `contract_number`, `contract_role`) VALUES (440, 'montpellier', 2025, 2027, 19.0, 12, 'LCB');
INSERT INTO Player(`player_id`, `player_name`, `player_lastname`, `player_country_id`, `player_positions`, `player_rating`, `player_potential`, `player_birth_year`, `player_height`) VALUES (441, '-', 'Antonio', 'BRA', 'CB', 75, 77, 2001, 190);
INSERT INTO Contract(`contract_player_id`, `contract_club_id`, `contract_signDate`, `contract_expireDate`, `contract_salary`, `contract_number`, `contract_role`) VALUES (441, 'porto', 2025, 2027, 13.0, 30, 'RCB');
INSERT INTO Player(`player_id`, `player_name`, `player_lastname`, `player_country_id`, `player_positions`, `player_rating`, `player_potential`, `player_birth_year`, `player_height`) VALUES (442, 'Dylan', 'Gilbert', 'WAL', 'CB', 74, 0, 1999, 186);
INSERT INTO Contract(`contract_player_id`, `contract_club_id`, `contract_signDate`, `contract_expireDate`, `contract_salary`, `contract_number`, `contract_role`) VALUES (442, 'porto', 2025, 2026, 14.0, 4, 'sub');
INSERT INTO Player(`player_id`, `player_name`, `player_lastname`, `player_country_id`, `player_positions`, `player_rating`, `player_potential`, `player_birth_year`, `player_height`) VALUES (443, 'Ebu', 'Gabelwemi', 'NGR', 'CB', 74, 0, 1997, 186);
INSERT INTO Contract(`contract_player_id`, `contract_club_id`, `contract_signDate`, `contract_expireDate`, `contract_salary`, `contract_number`, `contract_role`) VALUES (443, 'psv', 2025, 2029, 24.2, 14, 'RCB');
INSERT INTO Player(`player_id`, `player_name`, `player_lastname`, `player_country_id`, `player_positions`, `player_rating`, `player_potential`, `player_birth_year`, `player_height`) VALUES (444, 'Jouseph', 'Kodele', 'CMR', 'CB', 75, 79, 2000, 190);
INSERT INTO Contract(`contract_player_id`, `contract_club_id`, `contract_signDate`, `contract_expireDate`, `contract_salary`, `contract_number`, `contract_role`) VALUES (444, 'strasbourg', 2025, 2027, 16.0, 13, 'CB');
INSERT INTO Player(`player_id`, `player_name`, `player_lastname`, `player_country_id`, `player_positions`, `player_rating`, `player_potential`, `player_birth_year`, `player_height`) VALUES (445, 'Denis', 'Sabotnik', 'RUS', 'DM', 75, 0, 1998, 183);
INSERT INTO Contract(`contract_player_id`, `contract_club_id`, `contract_signDate`, `contract_expireDate`, `contract_salary`, `contract_number`, `contract_role`) VALUES (445, 'cskamoscow', 2025, 2027, 26.0, 12, 'DM');
INSERT INTO Player(`player_id`, `player_name`, `player_lastname`, `player_country_id`, `player_positions`, `player_rating`, `player_potential`, `player_birth_year`, `player_height`) VALUES (446, 'Max', 'Ebo', 'NGR', 'DM', 75, 78, 2003, 179);
INSERT INTO Contract(`contract_player_id`, `contract_club_id`, `contract_signDate`, `contract_expireDate`, `contract_salary`, `contract_number`, `contract_role`) VALUES (446, 'crystalpalace', 2025, 2028, 12.6, 8, 'sub');
INSERT INTO Player(`player_id`, `player_name`, `player_lastname`, `player_country_id`, `player_positions`, `player_rating`, `player_potential`, `player_birth_year`, `player_height`) VALUES (447, 'Strvoj', 'Ili', 'CRO', 'DM CM', 75, 0, 1990, 177);
INSERT INTO Contract(`contract_player_id`, `contract_club_id`, `contract_signDate`, `contract_expireDate`, `contract_salary`, `contract_number`, `contract_role`) VALUES (447, 'strasbourg', 2025, 2026, 27.5, 15, 'DM');
INSERT INTO Player(`player_id`, `player_name`, `player_lastname`, `player_country_id`, `player_positions`, `player_rating`, `player_potential`, `player_birth_year`, `player_height`) VALUES (448, 'Lucas', 'Ganiero', 'POR', 'ST CF', 75, 0, 1992, 186);
INSERT INTO Contract(`contract_player_id`, `contract_club_id`, `contract_signDate`, `contract_expireDate`, `contract_salary`, `contract_number`, `contract_role`) VALUES (448, 'benfica', 2025, 2027, 28.0, 28, 'sub');
INSERT INTO Player(`player_id`, `player_name`, `player_lastname`, `player_country_id`, `player_positions`, `player_rating`, `player_potential`, `player_birth_year`, `player_height`) VALUES (449, 'Xavier', 'Cun Gualor', 'ESP', 'ST SS', 75, 0, 1992, 177);
INSERT INTO Contract(`contract_player_id`, `contract_club_id`, `contract_signDate`, `contract_expireDate`, `contract_salary`, `contract_number`, `contract_role`) VALUES (449, 'espanyol', 2025, 2027, 29.3, 4, 'SS');
INSERT INTO Player(`player_id`, `player_name`, `player_lastname`, `player_country_id`, `player_positions`, `player_rating`, `player_potential`, `player_birth_year`, `player_height`) VALUES (450, 'Cavik', 'Kayspoli', 'TUR', 'ST CF', 72, 74, 2001, 186);
INSERT INTO Contract(`contract_player_id`, `contract_club_id`, `contract_signDate`, `contract_expireDate`, `contract_salary`, `contract_number`, `contract_role`) VALUES (450, 'galatasaray', 2025, 2026, 9.0, 8, 'sub');
INSERT INTO Player(`player_id`, `player_name`, `player_lastname`, `player_country_id`, `player_positions`, `player_rating`, `player_potential`, `player_birth_year`, `player_height`) VALUES (451, 'Karbash', 'Akmed', 'IRN', 'ST SS CF', 75, 0, 1996, 177);
INSERT INTO Contract(`contract_player_id`, `contract_club_id`, `contract_signDate`, `contract_expireDate`, `contract_salary`, `contract_number`, `contract_role`) VALUES (451, 'krasnodar', 2025, 2028, 28.0, 5, 'CF');
INSERT INTO Player(`player_id`, `player_name`, `player_lastname`, `player_country_id`, `player_positions`, `player_rating`, `player_potential`, `player_birth_year`, `player_height`) VALUES (452, 'Malgherar', 'Sorennsen', 'NOR', 'CF ST', 74, 77, 1999, 188);
INSERT INTO Contract(`contract_player_id`, `contract_club_id`, `contract_signDate`, `contract_expireDate`, `contract_salary`, `contract_number`, `contract_role`) VALUES (452, 'rosenborg', 2025, 2026, 13.0, 9, 'sub');
INSERT INTO Player(`player_id`, `player_name`, `player_lastname`, `player_country_id`, `player_positions`, `player_rating`, `player_potential`, `player_birth_year`, `player_height`) VALUES (453, 'Hassan', 'Mohammed', 'KSA', 'CF ST', 75, 0, 1997, 185);
INSERT INTO Contract(`contract_player_id`, `contract_club_id`, `contract_signDate`, `contract_expireDate`, `contract_salary`, `contract_number`, `contract_role`) VALUES (453, 'panathinaikos', 2025, 2027, 28.5, 25, 'sub');
INSERT INTO Player(`player_id`, `player_name`, `player_lastname`, `player_country_id`, `player_positions`, `player_rating`, `player_potential`, `player_birth_year`, `player_height`) VALUES (454, 'Miacel', 'Alves', 'POR', 'CM', 75, 0, 1997, 176);
INSERT INTO Contract(`contract_player_id`, `contract_club_id`, `contract_signDate`, `contract_expireDate`, `contract_salary`, `contract_number`, `contract_role`) VALUES (454, 'deportivocoruna', 2025, 2028, 27.7, 5, 'LCM');
INSERT INTO Player(`player_id`, `player_name`, `player_lastname`, `player_country_id`, `player_positions`, `player_rating`, `player_potential`, `player_birth_year`, `player_height`) VALUES (455, 'Becek', 'Igshav', 'TUR', 'CM', 74, 0, 1999, 186);
INSERT INTO Contract(`contract_player_id`, `contract_club_id`, `contract_signDate`, `contract_expireDate`, `contract_salary`, `contract_number`, `contract_role`) VALUES (455, 'fenerbahce', 2025, 2028, 22.3, 11, 'sub');
INSERT INTO Player(`player_id`, `player_name`, `player_lastname`, `player_country_id`, `player_positions`, `player_rating`, `player_potential`, `player_birth_year`, `player_height`) VALUES (456, 'Fabian', 'Fahre', 'FRA', 'CM', 75, 0, 1992, 180);
INSERT INTO Contract(`contract_player_id`, `contract_club_id`, `contract_signDate`, `contract_expireDate`, `contract_salary`, `contract_number`, `contract_role`) VALUES (456, 'montpellier', 2025, 2028, 30.0, 8, 'CM');
INSERT INTO Player(`player_id`, `player_name`, `player_lastname`, `player_country_id`, `player_positions`, `player_rating`, `player_potential`, `player_birth_year`, `player_height`) VALUES (457, 'Albert', 'Deloareux', 'FRA', 'CM', 74, 0, 1989, 180);
INSERT INTO Contract(`contract_player_id`, `contract_club_id`, `contract_signDate`, `contract_expireDate`, `contract_salary`, `contract_number`, `contract_role`) VALUES (457, 'toulouse', 2025, 2027, 25.0, 6, 'CM');
INSERT INTO Player(`player_id`, `player_name`, `player_lastname`, `player_country_id`, `player_positions`, `player_rating`, `player_potential`, `player_birth_year`, `player_height`) VALUES (458, 'Stepan', 'Kolarnik', 'CZE', 'CM', 75, 0, 1996, 179);
INSERT INTO Contract(`contract_player_id`, `contract_club_id`, `contract_signDate`, `contract_expireDate`, `contract_salary`, `contract_number`, `contract_role`) VALUES (458, 'viktoriaplzen', 2025, 2028, 27.5, 15, 'CM');
INSERT INTO Player(`player_id`, `player_name`, `player_lastname`, `player_country_id`, `player_positions`, `player_rating`, `player_potential`, `player_birth_year`, `player_height`) VALUES (459, 'Vilerm', 'Ola', 'SWE', 'CM', 74, 0, 1991, 179);
INSERT INTO Contract(`contract_player_id`, `contract_club_id`, `contract_signDate`, `contract_expireDate`, `contract_salary`, `contract_number`, `contract_role`) VALUES (459, 'malmo', 2025, 2028, 24.0, 5, 'sub');
INSERT INTO Player(`player_id`, `player_name`, `player_lastname`, `player_country_id`, `player_positions`, `player_rating`, `player_potential`, `player_birth_year`, `player_height`) VALUES (460, 'Juril', 'Tamo', 'SWE', 'CM AM', 75, 0, 1995, 176);
INSERT INTO Contract(`contract_player_id`, `contract_club_id`, `contract_signDate`, `contract_expireDate`, `contract_salary`, `contract_number`, `contract_role`) VALUES (460, 'copenhagen', 2025, 2027, 28.0, 7, 'CM');
INSERT INTO Player(`player_id`, `player_name`, `player_lastname`, `player_country_id`, `player_positions`, `player_rating`, `player_potential`, `player_birth_year`, `player_height`) VALUES (461, 'Juri', 'Bahtaiy', 'UKR', 'GK', 75, 0, 1990, 186);
INSERT INTO Contract(`contract_player_id`, `contract_club_id`, `contract_signDate`, `contract_expireDate`, `contract_salary`, `contract_number`, `contract_role`) VALUES (461, 'dynamokyiv', 2025, 2028, 27.5, 5, 'GK');
INSERT INTO Player(`player_id`, `player_name`, `player_lastname`, `player_country_id`, `player_positions`, `player_rating`, `player_potential`, `player_birth_year`, `player_height`) VALUES (462, 'Dicer', 'Jilmaz', 'TUR', 'GK', 75, 0, 1993, 185);
INSERT INTO Contract(`contract_player_id`, `contract_club_id`, `contract_signDate`, `contract_expireDate`, `contract_salary`, `contract_number`, `contract_role`) VALUES (462, 'galatasaray', 2025, 2027, 27.5, 15, 'GK');
INSERT INTO Player(`player_id`, `player_name`, `player_lastname`, `player_country_id`, `player_positions`, `player_rating`, `player_potential`, `player_birth_year`, `player_height`) VALUES (463, 'Stjepan', 'Milovi', 'MNE', 'GK', 75, 0, 1990, 185);
INSERT INTO Contract(`contract_player_id`, `contract_club_id`, `contract_signDate`, `contract_expireDate`, `contract_salary`, `contract_number`, `contract_role`) VALUES (463, 'monaco', 2025, 2026, 28.0, 17, 'GK');
INSERT INTO Player(`player_id`, `player_name`, `player_lastname`, `player_country_id`, `player_positions`, `player_rating`, `player_potential`, `player_birth_year`, `player_height`) VALUES (464, 'Pietros', 'Vladasis', 'GRE', 'GK', 74, 87, 2003, 189);
INSERT INTO Contract(`contract_player_id`, `contract_club_id`, `contract_signDate`, `contract_expireDate`, `contract_salary`, `contract_number`, `contract_role`) VALUES (464, 'panathinaikos', 2025, 2029, 18.0, 55, 'GK');
INSERT INTO Player(`player_id`, `player_name`, `player_lastname`, `player_country_id`, `player_positions`, `player_rating`, `player_potential`, `player_birth_year`, `player_height`) VALUES (465, 'Frank', 'Eberduent', 'FRA', 'LB', 75, 0, 1996, 174);
INSERT INTO Contract(`contract_player_id`, `contract_club_id`, `contract_signDate`, `contract_expireDate`, `contract_salary`, `contract_number`, `contract_role`) VALUES (465, 'marseille', 2025, 2027, 27.5, 4, 'LB');
INSERT INTO Player(`player_id`, `player_name`, `player_lastname`, `player_country_id`, `player_positions`, `player_rating`, `player_potential`, `player_birth_year`, `player_height`) VALUES (466, 'Sebastian', 'Vanchini', 'ITA', 'LB CB', 75, 0, 1991, 183);
INSERT INTO Contract(`contract_player_id`, `contract_club_id`, `contract_signDate`, `contract_expireDate`, `contract_salary`, `contract_number`, `contract_role`) VALUES (466, 'lazio', 2025, 2028, 28.3, 2, 'LB');
INSERT INTO Player(`player_id`, `player_name`, `player_lastname`, `player_country_id`, `player_positions`, `player_rating`, `player_potential`, `player_birth_year`, `player_height`) VALUES (467, 'Riad', 'Sakhanbashal', 'IRN', 'LB LM', 75, 0, 1996, 176);
INSERT INTO Contract(`contract_player_id`, `contract_club_id`, `contract_signDate`, `contract_expireDate`, `contract_salary`, `contract_number`, `contract_role`) VALUES (467, 'rsca', 2025, 2026, 27.5, 6, 'LM');
INSERT INTO Player(`player_id`, `player_name`, `player_lastname`, `player_country_id`, `player_positions`, `player_rating`, `player_potential`, `player_birth_year`, `player_height`) VALUES (468, 'Donaire', 'Ferchet', 'SUI', 'LB LM CM', 75, 0, 1994, 179);
INSERT INTO Contract(`contract_player_id`, `contract_club_id`, `contract_signDate`, `contract_expireDate`, `contract_salary`, `contract_number`, `contract_role`) VALUES (468, 'lille', 2025, 2028, 28.0, 8, 'LB');
INSERT INTO Player(`player_id`, `player_name`, `player_lastname`, `player_country_id`, `player_positions`, `player_rating`, `player_potential`, `player_birth_year`, `player_height`) VALUES (469, 'Sanuki', 'Yamuro', 'JPN', 'LB LM', 75, 0, 2001, 173);
INSERT INTO Contract(`contract_player_id`, `contract_club_id`, `contract_signDate`, `contract_expireDate`, `contract_salary`, `contract_number`, `contract_role`) VALUES (469, 'salzburg', 2025, 2027, 15.7, 16, 'LM');
INSERT INTO Player(`player_id`, `player_name`, `player_lastname`, `player_country_id`, `player_positions`, `player_rating`, `player_potential`, `player_birth_year`, `player_height`) VALUES (470, 'Phil', 'Hemmen', 'BEL', 'RB RM', 75, 0, 1995, 176);
INSERT INTO Contract(`contract_player_id`, `contract_club_id`, `contract_signDate`, `contract_expireDate`, `contract_salary`, `contract_number`, `contract_role`) VALUES (470, 'strasbourg', 2025, 2027, 27.7, 22, 'RM');
INSERT INTO Player(`player_id`, `player_name`, `player_lastname`, `player_country_id`, `player_positions`, `player_rating`, `player_potential`, `player_birth_year`, `player_height`) VALUES (471, 'Miguel', 'Jole', 'POR', 'RW RM', 75, 77, 2001, 174);
INSERT INTO Contract(`contract_player_id`, `contract_club_id`, `contract_signDate`, `contract_expireDate`, `contract_salary`, `contract_number`, `contract_role`) VALUES (471, 'santaclara', 2025, 2027, 19.5, 5, 'sub');
INSERT INTO Player(`player_id`, `player_name`, `player_lastname`, `player_country_id`, `player_positions`, `player_rating`, `player_potential`, `player_birth_year`, `player_height`) VALUES (472, 'Nicolas', 'Dorengardt', 'DEN', 'AM RW', 74, 86, 2003, 177);
INSERT INTO Contract(`contract_player_id`, `contract_club_id`, `contract_signDate`, `contract_expireDate`, `contract_salary`, `contract_number`, `contract_role`) VALUES (472, 'copenhagen', 2025, 2028, 16.4, 10, 'AM');
INSERT INTO Player(`player_id`, `player_name`, `player_lastname`, `player_country_id`, `player_positions`, `player_rating`, `player_potential`, `player_birth_year`, `player_height`) VALUES (473, 'Stefanislav', 'Hole', 'SVK', 'CB', 74, 76, 2003, 188);
INSERT INTO Contract(`contract_player_id`, `contract_club_id`, `contract_signDate`, `contract_expireDate`, `contract_salary`, `contract_number`, `contract_role`) VALUES (473, 'lazio', 2025, 2028, 22.0, 14, 'sub');
INSERT INTO Player(`player_id`, `player_name`, `player_lastname`, `player_country_id`, `player_positions`, `player_rating`, `player_potential`, `player_birth_year`, `player_height`) VALUES (474, 'Jean-Veron', 'Abadie', 'FRA', 'CB', 74, 76, 2002, 184);
INSERT INTO Contract(`contract_player_id`, `contract_club_id`, `contract_signDate`, `contract_expireDate`, `contract_salary`, `contract_number`, `contract_role`) VALUES (474, 'lyon', 2025, 2028, 13.0, 24, 'sub');
INSERT INTO Player(`player_id`, `player_name`, `player_lastname`, `player_country_id`, `player_positions`, `player_rating`, `player_potential`, `player_birth_year`, `player_height`) VALUES (475, 'Jan Kalver', 'Haalgert', 'NED', 'CB', 74, 0, 1989, 198);
INSERT INTO Contract(`contract_player_id`, `contract_club_id`, `contract_signDate`, `contract_expireDate`, `contract_salary`, `contract_number`, `contract_role`) VALUES (475, 'psv', 2025, 2027, 24.0, 12, 'sub');
INSERT INTO Player(`player_id`, `player_name`, `player_lastname`, `player_country_id`, `player_positions`, `player_rating`, `player_potential`, `player_birth_year`, `player_height`) VALUES (476, 'Davornik', 'Rudek', 'CRO', 'CB', 74, 75, 2001, 184);
INSERT INTO Contract(`contract_player_id`, `contract_club_id`, `contract_signDate`, `contract_expireDate`, `contract_salary`, `contract_number`, `contract_role`) VALUES (476, 'strasbourg', 2025, 2026, 8.0, 18, 'RCB');
INSERT INTO Player(`player_id`, `player_name`, `player_lastname`, `player_country_id`, `player_positions`, `player_rating`, `player_potential`, `player_birth_year`, `player_height`) VALUES (477, 'Stefen', 'Braks', 'EST', 'CB', 72, 0, 1996, 185);
INSERT INTO Player(`player_id`, `player_name`, `player_lastname`, `player_country_id`, `player_positions`, `player_rating`, `player_potential`, `player_birth_year`, `player_height`) VALUES (478, 'Gelon', 'Vincent', 'GAM', 'DM', 74, 0, 1997, 177);
INSERT INTO Contract(`contract_player_id`, `contract_club_id`, `contract_signDate`, `contract_expireDate`, `contract_salary`, `contract_number`, `contract_role`) VALUES (478, 'asse', 2025, 2026, 24.0, 24, 'DM');
INSERT INTO Player(`player_id`, `player_name`, `player_lastname`, `player_country_id`, `player_positions`, `player_rating`, `player_potential`, `player_birth_year`, `player_height`) VALUES (479, 'Kalim', 'Gokhanoglou', 'TUR', 'DM', 74, 0, 1996, 189);
INSERT INTO Contract(`contract_player_id`, `contract_club_id`, `contract_signDate`, `contract_expireDate`, `contract_salary`, `contract_number`, `contract_role`) VALUES (479, 'galatasaray', 2025, 2026, 24.8, 4, 'DM');
INSERT INTO Player(`player_id`, `player_name`, `player_lastname`, `player_country_id`, `player_positions`, `player_rating`, `player_potential`, `player_birth_year`, `player_height`) VALUES (480, 'Nicolas', 'Tavres', 'CRC', 'DM', 74, 0, 1997, 178);
INSERT INTO Contract(`contract_player_id`, `contract_club_id`, `contract_signDate`, `contract_expireDate`, `contract_salary`, `contract_number`, `contract_role`) VALUES (480, 'salzburg', 2025, 2027, 24.5, 24, 'sub');
INSERT INTO Player(`player_id`, `player_name`, `player_lastname`, `player_country_id`, `player_positions`, `player_rating`, `player_potential`, `player_birth_year`, `player_height`) VALUES (481, 'Alfghoul', 'Soughali', 'ALG', 'DM', 74, 78, 2001, 186);
INSERT INTO Contract(`contract_player_id`, `contract_club_id`, `contract_signDate`, `contract_expireDate`, `contract_salary`, `contract_number`, `contract_role`) VALUES (481, 'marseille', 2025, 2028, 17.5, 3, 'DM');
INSERT INTO Player(`player_id`, `player_name`, `player_lastname`, `player_country_id`, `player_positions`, `player_rating`, `player_potential`, `player_birth_year`, `player_height`) VALUES (482, 'Pavel', 'Yarmonenko', 'UKR', 'CF ST', 74, 78, 2002, 189);
INSERT INTO Contract(`contract_player_id`, `contract_club_id`, `contract_signDate`, `contract_expireDate`, `contract_salary`, `contract_number`, `contract_role`) VALUES (482, 'manchestercity', 2025, 2028, 20.0, 26, 'sub');
INSERT INTO Player(`player_id`, `player_name`, `player_lastname`, `player_country_id`, `player_positions`, `player_rating`, `player_potential`, `player_birth_year`, `player_height`) VALUES (483, 'Carlos', 'Feldez', 'CRC', 'ST LW', 74, 0, 1996, 177);
INSERT INTO Contract(`contract_player_id`, `contract_club_id`, `contract_signDate`, `contract_expireDate`, `contract_salary`, `contract_number`, `contract_role`) VALUES (483, 'rostov', 2025, 2028, 25.0, 10, 'LW');
INSERT INTO Player(`player_id`, `player_name`, `player_lastname`, `player_country_id`, `player_positions`, `player_rating`, `player_potential`, `player_birth_year`, `player_height`) VALUES (484, 'Garandes', 'Nuno', 'POR', 'CF ST LW', 74, 90, 2005, 188);
INSERT INTO Contract(`contract_player_id`, `contract_club_id`, `contract_signDate`, `contract_expireDate`, `contract_salary`, `contract_number`, `contract_role`) VALUES (484, 'sportinglisabon', 2025, 2028, 10.0, 10, 'sub');
INSERT INTO Player(`player_id`, `player_name`, `player_lastname`, `player_country_id`, `player_positions`, `player_rating`, `player_potential`, `player_birth_year`, `player_height`) VALUES (485, 'Laris', 'Mertens', 'BEL', 'CM', 74, 0, 1997, 178);
INSERT INTO Contract(`contract_player_id`, `contract_club_id`, `contract_signDate`, `contract_expireDate`, `contract_salary`, `contract_number`, `contract_role`) VALUES (485, 'nice', 2025, 2027, 24.0, 14, 'CM');
INSERT INTO Player(`player_id`, `player_name`, `player_lastname`, `player_country_id`, `player_positions`, `player_rating`, `player_potential`, `player_birth_year`, `player_height`) VALUES (486, 'Caiton', 'Soares', 'URU', 'CM', 74, 0, 1996, 178);
INSERT INTO Contract(`contract_player_id`, `contract_club_id`, `contract_signDate`, `contract_expireDate`, `contract_salary`, `contract_number`, `contract_role`) VALUES (486, 'torino', 2025, 2027, 24.3, 15, 'sub');
INSERT INTO Player(`player_id`, `player_name`, `player_lastname`, `player_country_id`, `player_positions`, `player_rating`, `player_potential`, `player_birth_year`, `player_height`) VALUES (487, 'Fili', 'Cachiari', 'ITA', 'CM', 70, 75, 2003, 179);
INSERT INTO Contract(`contract_player_id`, `contract_club_id`, `contract_signDate`, `contract_expireDate`, `contract_salary`, `contract_number`, `contract_role`) VALUES (487, 'lazio', 2025, 2026, 1.0, 25, 'sub');
INSERT INTO Player(`player_id`, `player_name`, `player_lastname`, `player_country_id`, `player_positions`, `player_rating`, `player_potential`, `player_birth_year`, `player_height`) VALUES (488, 'Ali', 'Devrispahi', 'TUR', 'GK', 79, 86, 2000, 194);
INSERT INTO Contract(`contract_player_id`, `contract_club_id`, `contract_signDate`, `contract_expireDate`, `contract_salary`, `contract_number`, `contract_role`) VALUES (488, 'lille', 2025, 2026, 19.0, 11, 'GK');
INSERT INTO Player(`player_id`, `player_name`, `player_lastname`, `player_country_id`, `player_positions`, `player_rating`, `player_potential`, `player_birth_year`, `player_height`) VALUES (489, 'Pantoya', 'Ruiz', 'VEN', 'GK', 74, 75, 1998, 187);
INSERT INTO Contract(`contract_player_id`, `contract_club_id`, `contract_signDate`, `contract_expireDate`, `contract_salary`, `contract_number`, `contract_role`) VALUES (489, 'marseille', 2025, 2026, 13.0, 1, 'GK');
INSERT INTO Player(`player_id`, `player_name`, `player_lastname`, `player_country_id`, `player_positions`, `player_rating`, `player_potential`, `player_birth_year`, `player_height`) VALUES (490, 'Hangel', 'Gomes', 'POR', 'GK', 74, 78, 2003, 184);
INSERT INTO Contract(`contract_player_id`, `contract_club_id`, `contract_signDate`, `contract_expireDate`, `contract_salary`, `contract_number`, `contract_role`) VALUES (490, 'sportinglisabon', 2025, 2028, 14.5, 2, 'GK');
INSERT INTO Player(`player_id`, `player_name`, `player_lastname`, `player_country_id`, `player_positions`, `player_rating`, `player_potential`, `player_birth_year`, `player_height`) VALUES (491, 'Nascent', 'Tavares', 'CPV', 'RB', 74, 83, 2003, 180);
INSERT INTO Contract(`contract_player_id`, `contract_club_id`, `contract_signDate`, `contract_expireDate`, `contract_salary`, `contract_number`, `contract_role`) VALUES (491, 'portimonense', 2025, 2027, 9.0, 17, 'RB');
INSERT INTO Player(`player_id`, `player_name`, `player_lastname`, `player_country_id`, `player_positions`, `player_rating`, `player_potential`, `player_birth_year`, `player_height`) VALUES (492, 'Nicko', 'Falc-Andres', 'DEN', 'RB RM', 74, 0, 1999, 177);
INSERT INTO Contract(`contract_player_id`, `contract_club_id`, `contract_signDate`, `contract_expireDate`, `contract_salary`, `contract_number`, `contract_role`) VALUES (492, 'asse', 2025, 2027, 13.0, 4, 'RB');
INSERT INTO Player(`player_id`, `player_name`, `player_lastname`, `player_country_id`, `player_positions`, `player_rating`, `player_potential`, `player_birth_year`, `player_height`) VALUES (493, 'Bai Patar', 'Sarr', 'FRA', 'RB RM', 74, 77, 2001, 177);
INSERT INTO Contract(`contract_player_id`, `contract_club_id`, `contract_signDate`, `contract_expireDate`, `contract_salary`, `contract_number`, `contract_role`) VALUES (493, 'lille', 2025, 2028, 16.0, 22, 'RB');
INSERT INTO Player(`player_id`, `player_name`, `player_lastname`, `player_country_id`, `player_positions`, `player_rating`, `player_potential`, `player_birth_year`, `player_height`) VALUES (494, 'Ghilaher', 'Hassani', 'EGY', 'RB RM', 72, 0, 1990, 176);
INSERT INTO Contract(`contract_player_id`, `contract_club_id`, `contract_signDate`, `contract_expireDate`, `contract_salary`, `contract_number`, `contract_role`) VALUES (494, 'psv', 2025, 2026, 19.2, 24, 'sub');
INSERT INTO Player(`player_id`, `player_name`, `player_lastname`, `player_country_id`, `player_positions`, `player_rating`, `player_potential`, `player_birth_year`, `player_height`) VALUES (495, 'Ibrahim', 'Elfeyzi', 'MOR', 'LW', 73, 0, 1998, 175);
INSERT INTO Contract(`contract_player_id`, `contract_club_id`, `contract_signDate`, `contract_expireDate`, `contract_salary`, `contract_number`, `contract_role`) VALUES (495, 'monaco', 2025, 2028, 23.0, 23, 'sub');
INSERT INTO Player(`player_id`, `player_name`, `player_lastname`, `player_country_id`, `player_positions`, `player_rating`, `player_potential`, `player_birth_year`, `player_height`) VALUES (496, 'Ramin', 'Khalidi', 'ALG', 'RW ST', 74, 0, 1992, 185);
INSERT INTO Contract(`contract_player_id`, `contract_club_id`, `contract_signDate`, `contract_expireDate`, `contract_salary`, `contract_number`, `contract_role`) VALUES (496, 'toulouse', 2025, 2027, 24.3, 9, 'RW');
INSERT INTO Player(`player_id`, `player_name`, `player_lastname`, `player_country_id`, `player_positions`, `player_rating`, `player_potential`, `player_birth_year`, `player_height`) VALUES (497, 'Ondrej', 'Chenalov', 'RUS', 'AM SS', 73, 79, 2001, 175);
INSERT INTO Contract(`contract_player_id`, `contract_club_id`, `contract_signDate`, `contract_expireDate`, `contract_salary`, `contract_number`, `contract_role`) VALUES (497, 'krasnodar', 2025, 2028, 9.3, 10, 'AM');
INSERT INTO Player(`player_id`, `player_name`, `player_lastname`, `player_country_id`, `player_positions`, `player_rating`, `player_potential`, `player_birth_year`, `player_height`) VALUES (498, 'Vladisis', 'Poteras', 'GRE', 'AM', 73, 74, 2001, 179);
INSERT INTO Contract(`contract_player_id`, `contract_club_id`, `contract_signDate`, `contract_expireDate`, `contract_salary`, `contract_number`, `contract_role`) VALUES (498, 'olympiacos', 2025, 2028, 12.0, 6, 'AM');
INSERT INTO Player(`player_id`, `player_name`, `player_lastname`, `player_country_id`, `player_positions`, `player_rating`, `player_potential`, `player_birth_year`, `player_height`) VALUES (499, 'Toike', 'Anbwena', 'NGR', 'ST SS AM', 72, 0, 1999, 179);
INSERT INTO Contract(`contract_player_id`, `contract_club_id`, `contract_signDate`, `contract_expireDate`, `contract_salary`, `contract_number`, `contract_role`) VALUES (499, 'montpellier', 2025, 2027, 18.5, 13, 'RAM');
INSERT INTO Player(`player_id`, `player_name`, `player_lastname`, `player_country_id`, `player_positions`, `player_rating`, `player_potential`, `player_birth_year`, `player_height`) VALUES (500, 'Danilo', 'Konyanko', 'UKR', 'CB', 73, 0, 1997, 191);
INSERT INTO Contract(`contract_player_id`, `contract_club_id`, `contract_signDate`, `contract_expireDate`, `contract_salary`, `contract_number`, `contract_role`) VALUES (500, 'dynamokyiv', 2025, 2029, 22.0, 22, 'LCB');
INSERT INTO Player(`player_id`, `player_name`, `player_lastname`, `player_country_id`, `player_positions`, `player_rating`, `player_potential`, `player_birth_year`, `player_height`) VALUES (501, 'Hary', 'De Wolnei', 'NED', 'CB', 73, 0, 1997, 185);
INSERT INTO Contract(`contract_player_id`, `contract_club_id`, `contract_signDate`, `contract_expireDate`, `contract_salary`, `contract_number`, `contract_role`) VALUES (501, 'nice', 2025, 2026, 21.0, 13, 'sub');
INSERT INTO Player(`player_id`, `player_name`, `player_lastname`, `player_country_id`, `player_positions`, `player_rating`, `player_potential`, `player_birth_year`, `player_height`) VALUES (502, 'Hendry', 'Chukungawa', 'MDG', 'CB', 73, 76, 2001, 198);
INSERT INTO Contract(`contract_player_id`, `contract_club_id`, `contract_signDate`, `contract_expireDate`, `contract_salary`, `contract_number`, `contract_role`) VALUES (502, 'lyon', 2025, 2027, 17.5, 41, 'sub');
INSERT INTO Player(`player_id`, `player_name`, `player_lastname`, `player_country_id`, `player_positions`, `player_rating`, `player_potential`, `player_birth_year`, `player_height`) VALUES (503, 'Daubaus', 'Kol', 'CIV', 'CB', 70, 0, 2000, 186);
INSERT INTO Contract(`contract_player_id`, `contract_club_id`, `contract_signDate`, `contract_expireDate`, `contract_salary`, `contract_number`, `contract_role`) VALUES (503, 'marseille', 2025, 2028, 7.0, 20, 'sub');
INSERT INTO Player(`player_id`, `player_name`, `player_lastname`, `player_country_id`, `player_positions`, `player_rating`, `player_potential`, `player_birth_year`, `player_height`) VALUES (504, 'Antonio', 'De Toneli', 'FRA', 'CB', 73, 0, 1996, 188);
INSERT INTO Contract(`contract_player_id`, `contract_club_id`, `contract_signDate`, `contract_expireDate`, `contract_salary`, `contract_number`, `contract_role`) VALUES (504, 'marseille', 2025, 2027, 21.0, 12, 'RCB');
INSERT INTO Player(`player_id`, `player_name`, `player_lastname`, `player_country_id`, `player_positions`, `player_rating`, `player_potential`, `player_birth_year`, `player_height`) VALUES (505, 'Gabriel', 'Redarec', 'POR', 'CB', 73, 75, 2002, 188);
INSERT INTO Contract(`contract_player_id`, `contract_club_id`, `contract_signDate`, `contract_expireDate`, `contract_salary`, `contract_number`, `contract_role`) VALUES (505, 'guimaraes', 2025, 2029, 21.5, 6, 'sub');
INSERT INTO Player(`player_id`, `player_name`, `player_lastname`, `player_country_id`, `player_positions`, `player_rating`, `player_potential`, `player_birth_year`, `player_height`) VALUES (506, 'Ion', 'Sadu', 'ROU', 'CB', 74, 0, 1990, 182);
INSERT INTO Contract(`contract_player_id`, `contract_club_id`, `contract_signDate`, `contract_expireDate`, `contract_salary`, `contract_number`, `contract_role`) VALUES (506, 'strasbourg', 2025, 2027, 24.3, 20, 'sub');
INSERT INTO Player(`player_id`, `player_name`, `player_lastname`, `player_country_id`, `player_positions`, `player_rating`, `player_potential`, `player_birth_year`, `player_height`) VALUES (507, 'Yongwe', 'Niakathe', 'ZBW', 'DM', 72, 78, 2006, 183);
INSERT INTO Contract(`contract_player_id`, `contract_club_id`, `contract_signDate`, `contract_expireDate`, `contract_salary`, `contract_number`, `contract_role`) VALUES (507, 'dortmund', 2025, 2029, 1.0, 37, 'sub');
INSERT INTO Player(`player_id`, `player_name`, `player_lastname`, `player_country_id`, `player_positions`, `player_rating`, `player_potential`, `player_birth_year`, `player_height`) VALUES (508, 'Nuias', 'Eyderas', 'MOR', 'DM', 73, 75, 1999, 178);
INSERT INTO Contract(`contract_player_id`, `contract_club_id`, `contract_signDate`, `contract_expireDate`, `contract_salary`, `contract_number`, `contract_role`) VALUES (508, 'rostov', 2025, 2027, 12.6, 4, 'DM');
INSERT INTO Player(`player_id`, `player_name`, `player_lastname`, `player_country_id`, `player_positions`, `player_rating`, `player_potential`, `player_birth_year`, `player_height`) VALUES (509, 'Baye', 'Ndiaye', 'SEN', 'CF ST', 74, 77, 2001, 184);
INSERT INTO Contract(`contract_player_id`, `contract_club_id`, `contract_signDate`, `contract_expireDate`, `contract_salary`, `contract_number`, `contract_role`) VALUES (509, 'lille', 2025, 2027, 13.0, 23, 'CF');
INSERT INTO Player(`player_id`, `player_name`, `player_lastname`, `player_country_id`, `player_positions`, `player_rating`, `player_potential`, `player_birth_year`, `player_height`) VALUES (510, 'Patrick', 'Gallase', 'FRA', 'CF ST', 73, 79, 2001, 190);
INSERT INTO Contract(`contract_player_id`, `contract_club_id`, `contract_signDate`, `contract_expireDate`, `contract_salary`, `contract_number`, `contract_role`) VALUES (510, 'parisfc', 2025, 2027, 7.0, 6, 'CF');
INSERT INTO Player(`player_id`, `player_name`, `player_lastname`, `player_country_id`, `player_positions`, `player_rating`, `player_potential`, `player_birth_year`, `player_height`) VALUES (511, 'Nicolas', 'Famacao', 'POR', 'CF', 73, 76, 2002, 189);
INSERT INTO Contract(`contract_player_id`, `contract_club_id`, `contract_signDate`, `contract_expireDate`, `contract_salary`, `contract_number`, `contract_role`) VALUES (511, 'tondela', 2025, 2028, 10.0, 16, 'sub');
INSERT INTO Player(`player_id`, `player_name`, `player_lastname`, `player_country_id`, `player_positions`, `player_rating`, `player_potential`, `player_birth_year`, `player_height`) VALUES (512, 'Amel', 'Putson', 'ARG', 'SS', 73, 0, 1996, 173);
INSERT INTO Contract(`contract_player_id`, `contract_club_id`, `contract_signDate`, `contract_expireDate`, `contract_salary`, `contract_number`, `contract_role`) VALUES (512, 'zenit', 2025, 2027, 21.2, 5, 'sub');
INSERT INTO Player(`player_id`, `player_name`, `player_lastname`, `player_country_id`, `player_positions`, `player_rating`, `player_potential`, `player_birth_year`, `player_height`) VALUES (513, 'Anton', 'Miekie', 'FIN', 'ST SS', 73, 0, 1995, 178);
INSERT INTO Contract(`contract_player_id`, `contract_club_id`, `contract_signDate`, `contract_expireDate`, `contract_salary`, `contract_number`, `contract_role`) VALUES (513, 'strasbourg', 2025, 2028, 21.0, 2, 'SS');
INSERT INTO Player(`player_id`, `player_name`, `player_lastname`, `player_country_id`, `player_positions`, `player_rating`, `player_potential`, `player_birth_year`, `player_height`) VALUES (514, 'Nico', 'Cincuno', 'ESP', 'CM', 73, 0, 1995, 177);
INSERT INTO Contract(`contract_player_id`, `contract_club_id`, `contract_signDate`, `contract_expireDate`, `contract_salary`, `contract_number`, `contract_role`) VALUES (514, 'getafe', 2025, 2027, 22.0, 8, 'sub');
INSERT INTO Player(`player_id`, `player_name`, `player_lastname`, `player_country_id`, `player_positions`, `player_rating`, `player_potential`, `player_birth_year`, `player_height`) VALUES (515, 'Maxim', 'Gerechuk', 'RUS', 'CM', 73, 79, 2002, 180);
INSERT INTO Contract(`contract_player_id`, `contract_club_id`, `contract_signDate`, `contract_expireDate`, `contract_salary`, `contract_number`, `contract_role`) VALUES (515, 'nizhniy', 2025, 2028, 13.0, 9, 'sub');
INSERT INTO Player(`player_id`, `player_name`, `player_lastname`, `player_country_id`, `player_positions`, `player_rating`, `player_potential`, `player_birth_year`, `player_height`) VALUES (516, 'Rodrigo', 'Varillas', 'ESP', 'CM DM', 73, 78, 2004, 175);
INSERT INTO Contract(`contract_player_id`, `contract_club_id`, `contract_signDate`, `contract_expireDate`, `contract_salary`, `contract_number`, `contract_role`) VALUES (516, 'realmadrid', 2025, 2028, 13.5, 15, 'sub');
INSERT INTO Player(`player_id`, `player_name`, `player_lastname`, `player_country_id`, `player_positions`, `player_rating`, `player_potential`, `player_birth_year`, `player_height`) VALUES (517, 'Jurgit', 'Siniaspon', 'TUR', 'CM RM', 70, 0, 1994, 175);
INSERT INTO Contract(`contract_player_id`, `contract_club_id`, `contract_signDate`, `contract_expireDate`, `contract_salary`, `contract_number`, `contract_role`) VALUES (517, 'galatasaray', 2025, 2027, 13.5, 19, 'sub');
INSERT INTO Player(`player_id`, `player_name`, `player_lastname`, `player_country_id`, `player_positions`, `player_rating`, `player_potential`, `player_birth_year`, `player_height`) VALUES (518, 'Julien', 'Bauther', 'GER', 'GK', 73, 0, 1988, 185);
INSERT INTO Contract(`contract_player_id`, `contract_club_id`, `contract_signDate`, `contract_expireDate`, `contract_salary`, `contract_number`, `contract_role`) VALUES (518, 'salzburg', 2025, 2027, 21.0, 31, 'sub');
INSERT INTO Player(`player_id`, `player_name`, `player_lastname`, `player_country_id`, `player_positions`, `player_rating`, `player_potential`, `player_birth_year`, `player_height`) VALUES (519, 'Adrian', 'Cunliasu', 'ROU', 'GK', 73, 0, 1991, 182);
INSERT INTO Contract(`contract_player_id`, `contract_club_id`, `contract_signDate`, `contract_expireDate`, `contract_salary`, `contract_number`, `contract_role`) VALUES (519, 'strasbourg', 2025, 2026, 21.0, 3, 'sub');
INSERT INTO Player(`player_id`, `player_name`, `player_lastname`, `player_country_id`, `player_positions`, `player_rating`, `player_potential`, `player_birth_year`, `player_height`) VALUES (520, 'Karlo', 'Pejevi', 'CRO', 'LB', 73, 0, 1992, 177);
INSERT INTO Contract(`contract_player_id`, `contract_club_id`, `contract_signDate`, `contract_expireDate`, `contract_salary`, `contract_number`, `contract_role`) VALUES (520, 'lille', 2025, 2027, 21.2, 17, 'sub');
INSERT INTO Player(`player_id`, `player_name`, `player_lastname`, `player_country_id`, `player_positions`, `player_rating`, `player_potential`, `player_birth_year`, `player_height`) VALUES (521, 'Daniel', 'Clieshant', 'FRA', 'LB', 73, 0, 1996, 177);
INSERT INTO Contract(`contract_player_id`, `contract_club_id`, `contract_signDate`, `contract_expireDate`, `contract_salary`, `contract_number`, `contract_role`) VALUES (521, 'nice', 2025, 2028, 21.0, 26, 'LB');
INSERT INTO Player(`player_id`, `player_name`, `player_lastname`, `player_country_id`, `player_positions`, `player_rating`, `player_potential`, `player_birth_year`, `player_height`) VALUES (522, 'Philipo', 'Jourdain', 'FRA', 'LB LM', 73, 0, 1998, 176);
INSERT INTO Contract(`contract_player_id`, `contract_club_id`, `contract_signDate`, `contract_expireDate`, `contract_salary`, `contract_number`, `contract_role`) VALUES (522, 'bordeaux', 2025, 2026, 21.3, 13, 'LB');
INSERT INTO Player(`player_id`, `player_name`, `player_lastname`, `player_country_id`, `player_positions`, `player_rating`, `player_potential`, `player_birth_year`, `player_height`) VALUES (523, 'Diashala', 'Nbenba', 'RSA', 'LB LM', 72, 0, 2000, 177);
INSERT INTO Contract(`contract_player_id`, `contract_club_id`, `contract_signDate`, `contract_expireDate`, `contract_salary`, `contract_number`, `contract_role`) VALUES (523, 'rostov', 2025, 2026, 9.0, 12, 'LB');
INSERT INTO Player(`player_id`, `player_name`, `player_lastname`, `player_country_id`, `player_positions`, `player_rating`, `player_potential`, `player_birth_year`, `player_height`) VALUES (524, 'Ndaoye', 'Igmaulo', 'MLI', 'LW ST', 73, 80, 2004, 176);
INSERT INTO Contract(`contract_player_id`, `contract_club_id`, `contract_signDate`, `contract_expireDate`, `contract_salary`, `contract_number`, `contract_role`) VALUES (524, 'bordeaux', 2025, 2027, 6.3, 18, 'LW');
INSERT INTO Player(`player_id`, `player_name`, `player_lastname`, `player_country_id`, `player_positions`, `player_rating`, `player_potential`, `player_birth_year`, `player_height`) VALUES (525, 'Maxwell', 'Rodrigo', 'FRA', 'RB', 73, 80, 2002, 180);
INSERT INTO Contract(`contract_player_id`, `contract_club_id`, `contract_signDate`, `contract_expireDate`, `contract_salary`, `contract_number`, `contract_role`) VALUES (525, 'monaco', 2025, 2027, 21.0, 18, 'sub');
INSERT INTO Player(`player_id`, `player_name`, `player_lastname`, `player_country_id`, `player_positions`, `player_rating`, `player_potential`, `player_birth_year`, `player_height`) VALUES (526, 'Stefanos', 'Gregoras', 'GRE', 'RB CB', 73, 76, 2001, 184);
INSERT INTO Contract(`contract_player_id`, `contract_club_id`, `contract_signDate`, `contract_expireDate`, `contract_salary`, `contract_number`, `contract_role`) VALUES (526, 'salzburg', 2025, 2027, 16.0, 22, 'sub');
INSERT INTO Player(`player_id`, `player_name`, `player_lastname`, `player_country_id`, `player_positions`, `player_rating`, `player_potential`, `player_birth_year`, `player_height`) VALUES (527, 'Dadu', 'Bamba', 'ZBW', 'AM CM', 72, 75, 2002, 178);
INSERT INTO Contract(`contract_player_id`, `contract_club_id`, `contract_signDate`, `contract_expireDate`, `contract_salary`, `contract_number`, `contract_role`) VALUES (527, 'lille', 2025, 2028, 11.0, 15, 'sub');
INSERT INTO Player(`player_id`, `player_name`, `player_lastname`, `player_country_id`, `player_positions`, `player_rating`, `player_potential`, `player_birth_year`, `player_height`) VALUES (528, '-', 'Vivinha', 'BRA', 'AM', 72, 0, 1997, 174);
INSERT INTO Contract(`contract_player_id`, `contract_club_id`, `contract_signDate`, `contract_expireDate`, `contract_salary`, `contract_number`, `contract_role`) VALUES (528, 'tondela', 2025, 2027, 18.0, 5, 'sub');
INSERT INTO Player(`player_id`, `player_name`, `player_lastname`, `player_country_id`, `player_positions`, `player_rating`, `player_potential`, `player_birth_year`, `player_height`) VALUES (529, 'Harry', 'Selvonante', 'FRA', 'CB', 72, 0, 1993, 183);
INSERT INTO Contract(`contract_player_id`, `contract_club_id`, `contract_signDate`, `contract_expireDate`, `contract_salary`, `contract_number`, `contract_role`) VALUES (529, 'asse', 2025, 2027, 18.0, 28, 'LCB');
INSERT INTO Player(`player_id`, `player_name`, `player_lastname`, `player_country_id`, `player_positions`, `player_rating`, `player_potential`, `player_birth_year`, `player_height`) VALUES (530, 'Oguz', 'Narikal', 'TUR', 'CB', 70, 0, 1994, 187);
INSERT INTO Contract(`contract_player_id`, `contract_club_id`, `contract_signDate`, `contract_expireDate`, `contract_salary`, `contract_number`, `contract_role`) VALUES (530, 'galatasaray', 2025, 2028, 14.0, 7, 'RCB');
INSERT INTO Player(`player_id`, `player_name`, `player_lastname`, `player_country_id`, `player_positions`, `player_rating`, `player_potential`, `player_birth_year`, `player_height`) VALUES (531, 'Luis', 'Totsidis', 'GRE', 'CB', 72, 0, 1992, 182);
INSERT INTO Contract(`contract_player_id`, `contract_club_id`, `contract_signDate`, `contract_expireDate`, `contract_salary`, `contract_number`, `contract_role`) VALUES (531, 'paok', 2025, 2027, 18.0, 10, 'sub');
INSERT INTO Player(`player_id`, `player_name`, `player_lastname`, `player_country_id`, `player_positions`, `player_rating`, `player_potential`, `player_birth_year`, `player_height`) VALUES (532, 'Kevin', 'Vershalau', 'MDA', 'CB RB', 72, 0, 1992, 184);
INSERT INTO Contract(`contract_player_id`, `contract_club_id`, `contract_signDate`, `contract_expireDate`, `contract_salary`, `contract_number`, `contract_role`) VALUES (532, 'asse', 2025, 2026, 18.0, 27, 'sub');
INSERT INTO Player(`player_id`, `player_name`, `player_lastname`, `player_country_id`, `player_positions`, `player_rating`, `player_potential`, `player_birth_year`, `player_height`) VALUES (533, 'Diagoa', 'Obone', 'NGR', 'DM CM', 72, 73, 2003, 176);
INSERT INTO Contract(`contract_player_id`, `contract_club_id`, `contract_signDate`, `contract_expireDate`, `contract_salary`, `contract_number`, `contract_role`) VALUES (533, 'montpellier', 2025, 2026, 8.0, 14, 'sub');
INSERT INTO Player(`player_id`, `player_name`, `player_lastname`, `player_country_id`, `player_positions`, `player_rating`, `player_potential`, `player_birth_year`, `player_height`) VALUES (534, 'Ramadzin', 'Bredsnov', 'RUS', 'DM CM', 72, 0, 1993, 179);
INSERT INTO Contract(`contract_player_id`, `contract_club_id`, `contract_signDate`, `contract_expireDate`, `contract_salary`, `contract_number`, `contract_role`) VALUES (534, 'rostov', 2025, 2028, 18.2, 13, 'RCM');
INSERT INTO Player(`player_id`, `player_name`, `player_lastname`, `player_country_id`, `player_positions`, `player_rating`, `player_potential`, `player_birth_year`, `player_height`) VALUES (535, 'Alurat', 'Yamab', 'MOR', 'CF', 70, 0, 1997, 185);
INSERT INTO Contract(`contract_player_id`, `contract_club_id`, `contract_signDate`, `contract_expireDate`, `contract_salary`, `contract_number`, `contract_role`) VALUES (535, 'konyaspor', 2025, 2027, 13.0, 9, 'sub');
INSERT INTO Player(`player_id`, `player_name`, `player_lastname`, `player_country_id`, `player_positions`, `player_rating`, `player_potential`, `player_birth_year`, `player_height`) VALUES (536, 'Galis', 'Ionnakis', 'GRE', 'CF ST', 72, 75, 2000, 187);
INSERT INTO Contract(`contract_player_id`, `contract_club_id`, `contract_signDate`, `contract_expireDate`, `contract_salary`, `contract_number`, `contract_role`) VALUES (536, 'olympiacos', 2025, 2026, 9.0, 16, 'ST');
INSERT INTO Player(`player_id`, `player_name`, `player_lastname`, `player_country_id`, `player_positions`, `player_rating`, `player_potential`, `player_birth_year`, `player_height`) VALUES (537, 'Jesuzio', 'Emiliana', 'ARG', 'ST CF', 70, 0, 1998, 182);
INSERT INTO Contract(`contract_player_id`, `contract_club_id`, `contract_signDate`, `contract_expireDate`, `contract_salary`, `contract_number`, `contract_role`) VALUES (537, 'rostov', 2025, 2026, 11.3, 2, 'CF');
INSERT INTO Player(`player_id`, `player_name`, `player_lastname`, `player_country_id`, `player_positions`, `player_rating`, `player_potential`, `player_birth_year`, `player_height`) VALUES (538, 'Aidara', 'Henda', 'MLI', 'CM', 72, 76, 2002, 175);
INSERT INTO Contract(`contract_player_id`, `contract_club_id`, `contract_signDate`, `contract_expireDate`, `contract_salary`, `contract_number`, `contract_role`) VALUES (538, 'asse', 2025, 2028, 9.5, 2, 'CM');
INSERT INTO Player(`player_id`, `player_name`, `player_lastname`, `player_country_id`, `player_positions`, `player_rating`, `player_potential`, `player_birth_year`, `player_height`) VALUES (539, 'Dylan', 'Nezis', 'URU', 'CM', 72, 0, 1996, 175);
INSERT INTO Contract(`contract_player_id`, `contract_club_id`, `contract_signDate`, `contract_expireDate`, `contract_salary`, `contract_number`, `contract_role`) VALUES (539, 'bordeaux', 2025, 2026, 18.2, 12, 'CM');
INSERT INTO Player(`player_id`, `player_name`, `player_lastname`, `player_country_id`, `player_positions`, `player_rating`, `player_potential`, `player_birth_year`, `player_height`) VALUES (540, 'Abega', 'Leatony', 'AUT', 'CM', 72, 75, 2005, 177);
INSERT INTO Contract(`contract_player_id`, `contract_club_id`, `contract_signDate`, `contract_expireDate`, `contract_salary`, `contract_number`, `contract_role`) VALUES (540, 'salzburg', 2025, 2028, 8.4, 21, 'sub');
INSERT INTO Player(`player_id`, `player_name`, `player_lastname`, `player_country_id`, `player_positions`, `player_rating`, `player_potential`, `player_birth_year`, `player_height`) VALUES (541, 'Chris', 'Dipeilett', 'FRA', 'DM CM', 72, 0, 1998, 178);
INSERT INTO Contract(`contract_player_id`, `contract_club_id`, `contract_signDate`, `contract_expireDate`, `contract_salary`, `contract_number`, `contract_role`) VALUES (541, 'porto', 2025, 2026, 18.0, 28, 'sub');
INSERT INTO Player(`player_id`, `player_name`, `player_lastname`, `player_country_id`, `player_positions`, `player_rating`, `player_potential`, `player_birth_year`, `player_height`) VALUES (542, 'Stephane', 'Couser', 'FRA', 'GK', 72, 0, 1991, 182);
INSERT INTO Contract(`contract_player_id`, `contract_club_id`, `contract_signDate`, `contract_expireDate`, `contract_salary`, `contract_number`, `contract_role`) VALUES (542, 'bordeaux', 2025, 2026, 18.0, 19, 'sub');
INSERT INTO Player(`player_id`, `player_name`, `player_lastname`, `player_country_id`, `player_positions`, `player_rating`, `player_potential`, `player_birth_year`, `player_height`) VALUES (543, 'Yaroslav', 'Saismanov', 'UKR', 'LB', 72, 0, 1999, 178);
INSERT INTO Contract(`contract_player_id`, `contract_club_id`, `contract_signDate`, `contract_expireDate`, `contract_salary`, `contract_number`, `contract_role`) VALUES (543, 'dynamokyiv', 2025, 2027, 17.0, 7, 'LB');
INSERT INTO Player(`player_id`, `player_name`, `player_lastname`, `player_country_id`, `player_positions`, `player_rating`, `player_potential`, `player_birth_year`, `player_height`) VALUES (544, 'Ramos', 'Varega', 'ARG', 'LB', 72, 0, 1996, 176);
INSERT INTO Contract(`contract_player_id`, `contract_club_id`, `contract_signDate`, `contract_expireDate`, `contract_salary`, `contract_number`, `contract_role`) VALUES (544, 'monaco', 2025, 2026, 18.0, 27, 'sub');
INSERT INTO Player(`player_id`, `player_name`, `player_lastname`, `player_country_id`, `player_positions`, `player_rating`, `player_potential`, `player_birth_year`, `player_height`) VALUES (545, '-', 'Eduardo', 'ECU', 'LB', 72, 0, 1994, 178);
INSERT INTO Contract(`contract_player_id`, `contract_club_id`, `contract_signDate`, `contract_expireDate`, `contract_salary`, `contract_number`, `contract_role`) VALUES (545, 'nice', 2025, 2026, 18.0, 7, 'sub');
INSERT INTO Player(`player_id`, `player_name`, `player_lastname`, `player_country_id`, `player_positions`, `player_rating`, `player_potential`, `player_birth_year`, `player_height`) VALUES (546, 'John-Saint', 'Poirenan', 'FRA', 'LB', 72, 0, 1997, 179);
INSERT INTO Contract(`contract_player_id`, `contract_club_id`, `contract_signDate`, `contract_expireDate`, `contract_salary`, `contract_number`, `contract_role`) VALUES (546, 'psg', 2025, 2028, 18.0, 16, 'sub');
INSERT INTO Player(`player_id`, `player_name`, `player_lastname`, `player_country_id`, `player_positions`, `player_rating`, `player_potential`, `player_birth_year`, `player_height`) VALUES (547, 'Lazar', 'Stevanovi', 'SRB', 'LB', 72, 77, 2003, 177);
INSERT INTO Contract(`contract_player_id`, `contract_club_id`, `contract_signDate`, `contract_expireDate`, `contract_salary`, `contract_number`, `contract_role`) VALUES (547, 'toulouse', 2025, 2026, 1.0, 2, 'LB');
INSERT INTO Player(`player_id`, `player_name`, `player_lastname`, `player_country_id`, `player_positions`, `player_rating`, `player_potential`, `player_birth_year`, `player_height`) VALUES (548, 'Lato', 'Diame', 'MLI', 'LB LM', 72, 81, 2003, 178);
INSERT INTO Contract(`contract_player_id`, `contract_club_id`, `contract_signDate`, `contract_expireDate`, `contract_salary`, `contract_number`, `contract_role`) VALUES (548, 'sochaux', 2025, 2026, 1.0, 2, 'LB');
INSERT INTO Player(`player_id`, `player_name`, `player_lastname`, `player_country_id`, `player_positions`, `player_rating`, `player_potential`, `player_birth_year`, `player_height`) VALUES (549, 'Elesse', 'Bakari', 'CMR', 'RB', 72, 0, 1994, 175);
INSERT INTO Contract(`contract_player_id`, `contract_club_id`, `contract_signDate`, `contract_expireDate`, `contract_salary`, `contract_number`, `contract_role`) VALUES (549, 'samara', 2025, 2028, 18.5, 2, 'sub');
INSERT INTO Player(`player_id`, `player_name`, `player_lastname`, `player_country_id`, `player_positions`, `player_rating`, `player_potential`, `player_birth_year`, `player_height`) VALUES (550, 'Parciss', 'Denaisser', 'FRA', 'RB CB', 72, 0, 1994, 176);
INSERT INTO Contract(`contract_player_id`, `contract_club_id`, `contract_signDate`, `contract_expireDate`, `contract_salary`, `contract_number`, `contract_role`) VALUES (550, 'bordeaux', 2025, 2028, 18.0, 22, 'sub');
INSERT INTO Player(`player_id`, `player_name`, `player_lastname`, `player_country_id`, `player_positions`, `player_rating`, `player_potential`, `player_birth_year`, `player_height`) VALUES (551, 'Steve', 'Derkone', 'FRA', 'RB CB', 71, 0, 1998, 180);
INSERT INTO Contract(`contract_player_id`, `contract_club_id`, `contract_signDate`, `contract_expireDate`, `contract_salary`, `contract_number`, `contract_role`) VALUES (551, 'psg', 2025, 2026, 14.5, 36, 'sub');
INSERT INTO Player(`player_id`, `player_name`, `player_lastname`, `player_country_id`, `player_positions`, `player_rating`, `player_potential`, `player_birth_year`, `player_height`) VALUES (552, 'Diego Carlos', 'Altrn', 'POR', 'RW', 72, 73, 2000, 176);
INSERT INTO Contract(`contract_player_id`, `contract_club_id`, `contract_signDate`, `contract_expireDate`, `contract_salary`, `contract_number`, `contract_role`) VALUES (552, 'porto', 2025, 2027, 3.0, 13, 'sub');
INSERT INTO Player(`player_id`, `player_name`, `player_lastname`, `player_country_id`, `player_positions`, `player_rating`, `player_potential`, `player_birth_year`, `player_height`) VALUES (553, 'Lauro', 'Potrese', 'POR', 'RW SS', 72, 76, 2002, 176);
INSERT INTO Contract(`contract_player_id`, `contract_club_id`, `contract_signDate`, `contract_expireDate`, `contract_salary`, `contract_number`, `contract_role`) VALUES (553, 'benfica', 2025, 2027, 16.0, 26, 'sub');
INSERT INTO Player(`player_id`, `player_name`, `player_lastname`, `player_country_id`, `player_positions`, `player_rating`, `player_potential`, `player_birth_year`, `player_height`) VALUES (554, 'Valentin', 'Inamov', 'BUL', 'AM SS', 71, 73, 2000, 176);
INSERT INTO Contract(`contract_player_id`, `contract_club_id`, `contract_signDate`, `contract_expireDate`, `contract_salary`, `contract_number`, `contract_role`) VALUES (554, 'montpellier', 2025, 2028, 15.5, 17, 'sub');
INSERT INTO Player(`player_id`, `player_name`, `player_lastname`, `player_country_id`, `player_positions`, `player_rating`, `player_potential`, `player_birth_year`, `player_height`) VALUES (555, 'Jean-Bousek', 'Moustafa', 'SRL', 'AM RM SS', 70, 75, 2002, 176);
INSERT INTO Contract(`contract_player_id`, `contract_club_id`, `contract_signDate`, `contract_expireDate`, `contract_salary`, `contract_number`, `contract_role`) VALUES (555, 'galatasaray', 2025, 2027, 9.7, 27, 'sub');
INSERT INTO Player(`player_id`, `player_name`, `player_lastname`, `player_country_id`, `player_positions`, `player_rating`, `player_potential`, `player_birth_year`, `player_height`) VALUES (556, 'Carlos', 'DeBenoet', 'FRA', 'CB', 71, 0, 1995, 186);
INSERT INTO Contract(`contract_player_id`, `contract_club_id`, `contract_signDate`, `contract_expireDate`, `contract_salary`, `contract_number`, `contract_role`) VALUES (556, 'lille', 2025, 2027, 15.6, 12, 'sub');
INSERT INTO Player(`player_id`, `player_name`, `player_lastname`, `player_country_id`, `player_positions`, `player_rating`, `player_potential`, `player_birth_year`, `player_height`) VALUES (557, 'Tolias', 'Ekunde', 'SEN', 'CB', 71, 77, 2003, 184);
INSERT INTO Contract(`contract_player_id`, `contract_club_id`, `contract_signDate`, `contract_expireDate`, `contract_salary`, `contract_number`, `contract_role`) VALUES (557, 'strasbourg', 2025, 2026, 2.0, 17, 'sub');
INSERT INTO Player(`player_id`, `player_name`, `player_lastname`, `player_country_id`, `player_positions`, `player_rating`, `player_potential`, `player_birth_year`, `player_height`) VALUES (558, 'David', 'Mitrovi', 'SRB', 'CB DM', 71, 72, 2003, 184);
INSERT INTO Contract(`contract_player_id`, `contract_club_id`, `contract_signDate`, `contract_expireDate`, `contract_salary`, `contract_number`, `contract_role`) VALUES (558, 'konyaspor', 2025, 2029, 16.0, 14, 'sub');
INSERT INTO Player(`player_id`, `player_name`, `player_lastname`, `player_country_id`, `player_positions`, `player_rating`, `player_potential`, `player_birth_year`, `player_height`) VALUES (559, 'Paul', 'Galamieri', 'FRA', 'CB RB', 70, 0, 1998, 184);
INSERT INTO Contract(`contract_player_id`, `contract_club_id`, `contract_signDate`, `contract_expireDate`, `contract_salary`, `contract_number`, `contract_role`) VALUES (559, 'montpellier', 2025, 2028, 12.9, 24, 'sub');
INSERT INTO Player(`player_id`, `player_name`, `player_lastname`, `player_country_id`, `player_positions`, `player_rating`, `player_potential`, `player_birth_year`, `player_height`) VALUES (560, 'Biu', 'Wensema', 'KEN', 'DM', 71, 80, 2003, 179);
INSERT INTO Contract(`contract_player_id`, `contract_club_id`, `contract_signDate`, `contract_expireDate`, `contract_salary`, `contract_number`, `contract_role`) VALUES (560, 'asse', 2025, 2027, 1.0, 12, 'sub');
INSERT INTO Player(`player_id`, `player_name`, `player_lastname`, `player_country_id`, `player_positions`, `player_rating`, `player_potential`, `player_birth_year`, `player_height`) VALUES (561, 'Terry', 'Celstel', 'FRA', 'DM', 71, 0, 1996, 177);
INSERT INTO Contract(`contract_player_id`, `contract_club_id`, `contract_signDate`, `contract_expireDate`, `contract_salary`, `contract_number`, `contract_role`) VALUES (561, 'lille', 2025, 2026, 15.4, 24, 'sub');
INSERT INTO Player(`player_id`, `player_name`, `player_lastname`, `player_country_id`, `player_positions`, `player_rating`, `player_potential`, `player_birth_year`, `player_height`) VALUES (562, 'Albi', 'Trenossar', 'FRA', 'DM', 71, 0, 1996, 177);
INSERT INTO Contract(`contract_player_id`, `contract_club_id`, `contract_signDate`, `contract_expireDate`, `contract_salary`, `contract_number`, `contract_role`) VALUES (562, 'sochaux', 2025, 2027, 15.4, 20, 'DM');
INSERT INTO Player(`player_id`, `player_name`, `player_lastname`, `player_country_id`, `player_positions`, `player_rating`, `player_potential`, `player_birth_year`, `player_height`) VALUES (563, 'Ahmed Daali', 'Salid', 'LBY', 'DM CB', 76, 84, 2003, 185);
INSERT INTO Contract(`contract_player_id`, `contract_club_id`, `contract_signDate`, `contract_expireDate`, `contract_salary`, `contract_number`, `contract_role`) VALUES (563, 'monaco', 2025, 2028, 23.0, 15, 'sub');
INSERT INTO Player(`player_id`, `player_name`, `player_lastname`, `player_country_id`, `player_positions`, `player_rating`, `player_potential`, `player_birth_year`, `player_height`) VALUES (564, 'Japolik', 'Karsanec', 'SVK', 'CF', 71, 0, 1995, 186);
INSERT INTO Contract(`contract_player_id`, `contract_club_id`, `contract_signDate`, `contract_expireDate`, `contract_salary`, `contract_number`, `contract_role`) VALUES (564, 'montpellier', 2025, 2026, 15.3, 21, 'sub');
INSERT INTO Player(`player_id`, `player_name`, `player_lastname`, `player_country_id`, `player_positions`, `player_rating`, `player_potential`, `player_birth_year`, `player_height`) VALUES (565, 'Eke', 'Aji', 'NGR', 'ST CF RW', 71, 72, 2002, 181);
INSERT INTO Contract(`contract_player_id`, `contract_club_id`, `contract_signDate`, `contract_expireDate`, `contract_salary`, `contract_number`, `contract_role`) VALUES (565, 'rostov', 2025, 2027, 4.8, 6, 'RW');
INSERT INTO Player(`player_id`, `player_name`, `player_lastname`, `player_country_id`, `player_positions`, `player_rating`, `player_potential`, `player_birth_year`, `player_height`) VALUES (566, 'Anton', 'Korowetz', 'GER', 'CM', 71, 0, 1996, 179);
INSERT INTO Contract(`contract_player_id`, `contract_club_id`, `contract_signDate`, `contract_expireDate`, `contract_salary`, `contract_number`, `contract_role`) VALUES (566, 'schalke', 2025, 2028, 15.4, 23, 'sub');
INSERT INTO Player(`player_id`, `player_name`, `player_lastname`, `player_country_id`, `player_positions`, `player_rating`, `player_potential`, `player_birth_year`, `player_height`) VALUES (567, 'Muhammed', 'Absulawi', 'KSA', 'CM AM', 71, 73, 2000, 178);
INSERT INTO Contract(`contract_player_id`, `contract_club_id`, `contract_signDate`, `contract_expireDate`, `contract_salary`, `contract_number`, `contract_role`) VALUES (567, 'asse', 2025, 2026, 6.7, 13, 'sub');
INSERT INTO Player(`player_id`, `player_name`, `player_lastname`, `player_country_id`, `player_positions`, `player_rating`, `player_potential`, `player_birth_year`, `player_height`) VALUES (568, 'Ljuboje', 'Delaji', 'BIH', 'GK', 71, 0, 1988, 186);
INSERT INTO Contract(`contract_player_id`, `contract_club_id`, `contract_signDate`, `contract_expireDate`, `contract_salary`, `contract_number`, `contract_role`) VALUES (568, 'montpellier', 2025, 2027, 15.3, 27, 'GK');
INSERT INTO Player(`player_id`, `player_name`, `player_lastname`, `player_country_id`, `player_positions`, `player_rating`, `player_potential`, `player_birth_year`, `player_height`) VALUES (569, 'Thomas', 'Bekelli', 'FRA', 'GK', 71, 0, 1989, 189);
INSERT INTO Contract(`contract_player_id`, `contract_club_id`, `contract_signDate`, `contract_expireDate`, `contract_salary`, `contract_number`, `contract_role`) VALUES (569, 'toulouse', 2025, 2027, 15.6, 16, 'GK');
INSERT INTO Player(`player_id`, `player_name`, `player_lastname`, `player_country_id`, `player_positions`, `player_rating`, `player_potential`, `player_birth_year`, `player_height`) VALUES (570, 'Ndiam', 'Sididi', 'FRA', 'LB', 71, 72, 2001, 177);
INSERT INTO Contract(`contract_player_id`, `contract_club_id`, `contract_signDate`, `contract_expireDate`, `contract_salary`, `contract_number`, `contract_role`) VALUES (570, 'marseille', 2025, 2027, 10.5, 22, 'sub');
INSERT INTO Player(`player_id`, `player_name`, `player_lastname`, `player_country_id`, `player_positions`, `player_rating`, `player_potential`, `player_birth_year`, `player_height`) VALUES (571, 'Rasheed', 'Princeton', 'GHA', 'LB CB', 71, 74, 2001, 181);
INSERT INTO Contract(`contract_player_id`, `contract_club_id`, `contract_signDate`, `contract_expireDate`, `contract_salary`, `contract_number`, `contract_role`) VALUES (571, 'psg', 2025, 2028, 7.0, 27, 'sub');
INSERT INTO Player(`player_id`, `player_name`, `player_lastname`, `player_country_id`, `player_positions`, `player_rating`, `player_potential`, `player_birth_year`, `player_height`) VALUES (572, 'Andriu', 'Levia', 'ROU', 'LB LM', 71, 0, 1995, 175);
INSERT INTO Contract(`contract_player_id`, `contract_club_id`, `contract_signDate`, `contract_expireDate`, `contract_salary`, `contract_number`, `contract_role`) VALUES (572, 'benfica', 2025, 2028, 15.7, 20, 'sub');
INSERT INTO Player(`player_id`, `player_name`, `player_lastname`, `player_country_id`, `player_positions`, `player_rating`, `player_potential`, `player_birth_year`, `player_height`) VALUES (573, 'Anthony', 'Oluenka', 'FRA', 'RW ST', 69, 81, 2005, 180);
INSERT INTO Contract(`contract_player_id`, `contract_club_id`, `contract_signDate`, `contract_expireDate`, `contract_salary`, `contract_number`, `contract_role`) VALUES (573, 'lyon', 2025, 2028, 5.5, 28, 'sub');
INSERT INTO Player(`player_id`, `player_name`, `player_lastname`, `player_country_id`, `player_positions`, `player_rating`, `player_potential`, `player_birth_year`, `player_height`) VALUES (574, 'Arioz', 'Asindrel', 'BOL', 'RB', 71, 0, 1993, 174);
INSERT INTO Contract(`contract_player_id`, `contract_club_id`, `contract_signDate`, `contract_expireDate`, `contract_salary`, `contract_number`, `contract_role`) VALUES (574, 'marseille', 2025, 2027, 15.3, 2, 'sub');
INSERT INTO Player(`player_id`, `player_name`, `player_lastname`, `player_country_id`, `player_positions`, `player_rating`, `player_potential`, `player_birth_year`, `player_height`) VALUES (575, 'Mahdi', 'Jata', 'NOR', 'RB', 71, 0, 1998, 170);
INSERT INTO Contract(`contract_player_id`, `contract_club_id`, `contract_signDate`, `contract_expireDate`, `contract_salary`, `contract_number`, `contract_role`) VALUES (575, 'molde', 2025, 2028, 15.6, 2, 'sub');
INSERT INTO Player(`player_id`, `player_name`, `player_lastname`, `player_country_id`, `player_positions`, `player_rating`, `player_potential`, `player_birth_year`, `player_height`) VALUES (576, 'Gionardo', 'Simeon', 'FRA', 'RB', 71, 77, 2001, 177);
INSERT INTO Contract(`contract_player_id`, `contract_club_id`, `contract_signDate`, `contract_expireDate`, `contract_salary`, `contract_number`, `contract_role`) VALUES (576, 'toulouse', 2025, 2027, 8.0, 12, 'RB');
INSERT INTO Player(`player_id`, `player_name`, `player_lastname`, `player_country_id`, `player_positions`, `player_rating`, `player_potential`, `player_birth_year`, `player_height`) VALUES (577, '-', 'Enlito', 'BRA', 'RB RM', 72, 75, 2001, 174);
INSERT INTO Contract(`contract_player_id`, `contract_club_id`, `contract_signDate`, `contract_expireDate`, `contract_salary`, `contract_number`, `contract_role`) VALUES (577, 'porto', 2025, 2027, 16.2, 14, 'sub');
INSERT INTO Player(`player_id`, `player_name`, `player_lastname`, `player_country_id`, `player_positions`, `player_rating`, `player_potential`, `player_birth_year`, `player_height`) VALUES (578, 'Tomas', 'Misleru', 'MDA', 'RW SS', 71, 0, 1992, 175);
INSERT INTO Contract(`contract_player_id`, `contract_club_id`, `contract_signDate`, `contract_expireDate`, `contract_salary`, `contract_number`, `contract_role`) VALUES (578, 'bordeaux', 2025, 2026, 15.5, 15, 'RW');
INSERT INTO Player(`player_id`, `player_name`, `player_lastname`, `player_country_id`, `player_positions`, `player_rating`, `player_potential`, `player_birth_year`, `player_height`) VALUES (579, 'Claroun', 'Florant', 'FRA', 'AM RM', 68, 0, 1998, 175);
INSERT INTO Contract(`contract_player_id`, `contract_club_id`, `contract_signDate`, `contract_expireDate`, `contract_salary`, `contract_number`, `contract_role`) VALUES (579, 'sochaux', 2025, 2027, 8.2, 15, 'sub');
INSERT INTO Player(`player_id`, `player_name`, `player_lastname`, `player_country_id`, `player_positions`, `player_rating`, `player_potential`, `player_birth_year`, `player_height`) VALUES (580, 'Marris', 'Razvan', 'TUN', 'AM SS RW', 70, 0, 1999, 173);
INSERT INTO Contract(`contract_player_id`, `contract_club_id`, `contract_signDate`, `contract_expireDate`, `contract_salary`, `contract_number`, `contract_role`) VALUES (580, 'toulouse', 2025, 2026, 9.0, 13, 'AM');
INSERT INTO Player(`player_id`, `player_name`, `player_lastname`, `player_country_id`, `player_positions`, `player_rating`, `player_potential`, `player_birth_year`, `player_height`) VALUES (581, 'Tony', 'Felauer', 'FRA', 'CB', 70, 0, 1991, 184);
INSERT INTO Contract(`contract_player_id`, `contract_club_id`, `contract_signDate`, `contract_expireDate`, `contract_salary`, `contract_number`, `contract_role`) VALUES (581, 'asse', 2025, 2027, 12.8, 26, 'sub');
INSERT INTO Player(`player_id`, `player_name`, `player_lastname`, `player_country_id`, `player_positions`, `player_rating`, `player_potential`, `player_birth_year`, `player_height`) VALUES (582, 'Mpaku', 'Tshalili', 'TOG', 'CB', 70, 78, 2005, 188);
INSERT INTO Contract(`contract_player_id`, `contract_club_id`, `contract_signDate`, `contract_expireDate`, `contract_salary`, `contract_number`, `contract_role`) VALUES (582, 'monaco', 2025, 2028, 1.0, 36, 'sub');
INSERT INTO Player(`player_id`, `player_name`, `player_lastname`, `player_country_id`, `player_positions`, `player_rating`, `player_potential`, `player_birth_year`, `player_height`) VALUES (583, 'Peter', 'Rebatski', 'FRA', 'CB', 69, 0, 1994, 185);
INSERT INTO Contract(`contract_player_id`, `contract_club_id`, `contract_signDate`, `contract_expireDate`, `contract_salary`, `contract_number`, `contract_role`) VALUES (583, 'montpellier', 2025, 2026, 11.0, 37, 'sub');
INSERT INTO Player(`player_id`, `player_name`, `player_lastname`, `player_country_id`, `player_positions`, `player_rating`, `player_potential`, `player_birth_year`, `player_height`) VALUES (584, 'Nick', 'Tahrer', 'GER', 'CB', 69, 75, 2003, 184);
INSERT INTO Contract(`contract_player_id`, `contract_club_id`, `contract_signDate`, `contract_expireDate`, `contract_salary`, `contract_number`, `contract_role`) VALUES (584, 'nice', 2025, 2029, 1.3, 23, 'sub');
INSERT INTO Player(`player_id`, `player_name`, `player_lastname`, `player_country_id`, `player_positions`, `player_rating`, `player_potential`, `player_birth_year`, `player_height`) VALUES (585, 'Nemanja', 'Popovi', 'SRB', 'CB', 70, 80, 2003, 188);
INSERT INTO Contract(`contract_player_id`, `contract_club_id`, `contract_signDate`, `contract_expireDate`, `contract_salary`, `contract_number`, `contract_role`) VALUES (585, 'olympiacos', 2025, 2028, 12.5, 28, 'LCB');
INSERT INTO Player(`player_id`, `player_name`, `player_lastname`, `player_country_id`, `player_positions`, `player_rating`, `player_potential`, `player_birth_year`, `player_height`) VALUES (586, '-', 'Temba', 'GHA', 'CB', 70, 0, 1997, 179);
INSERT INTO Contract(`contract_player_id`, `contract_club_id`, `contract_signDate`, `contract_expireDate`, `contract_salary`, `contract_number`, `contract_role`) VALUES (586, 'portimonense', 2025, 2027, 13.0, 25, 'LCB');
INSERT INTO Player(`player_id`, `player_name`, `player_lastname`, `player_country_id`, `player_positions`, `player_rating`, `player_potential`, `player_birth_year`, `player_height`) VALUES (587, 'Ivan', 'Nikolayev', 'RUS', 'CB', 70, 72, 2001, 196);
INSERT INTO Contract(`contract_player_id`, `contract_club_id`, `contract_signDate`, `contract_expireDate`, `contract_salary`, `contract_number`, `contract_role`) VALUES (587, 'rostov', 2025, 2028, 8.6, 26, 'RCB');
INSERT INTO Player(`player_id`, `player_name`, `player_lastname`, `player_country_id`, `player_positions`, `player_rating`, `player_potential`, `player_birth_year`, `player_height`) VALUES (588, 'Mitchell', 'Soudoua', 'GUI', 'DM', 70, 0, 1995, 174);
INSERT INTO Contract(`contract_player_id`, `contract_club_id`, `contract_signDate`, `contract_expireDate`, `contract_salary`, `contract_number`, `contract_role`) VALUES (588, 'krasnodar', 2025, 2027, 13.0, 4, 'DM');
INSERT INTO Player(`player_id`, `player_name`, `player_lastname`, `player_country_id`, `player_positions`, `player_rating`, `player_potential`, `player_birth_year`, `player_height`) VALUES (589, 'Aradel', 'Toulaye', 'CIV', 'DM', 70, 0, 1997, 177);
INSERT INTO Contract(`contract_player_id`, `contract_club_id`, `contract_signDate`, `contract_expireDate`, `contract_salary`, `contract_number`, `contract_role`) VALUES (589, 'montpellier', 2025, 2027, 12.9, 2, 'DM');
INSERT INTO Player(`player_id`, `player_name`, `player_lastname`, `player_country_id`, `player_positions`, `player_rating`, `player_potential`, `player_birth_year`, `player_height`) VALUES (590, 'Eric', 'Fidel', 'NOR', 'DM', 70, 0, 1997, 180);
INSERT INTO Contract(`contract_player_id`, `contract_club_id`, `contract_signDate`, `contract_expireDate`, `contract_salary`, `contract_number`, `contract_role`) VALUES (590, 'rosenborg', 2025, 2027, 12.8, 14, 'sub');
INSERT INTO Player(`player_id`, `player_name`, `player_lastname`, `player_country_id`, `player_positions`, `player_rating`, `player_potential`, `player_birth_year`, `player_height`) VALUES (591, 'Rudo', 'Nkabi', 'GHA', 'DM', 70, 71, 2002, 178);
INSERT INTO Contract(`contract_player_id`, `contract_club_id`, `contract_signDate`, `contract_expireDate`, `contract_salary`, `contract_number`, `contract_role`) VALUES (591, 'strasbourg', 2025, 2028, 10.5, 19, 'sub');
INSERT INTO Player(`player_id`, `player_name`, `player_lastname`, `player_country_id`, `player_positions`, `player_rating`, `player_potential`, `player_birth_year`, `player_height`) VALUES (592, 'Egavier', 'Mirenda', 'POR', 'DM', 70, 0, 1989, 175);
INSERT INTO Contract(`contract_player_id`, `contract_club_id`, `contract_signDate`, `contract_expireDate`, `contract_salary`, `contract_number`, `contract_role`) VALUES (592, 'benfica', 2025, 2026, 12.9, 24, 'sub');
INSERT INTO Player(`player_id`, `player_name`, `player_lastname`, `player_country_id`, `player_positions`, `player_rating`, `player_potential`, `player_birth_year`, `player_height`) VALUES (593, 'Elardi', 'Sonali', 'ITA', 'DM CM', 70, 0, 1994, 177);
INSERT INTO Contract(`contract_player_id`, `contract_club_id`, `contract_signDate`, `contract_expireDate`, `contract_salary`, `contract_number`, `contract_role`) VALUES (593, 'nice', 2025, 2026, 12.9, 30, 'sub');
INSERT INTO Player(`player_id`, `player_name`, `player_lastname`, `player_country_id`, `player_positions`, `player_rating`, `player_potential`, `player_birth_year`, `player_height`) VALUES (594, 'Sehad', 'Hajunovi', 'BIH', 'ST CF', 70, 0, 1989, 182);
INSERT INTO Contract(`contract_player_id`, `contract_club_id`, `contract_signDate`, `contract_expireDate`, `contract_salary`, `contract_number`, `contract_role`) VALUES (594, 'asse', 2025, 2026, 12.9, 17, 'sub');
INSERT INTO Player(`player_id`, `player_name`, `player_lastname`, `player_country_id`, `player_positions`, `player_rating`, `player_potential`, `player_birth_year`, `player_height`) VALUES (595, 'Dakar', 'Osana', 'GHA', 'SS AM', 69, 77, 2006, 177);
INSERT INTO Contract(`contract_player_id`, `contract_club_id`, `contract_signDate`, `contract_expireDate`, `contract_salary`, `contract_number`, `contract_role`) VALUES (595, 'lazio', 2025, 2029, 1.0, 18, 'sub');
INSERT INTO Player(`player_id`, `player_name`, `player_lastname`, `player_country_id`, `player_positions`, `player_rating`, `player_potential`, `player_birth_year`, `player_height`) VALUES (596, 'Stefano', 'Juri', 'RUS', 'CM', 70, 0, 2000, 178);
INSERT INTO Contract(`contract_player_id`, `contract_club_id`, `contract_signDate`, `contract_expireDate`, `contract_salary`, `contract_number`, `contract_role`) VALUES (596, 'krasnodar', 2025, 2027, 7.1, 15, 'CM');
INSERT INTO Player(`player_id`, `player_name`, `player_lastname`, `player_country_id`, `player_positions`, `player_rating`, `player_potential`, `player_birth_year`, `player_height`) VALUES (597, 'Farik', 'Omer', 'FRA', 'CM DM', 70, 0, 1999, 172);
INSERT INTO Contract(`contract_player_id`, `contract_club_id`, `contract_signDate`, `contract_expireDate`, `contract_salary`, `contract_number`, `contract_role`) VALUES (597, 'bordeaux', 2025, 2026, 8.5, 29, 'sub');
INSERT INTO Player(`player_id`, `player_name`, `player_lastname`, `player_country_id`, `player_positions`, `player_rating`, `player_potential`, `player_birth_year`, `player_height`) VALUES (598, 'Larry', 'Littey', 'ENG', 'CM DM', 70, 0, 1998, 177);
INSERT INTO Contract(`contract_player_id`, `contract_club_id`, `contract_signDate`, `contract_expireDate`, `contract_salary`, `contract_number`, `contract_role`) VALUES (598, 'newcastle', 2025, 2027, 13.0, 12, 'sub');
INSERT INTO Player(`player_id`, `player_name`, `player_lastname`, `player_country_id`, `player_positions`, `player_rating`, `player_potential`, `player_birth_year`, `player_height`) VALUES (599, 'Delon', 'Feres', 'ALG', 'GK', 70, 0, 1993, 186);
INSERT INTO Contract(`contract_player_id`, `contract_club_id`, `contract_signDate`, `contract_expireDate`, `contract_salary`, `contract_number`, `contract_role`) VALUES (599, 'montpellier', 2025, 2026, 13.0, 25, 'sub');
INSERT INTO Player(`player_id`, `player_name`, `player_lastname`, `player_country_id`, `player_positions`, `player_rating`, `player_potential`, `player_birth_year`, `player_height`) VALUES (600, 'Denis', 'Molkhar', 'RUS', 'GK', 68, 0, 1997, 186);
INSERT INTO Contract(`contract_player_id`, `contract_club_id`, `contract_signDate`, `contract_expireDate`, `contract_salary`, `contract_number`, `contract_role`) VALUES (600, 'rostov', 2025, 2027, 8.8, 34, 'GK');
INSERT INTO Player(`player_id`, `player_name`, `player_lastname`, `player_country_id`, `player_positions`, `player_rating`, `player_potential`, `player_birth_year`, `player_height`) VALUES (601, 'Nicolas', 'Almeida', 'POR', 'GK', 70, 80, 2001, 186);
INSERT INTO Contract(`contract_player_id`, `contract_club_id`, `contract_signDate`, `contract_expireDate`, `contract_salary`, `contract_number`, `contract_role`) VALUES (601, 'tondela', 2025, 2027, 6.0, 6, 'sub');
INSERT INTO Player(`player_id`, `player_name`, `player_lastname`, `player_country_id`, `player_positions`, `player_rating`, `player_potential`, `player_birth_year`, `player_height`) VALUES (602, 'Frank-Anthony', 'Parsso', 'MTQ', 'LB', 73, 75, 2000, 181);
INSERT INTO Contract(`contract_player_id`, `contract_club_id`, `contract_signDate`, `contract_expireDate`, `contract_salary`, `contract_number`, `contract_role`) VALUES (602, 'asse', 2025, 2027, 14.1, 29, 'LB');
INSERT INTO Player(`player_id`, `player_name`, `player_lastname`, `player_country_id`, `player_positions`, `player_rating`, `player_potential`, `player_birth_year`, `player_height`) VALUES (603, 'Tiago', 'Baes de Pate', 'BRA', 'SS AM', 70, 0, 1994, 169);
INSERT INTO Contract(`contract_player_id`, `contract_club_id`, `contract_signDate`, `contract_expireDate`, `contract_salary`, `contract_number`, `contract_role`) VALUES (603, 'asse', 2025, 2027, 13.1, 71, 'sub');
INSERT INTO Player(`player_id`, `player_name`, `player_lastname`, `player_country_id`, `player_positions`, `player_rating`, `player_potential`, `player_birth_year`, `player_height`) VALUES (604, 'Rikuel', 'Cesse', 'CIV', 'RW', 70, 86, 2005, 170);
INSERT INTO Contract(`contract_player_id`, `contract_club_id`, `contract_signDate`, `contract_expireDate`, `contract_salary`, `contract_number`, `contract_role`) VALUES (604, 'bordeaux', 2025, 2028, 1.4, 24, 'sub');
INSERT INTO Player(`player_id`, `player_name`, `player_lastname`, `player_country_id`, `player_positions`, `player_rating`, `player_potential`, `player_birth_year`, `player_height`) VALUES (605, 'Angelos', 'Panyathonis', 'GRE', 'RB', 71, 0, 1996, 178);
INSERT INTO Contract(`contract_player_id`, `contract_club_id`, `contract_signDate`, `contract_expireDate`, `contract_salary`, `contract_number`, `contract_role`) VALUES (605, 'aek', 2025, 2028, 15.5, 13, 'sub');
INSERT INTO Player(`player_id`, `player_name`, `player_lastname`, `player_country_id`, `player_positions`, `player_rating`, `player_potential`, `player_birth_year`, `player_height`) VALUES (606, 'Stevan', 'Bajalov', 'CRO', 'CB', 69, 0, 1992, 184);
INSERT INTO Contract(`contract_player_id`, `contract_club_id`, `contract_signDate`, `contract_expireDate`, `contract_salary`, `contract_number`, `contract_role`) VALUES (606, 'krasnodar', 2025, 2028, 10.8, 23, 'LCB');
INSERT INTO Player(`player_id`, `player_name`, `player_lastname`, `player_country_id`, `player_positions`, `player_rating`, `player_potential`, `player_birth_year`, `player_height`) VALUES (607, 'Loic', 'Chris-Etwan', 'MTQ', 'CB', 72, 74, 2003, 189);
INSERT INTO Contract(`contract_player_id`, `contract_club_id`, `contract_signDate`, `contract_expireDate`, `contract_salary`, `contract_number`, `contract_role`) VALUES (607, 'nice', 2025, 2027, 6.1, 25, 'sub');
INSERT INTO Player(`player_id`, `player_name`, `player_lastname`, `player_country_id`, `player_positions`, `player_rating`, `player_potential`, `player_birth_year`, `player_height`) VALUES (608, 'Stefan', 'Ajinbegov', 'KAZ', 'CB', 69, 0, 1996, 191);
INSERT INTO Contract(`contract_player_id`, `contract_club_id`, `contract_signDate`, `contract_expireDate`, `contract_salary`, `contract_number`, `contract_role`) VALUES (608, 'nizhniy', 2025, 2027, 10.7, 2, 'sub');
INSERT INTO Player(`player_id`, `player_name`, `player_lastname`, `player_country_id`, `player_positions`, `player_rating`, `player_potential`, `player_birth_year`, `player_height`) VALUES (609, 'Iamo', 'Tabyi', 'CMR', 'CB', 69, 80, 2002, 183);
INSERT INTO Contract(`contract_player_id`, `contract_club_id`, `contract_signDate`, `contract_expireDate`, `contract_salary`, `contract_number`, `contract_role`) VALUES (609, 'psg', 2025, 2028, 4.0, 29, 'sub');
INSERT INTO Player(`player_id`, `player_name`, `player_lastname`, `player_country_id`, `player_positions`, `player_rating`, `player_potential`, `player_birth_year`, `player_height`) VALUES (610, 'Darim', 'Kochir', 'RUS', 'CB', 69, 0, 1992, 183);
INSERT INTO Contract(`contract_player_id`, `contract_club_id`, `contract_signDate`, `contract_expireDate`, `contract_salary`, `contract_number`, `contract_role`) VALUES (610, 'rostov', 2025, 2026, 10.9, 27, 'LCB');
INSERT INTO Player(`player_id`, `player_name`, `player_lastname`, `player_country_id`, `player_positions`, `player_rating`, `player_potential`, `player_birth_year`, `player_height`) VALUES (611, '-', 'Merce', 'BRA', 'CB', 70, 0, 1994, 180);
INSERT INTO Contract(`contract_player_id`, `contract_club_id`, `contract_signDate`, `contract_expireDate`, `contract_salary`, `contract_number`, `contract_role`) VALUES (611, 'sochaux', 2025, 2028, 12.6, 11, 'RCB');
INSERT INTO Player(`player_id`, `player_name`, `player_lastname`, `player_country_id`, `player_positions`, `player_rating`, `player_potential`, `player_birth_year`, `player_height`) VALUES (612, 'Tomaszek', 'Grabowiak', 'POL', 'CB', 67, 0, 1987, 186);
INSERT INTO Contract(`contract_player_id`, `contract_club_id`, `contract_signDate`, `contract_expireDate`, `contract_salary`, `contract_number`, `contract_role`) VALUES (612, 'strasbourg', 2025, 2026, 8.7, 37, 'sub');
INSERT INTO Player(`player_id`, `player_name`, `player_lastname`, `player_country_id`, `player_positions`, `player_rating`, `player_potential`, `player_birth_year`, `player_height`) VALUES (613, 'Sammuel', 'Kalidba', 'SEN', 'CB', 69, 70, 2002, 189);
INSERT INTO Contract(`contract_player_id`, `contract_club_id`, `contract_signDate`, `contract_expireDate`, `contract_salary`, `contract_number`, `contract_role`) VALUES (613, 'toulouse', 2025, 2029, 9.3, 15, 'RCB');
INSERT INTO Player(`player_id`, `player_name`, `player_lastname`, `player_country_id`, `player_positions`, `player_rating`, `player_potential`, `player_birth_year`, `player_height`) VALUES (614, 'Izak', 'Mbombo', 'DRC', 'CB DM', 69, 73, 2003, 182);
INSERT INTO Contract(`contract_player_id`, `contract_club_id`, `contract_signDate`, `contract_expireDate`, `contract_salary`, `contract_number`, `contract_role`) VALUES (614, 'asse', 2025, 2026, 1.0, 22, 'sub');
INSERT INTO Player(`player_id`, `player_name`, `player_lastname`, `player_country_id`, `player_positions`, `player_rating`, `player_potential`, `player_birth_year`, `player_height`) VALUES (615, 'Ukayo', 'Eyodemba', 'CMR', 'DM CB', 69, 0, 2000, 186);
INSERT INTO Contract(`contract_player_id`, `contract_club_id`, `contract_signDate`, `contract_expireDate`, `contract_salary`, `contract_number`, `contract_role`) VALUES (615, 'bordeaux', 2025, 2027, 7.0, 17, 'sub');
INSERT INTO Player(`player_id`, `player_name`, `player_lastname`, `player_country_id`, `player_positions`, `player_rating`, `player_potential`, `player_birth_year`, `player_height`) VALUES (616, 'Eolyn', 'Zhirin', 'RUS', 'SS ST CF', 69, 0, 1989, 179);
INSERT INTO Contract(`contract_player_id`, `contract_club_id`, `contract_signDate`, `contract_expireDate`, `contract_salary`, `contract_number`, `contract_role`) VALUES (616, 'rostov', 2025, 2026, 11.0, 51, 'sub');
INSERT INTO Player(`player_id`, `player_name`, `player_lastname`, `player_country_id`, `player_positions`, `player_rating`, `player_potential`, `player_birth_year`, `player_height`) VALUES (617, 'Bavin', 'Makanga', 'FRA', 'ST CF', 69, 70, 2000, 183);
INSERT INTO Contract(`contract_player_id`, `contract_club_id`, `contract_signDate`, `contract_expireDate`, `contract_salary`, `contract_number`, `contract_role`) VALUES (617, 'sochaux', 2025, 2027, 7.0, 9, 'CF');
INSERT INTO Player(`player_id`, `player_name`, `player_lastname`, `player_country_id`, `player_positions`, `player_rating`, `player_potential`, `player_birth_year`, `player_height`) VALUES (618, 'Christian', 'Drei', 'SUI', 'CM', 69, 75, 2002, 179);
INSERT INTO Contract(`contract_player_id`, `contract_club_id`, `contract_signDate`, `contract_expireDate`, `contract_salary`, `contract_number`, `contract_role`) VALUES (618, 'marseille', 2025, 2028, 7.0, 13, 'sub');
INSERT INTO Player(`player_id`, `player_name`, `player_lastname`, `player_country_id`, `player_positions`, `player_rating`, `player_potential`, `player_birth_year`, `player_height`) VALUES (619, 'Frank', 'Mat', 'MTQ', 'CM', 70, 0, 1996, 175);
INSERT INTO Contract(`contract_player_id`, `contract_club_id`, `contract_signDate`, `contract_expireDate`, `contract_salary`, `contract_number`, `contract_role`) VALUES (619, 'sochaux', 2025, 2028, 13.0, 14, 'CM');
INSERT INTO Player(`player_id`, `player_name`, `player_lastname`, `player_country_id`, `player_positions`, `player_rating`, `player_potential`, `player_birth_year`, `player_height`) VALUES (620, 'Raymon', 'Mattie', 'FRA', 'DM CM', 69, 0, 2000, 178);
INSERT INTO Contract(`contract_player_id`, `contract_club_id`, `contract_signDate`, `contract_expireDate`, `contract_salary`, `contract_number`, `contract_role`) VALUES (620, 'lille', 2025, 2027, 5.0, 28, 'sub');
INSERT INTO Player(`player_id`, `player_name`, `player_lastname`, `player_country_id`, `player_positions`, `player_rating`, `player_potential`, `player_birth_year`, `player_height`) VALUES (621, 'Nuradik', 'Temogamedov', 'AZE', 'CM LM', 69, 0, 1996, 176);
INSERT INTO Contract(`contract_player_id`, `contract_club_id`, `contract_signDate`, `contract_expireDate`, `contract_salary`, `contract_number`, `contract_role`) VALUES (621, 'rostov', 2025, 2028, 10.8, 22, 'LCM');
INSERT INTO Player(`player_id`, `player_name`, `player_lastname`, `player_country_id`, `player_positions`, `player_rating`, `player_potential`, `player_birth_year`, `player_height`) VALUES (622, 'Patrick', 'Bailly', 'FRA', 'GK', 69, 0, 2001, 193);
INSERT INTO Contract(`contract_player_id`, `contract_club_id`, `contract_signDate`, `contract_expireDate`, `contract_salary`, `contract_number`, `contract_role`) VALUES (622, 'marseille', 2025, 2027, 6.5, 23, 'sub');
INSERT INTO Player(`player_id`, `player_name`, `player_lastname`, `player_country_id`, `player_positions`, `player_rating`, `player_potential`, `player_birth_year`, `player_height`) VALUES (623, 'Axel', 'Elorenou', 'FRA', 'GK', 69, 0, 1993, 196);
INSERT INTO Contract(`contract_player_id`, `contract_club_id`, `contract_signDate`, `contract_expireDate`, `contract_salary`, `contract_number`, `contract_role`) VALUES (623, 'sochaux', 2025, 2027, 10.6, 16, 'GK');
INSERT INTO Player(`player_id`, `player_name`, `player_lastname`, `player_country_id`, `player_positions`, `player_rating`, `player_potential`, `player_birth_year`, `player_height`) VALUES (624, 'Viktor', 'Panenskiyi', 'UKR', 'LB', 69, 72, 2000, 175);
INSERT INTO Contract(`contract_player_id`, `contract_club_id`, `contract_signDate`, `contract_expireDate`, `contract_salary`, `contract_number`, `contract_role`) VALUES (624, 'asse', 2025, 2026, 10.7, 36, 'sub');
INSERT INTO Player(`player_id`, `player_name`, `player_lastname`, `player_country_id`, `player_positions`, `player_rating`, `player_potential`, `player_birth_year`, `player_height`) VALUES (625, 'Liston', 'Queves', 'POR', 'LB', 70, 0, 1997, 176);
INSERT INTO Contract(`contract_player_id`, `contract_club_id`, `contract_signDate`, `contract_expireDate`, `contract_salary`, `contract_number`, `contract_role`) VALUES (625, 'porto', 2025, 2026, 12.8, 24, 'sub');
INSERT INTO Player(`player_id`, `player_name`, `player_lastname`, `player_country_id`, `player_positions`, `player_rating`, `player_potential`, `player_birth_year`, `player_height`) VALUES (626, 'Francis', 'Pikhtin', 'SEN', 'LW', 69, 73, 2002, 176);
INSERT INTO Contract(`contract_player_id`, `contract_club_id`, `contract_signDate`, `contract_expireDate`, `contract_salary`, `contract_number`, `contract_role`) VALUES (626, 'bordeaux', 2025, 2028, 7.3, 31, 'sub');
INSERT INTO Player(`player_id`, `player_name`, `player_lastname`, `player_country_id`, `player_positions`, `player_rating`, `player_potential`, `player_birth_year`, `player_height`) VALUES (627, 'Aloisio', 'Fondes', 'POR', 'LW SS', 68, 74, 2000, 175);
INSERT INTO Contract(`contract_player_id`, `contract_club_id`, `contract_signDate`, `contract_expireDate`, `contract_salary`, `contract_number`, `contract_role`) VALUES (627, 'porto', 2025, 2026, 9.0, 26, 'sub');
INSERT INTO Player(`player_id`, `player_name`, `player_lastname`, `player_country_id`, `player_positions`, `player_rating`, `player_potential`, `player_birth_year`, `player_height`) VALUES (628, 'Leo', 'Ikamu', 'FRA', 'LW LM AM', 69, 81, 2004, 176);
INSERT INTO Contract(`contract_player_id`, `contract_club_id`, `contract_signDate`, `contract_expireDate`, `contract_salary`, `contract_number`, `contract_role`) VALUES (628, 'salzburg', 2025, 2028, 9.1, 2, 'sub');
INSERT INTO Player(`player_id`, `player_name`, `player_lastname`, `player_country_id`, `player_positions`, `player_rating`, `player_potential`, `player_birth_year`, `player_height`) VALUES (629, 'Antonin', 'Vaylinov', 'RUS', 'RB', 68, 0, 1997, 175);
INSERT INTO Contract(`contract_player_id`, `contract_club_id`, `contract_signDate`, `contract_expireDate`, `contract_salary`, `contract_number`, `contract_role`) VALUES (629, 'rostov', 2025, 2028, 8.7, 3, 'RB');
INSERT INTO Player(`player_id`, `player_name`, `player_lastname`, `player_country_id`, `player_positions`, `player_rating`, `player_potential`, `player_birth_year`, `player_height`) VALUES (630, 'Radwo', 'Diu', 'CIV', 'RB', 69, 0, 1997, 175);
INSERT INTO Contract(`contract_player_id`, `contract_club_id`, `contract_signDate`, `contract_expireDate`, `contract_salary`, `contract_number`, `contract_role`) VALUES (630, 'santaclara', 2025, 2027, 10.7, 8, 'sub');
INSERT INTO Player(`player_id`, `player_name`, `player_lastname`, `player_country_id`, `player_positions`, `player_rating`, `player_potential`, `player_birth_year`, `player_height`) VALUES (631, 'Jamafi', 'Olatunge', 'NGR', 'RB RM', 69, 0, 1997, 176);
INSERT INTO Contract(`contract_player_id`, `contract_club_id`, `contract_signDate`, `contract_expireDate`, `contract_salary`, `contract_number`, `contract_role`) VALUES (631, 'dynamomoscow', 2025, 2027, 10.8, 8, 'sub');
INSERT INTO Player(`player_id`, `player_name`, `player_lastname`, `player_country_id`, `player_positions`, `player_rating`, `player_potential`, `player_birth_year`, `player_height`) VALUES (632, 'Maricani', 'Tchaly', 'FRA', 'RW', 69, 83, 2006, 174);
INSERT INTO Contract(`contract_player_id`, `contract_club_id`, `contract_signDate`, `contract_expireDate`, `contract_salary`, `contract_number`, `contract_role`) VALUES (632, 'monaco', 2025, 2029, 1.0, 14, 'sub');
INSERT INTO Player(`player_id`, `player_name`, `player_lastname`, `player_country_id`, `player_positions`, `player_rating`, `player_potential`, `player_birth_year`, `player_height`) VALUES (633, 'Francke', 'Thiller', 'LUX', 'RW AM', 65, 71, 2005, 173);
INSERT INTO Contract(`contract_player_id`, `contract_club_id`, `contract_signDate`, `contract_expireDate`, `contract_salary`, `contract_number`, `contract_role`) VALUES (633, 'marseille', 2025, 2028, 1.0, 15, 'sub');
INSERT INTO Player(`player_id`, `player_name`, `player_lastname`, `player_country_id`, `player_positions`, `player_rating`, `player_potential`, `player_birth_year`, `player_height`) VALUES (634, 'Edvaer', 'Danielson', 'SWE', 'DM CB', 76, 80, 2000, 186);
INSERT INTO Contract(`contract_player_id`, `contract_club_id`, `contract_signDate`, `contract_expireDate`, `contract_salary`, `contract_number`, `contract_role`) VALUES (634, 'malmo', 2025, 2027, 13.0, 6, 'sub');
INSERT INTO Player(`player_id`, `player_name`, `player_lastname`, `player_country_id`, `player_positions`, `player_rating`, `player_potential`, `player_birth_year`, `player_height`) VALUES (635, 'Mouhmmad', 'Yabbe Hadder', 'FRA', 'AM SS', 73, 0, 1998, 173);
INSERT INTO Contract(`contract_player_id`, `contract_club_id`, `contract_signDate`, `contract_expireDate`, `contract_salary`, `contract_number`, `contract_role`) VALUES (635, 'montpellier', 2025, 2027, 15.1, 11, 'LAM');
INSERT INTO Player(`player_id`, `player_name`, `player_lastname`, `player_country_id`, `player_positions`, `player_rating`, `player_potential`, `player_birth_year`, `player_height`) VALUES (636, 'Enfahasim', 'Garishahri', 'TUN', 'AM', 68, 0, 1997, 176);
INSERT INTO Contract(`contract_player_id`, `contract_club_id`, `contract_signDate`, `contract_expireDate`, `contract_salary`, `contract_number`, `contract_role`) VALUES (636, 'strasbourg', 2025, 2027, 8.7, 24, 'sub');
INSERT INTO Player(`player_id`, `player_name`, `player_lastname`, `player_country_id`, `player_positions`, `player_rating`, `player_potential`, `player_birth_year`, `player_height`) VALUES (637, 'Ishfat', 'El-Hawris', 'EGY', 'CM DM', 68, 0, 1997, 176);
INSERT INTO Contract(`contract_player_id`, `contract_club_id`, `contract_signDate`, `contract_expireDate`, `contract_salary`, `contract_number`, `contract_role`) VALUES (637, 'marseille', 2025, 2027, 8.7, 26, 'sub');
INSERT INTO Player(`player_id`, `player_name`, `player_lastname`, `player_country_id`, `player_positions`, `player_rating`, `player_potential`, `player_birth_year`, `player_height`) VALUES (638, 'Faris', 'Raneris', 'FRA', 'AM CM', 67, 0, 1992, 178);
INSERT INTO Contract(`contract_player_id`, `contract_club_id`, `contract_signDate`, `contract_expireDate`, `contract_salary`, `contract_number`, `contract_role`) VALUES (638, 'toulouse', 2025, 2026, 6.8, 17, 'sub');
INSERT INTO Player(`player_id`, `player_name`, `player_lastname`, `player_country_id`, `player_positions`, `player_rating`, `player_potential`, `player_birth_year`, `player_height`) VALUES (639, 'Stevan', 'Matijevski', 'MKD', 'CB', 72, 0, 1992, 186);
INSERT INTO Contract(`contract_player_id`, `contract_club_id`, `contract_signDate`, `contract_expireDate`, `contract_salary`, `contract_number`, `contract_role`) VALUES (639, 'montpellier', 2025, 2027, 17.9, 6, 'RCB');
INSERT INTO Player(`player_id`, `player_name`, `player_lastname`, `player_country_id`, `player_positions`, `player_rating`, `player_potential`, `player_birth_year`, `player_height`) VALUES (640, 'Parlend', 'Lelland', 'FRA', 'CB', 68, 0, 1993, 182);
INSERT INTO Contract(`contract_player_id`, `contract_club_id`, `contract_signDate`, `contract_expireDate`, `contract_salary`, `contract_number`, `contract_role`) VALUES (640, 'marseille', 2025, 2026, 8.6, 32, 'sub');
INSERT INTO Player(`player_id`, `player_name`, `player_lastname`, `player_country_id`, `player_positions`, `player_rating`, `player_potential`, `player_birth_year`, `player_height`) VALUES (641, 'Denis', 'Bendzegin', 'RUS', 'CB', 68, 0, 1994, 192);
INSERT INTO Contract(`contract_player_id`, `contract_club_id`, `contract_signDate`, `contract_expireDate`, `contract_salary`, `contract_number`, `contract_role`) VALUES (641, 'rostov', 2025, 2028, 9.0, 8, 'sub');
INSERT INTO Player(`player_id`, `player_name`, `player_lastname`, `player_country_id`, `player_positions`, `player_rating`, `player_potential`, `player_birth_year`, `player_height`) VALUES (642, 'Damir', 'Glii', 'AUT', 'CB', 66, 0, 1988, 184);
INSERT INTO Contract(`contract_player_id`, `contract_club_id`, `contract_signDate`, `contract_expireDate`, `contract_salary`, `contract_number`, `contract_role`) VALUES (642, 'salzburg', 2025, 2026, 7.0, 29, 'sub');
INSERT INTO Player(`player_id`, `player_name`, `player_lastname`, `player_country_id`, `player_positions`, `player_rating`, `player_potential`, `player_birth_year`, `player_height`) VALUES (643, 'Algbel', 'Harssen', 'MOR', 'CB', 68, 0, 1997, 188);
INSERT INTO Contract(`contract_player_id`, `contract_club_id`, `contract_signDate`, `contract_expireDate`, `contract_salary`, `contract_number`, `contract_role`) VALUES (643, 'sochaux', 2025, 2026, 8.7, 18, 'LCB');
INSERT INTO Player(`player_id`, `player_name`, `player_lastname`, `player_country_id`, `player_positions`, `player_rating`, `player_potential`, `player_birth_year`, `player_height`) VALUES (644, 'Thomas', 'Seinchet', 'FRA', 'DM CM', 68, 0, 1995, 175);
INSERT INTO Contract(`contract_player_id`, `contract_club_id`, `contract_signDate`, `contract_expireDate`, `contract_salary`, `contract_number`, `contract_role`) VALUES (644, 'montpellier', 2025, 2027, 9.0, 31, 'sub');
INSERT INTO Player(`player_id`, `player_name`, `player_lastname`, `player_country_id`, `player_positions`, `player_rating`, `player_potential`, `player_birth_year`, `player_height`) VALUES (645, 'Gustav', 'Saignon', 'FRA', 'DM', 68, 79, 2005, 179);
INSERT INTO Contract(`contract_player_id`, `contract_club_id`, `contract_signDate`, `contract_expireDate`, `contract_salary`, `contract_number`, `contract_role`) VALUES (645, 'nice', 2025, 2028, 1.0, 24, 'sub');
INSERT INTO Player(`player_id`, `player_name`, `player_lastname`, `player_country_id`, `player_positions`, `player_rating`, `player_potential`, `player_birth_year`, `player_height`) VALUES (646, 'Stoyan', 'Markov', 'RUS', 'DM', 68, 0, 1995, 177);
INSERT INTO Contract(`contract_player_id`, `contract_club_id`, `contract_signDate`, `contract_expireDate`, `contract_salary`, `contract_number`, `contract_role`) VALUES (646, 'rostov', 2025, 2027, 8.7, 30, 'sub');
INSERT INTO Player(`player_id`, `player_name`, `player_lastname`, `player_country_id`, `player_positions`, `player_rating`, `player_potential`, `player_birth_year`, `player_height`) VALUES (647, 'Robin', 'Meauhre', 'FRA', 'DM', 67, 0, 1997, 178);
INSERT INTO Contract(`contract_player_id`, `contract_club_id`, `contract_signDate`, `contract_expireDate`, `contract_salary`, `contract_number`, `contract_role`) VALUES (647, 'toulouse', 2025, 2027, 7.0, 8, 'sub');
INSERT INTO Player(`player_id`, `player_name`, `player_lastname`, `player_country_id`, `player_positions`, `player_rating`, `player_potential`, `player_birth_year`, `player_height`) VALUES (648, 'Patrick', 'Ekongo', 'NGR', 'ST CF', 68, 75, 2003, 184);
INSERT INTO Contract(`contract_player_id`, `contract_club_id`, `contract_signDate`, `contract_expireDate`, `contract_salary`, `contract_number`, `contract_role`) VALUES (648, 'asse', 2025, 2026, 1.0, 35, 'sub');
INSERT INTO Player(`player_id`, `player_name`, `player_lastname`, `player_country_id`, `player_positions`, `player_rating`, `player_potential`, `player_birth_year`, `player_height`) VALUES (649, 'Damer', 'Onigli', 'TUR', 'SS ST', 68, 0, 1997, 178);
INSERT INTO Contract(`contract_player_id`, `contract_club_id`, `contract_signDate`, `contract_expireDate`, `contract_salary`, `contract_number`, `contract_role`) VALUES (649, 'galatasaray', 2025, 2028, 6.8, 39, 'sub');
INSERT INTO Player(`player_id`, `player_name`, `player_lastname`, `player_country_id`, `player_positions`, `player_rating`, `player_potential`, `player_birth_year`, `player_height`) VALUES (650, 'Idega', 'Sondonga', 'CMR', 'ST CF', 68, 0, 2000, 182);
INSERT INTO Contract(`contract_player_id`, `contract_club_id`, `contract_signDate`, `contract_expireDate`, `contract_salary`, `contract_number`, `contract_role`) VALUES (650, 'porto', 2025, 2027, 2.1, 50, 'sub');
INSERT INTO Player(`player_id`, `player_name`, `player_lastname`, `player_country_id`, `player_positions`, `player_rating`, `player_potential`, `player_birth_year`, `player_height`) VALUES (651, 'Lauras', 'Frauno', 'ECU', 'ST SS', 68, 0, 1993, 177);
INSERT INTO Contract(`contract_player_id`, `contract_club_id`, `contract_signDate`, `contract_expireDate`, `contract_salary`, `contract_number`, `contract_role`) VALUES (651, 'santaclara', 2025, 2027, 8.6, 4, 'sub');
INSERT INTO Player(`player_id`, `player_name`, `player_lastname`, `player_country_id`, `player_positions`, `player_rating`, `player_potential`, `player_birth_year`, `player_height`) VALUES (652, 'Joel', 'Diony', 'FRA', 'SS RW', 68, 0, 1997, 179);
INSERT INTO Contract(`contract_player_id`, `contract_club_id`, `contract_signDate`, `contract_expireDate`, `contract_salary`, `contract_number`, `contract_role`) VALUES (652, 'sochaux', 2025, 2027, 9.0, 4, 'RW');
INSERT INTO Player(`player_id`, `player_name`, `player_lastname`, `player_country_id`, `player_positions`, `player_rating`, `player_potential`, `player_birth_year`, `player_height`) VALUES (653, 'Ezbuen', 'Lemanchieu', 'FRA', 'CM', 67, 0, 1998, 177);
INSERT INTO Contract(`contract_player_id`, `contract_club_id`, `contract_signDate`, `contract_expireDate`, `contract_salary`, `contract_number`, `contract_role`) VALUES (653, 'asse', 2025, 2027, 7.0, 18, 'sub');
INSERT INTO Player(`player_id`, `player_name`, `player_lastname`, `player_country_id`, `player_positions`, `player_rating`, `player_potential`, `player_birth_year`, `player_height`) VALUES (654, 'Kenbaye', 'Soire', 'SEN', 'CM', 68, 69, 2004, 177);
INSERT INTO Contract(`contract_player_id`, `contract_club_id`, `contract_signDate`, `contract_expireDate`, `contract_salary`, `contract_number`, `contract_role`) VALUES (654, 'lille', 2025, 2026, 1.0, 31, 'sub');
INSERT INTO Player(`player_id`, `player_name`, `player_lastname`, `player_country_id`, `player_positions`, `player_rating`, `player_potential`, `player_birth_year`, `player_height`) VALUES (655, 'Paulo', 'Guillerme', 'POR', 'CM DM', 69, 72, 2001, 176);
INSERT INTO Contract(`contract_player_id`, `contract_club_id`, `contract_signDate`, `contract_expireDate`, `contract_salary`, `contract_number`, `contract_role`) VALUES (655, 'porto', 2025, 2026, 2.7, 3, 'sub');
INSERT INTO Player(`player_id`, `player_name`, `player_lastname`, `player_country_id`, `player_positions`, `player_rating`, `player_potential`, `player_birth_year`, `player_height`) VALUES (656, 'Kalin', 'Berdoso', 'POR', 'GK', 68, 0, 1989, 186);
INSERT INTO Contract(`contract_player_id`, `contract_club_id`, `contract_signDate`, `contract_expireDate`, `contract_salary`, `contract_number`, `contract_role`) VALUES (656, 'benfica', 2025, 2027, 8.6, 22, 'sub');
INSERT INTO Player(`player_id`, `player_name`, `player_lastname`, `player_country_id`, `player_positions`, `player_rating`, `player_potential`, `player_birth_year`, `player_height`) VALUES (657, 'Nicolas', 'Delphous', 'FRA', 'GK', 67, 0, 1997, 184);
INSERT INTO Contract(`contract_player_id`, `contract_club_id`, `contract_signDate`, `contract_expireDate`, `contract_salary`, `contract_number`, `contract_role`) VALUES (657, 'nice', 2025, 2027, 7.9, 29, 'sub');
INSERT INTO Player(`player_id`, `player_name`, `player_lastname`, `player_country_id`, `player_positions`, `player_rating`, `player_potential`, `player_birth_year`, `player_height`) VALUES (658, 'Dmitri', 'Kolenski', 'RUS', 'LB', 68, 0, 1999, 178);
INSERT INTO Contract(`contract_player_id`, `contract_club_id`, `contract_signDate`, `contract_expireDate`, `contract_salary`, `contract_number`, `contract_role`) VALUES (658, 'krasnodar', 2025, 2027, 4.2, 16, 'LB');
INSERT INTO Player(`player_id`, `player_name`, `player_lastname`, `player_country_id`, `player_positions`, `player_rating`, `player_potential`, `player_birth_year`, `player_height`) VALUES (659, 'Ruan', 'Fellante', 'FRA', 'LB', 68, 0, 1998, 176);
INSERT INTO Contract(`contract_player_id`, `contract_club_id`, `contract_signDate`, `contract_expireDate`, `contract_salary`, `contract_number`, `contract_role`) VALUES (659, 'lyon', 2025, 2026, 8.6, 26, 'sub');
INSERT INTO Player(`player_id`, `player_name`, `player_lastname`, `player_country_id`, `player_positions`, `player_rating`, `player_potential`, `player_birth_year`, `player_height`) VALUES (660, 'Vladiy', 'Tsurenko', 'UKR', 'LW', 66, 68, 2003, 176);
INSERT INTO Contract(`contract_player_id`, `contract_club_id`, `contract_signDate`, `contract_expireDate`, `contract_salary`, `contract_number`, `contract_role`) VALUES (660, 'rostov', 2025, 2026, 1.0, 18, 'sub');
INSERT INTO Player(`player_id`, `player_name`, `player_lastname`, `player_country_id`, `player_positions`, `player_rating`, `player_potential`, `player_birth_year`, `player_height`) VALUES (661, 'Diye', 'Okalo', 'KEN', 'LW', 66, 69, 2006, 175);
INSERT INTO Contract(`contract_player_id`, `contract_club_id`, `contract_signDate`, `contract_expireDate`, `contract_salary`, `contract_number`, `contract_role`) VALUES (661, 'toulouse', 2025, 2028, 1.0, 5, 'LW');
INSERT INTO Player(`player_id`, `player_name`, `player_lastname`, `player_country_id`, `player_positions`, `player_rating`, `player_potential`, `player_birth_year`, `player_height`) VALUES (662, 'Gianluca', 'Sciali', 'ITA', 'LW AM', 68, 0, 1997, 174);
INSERT INTO Contract(`contract_player_id`, `contract_club_id`, `contract_signDate`, `contract_expireDate`, `contract_salary`, `contract_number`, `contract_role`) VALUES (662, 'marseille', 2025, 2026, 8.8, 29, 'sub');
INSERT INTO Player(`player_id`, `player_name`, `player_lastname`, `player_country_id`, `player_positions`, `player_rating`, `player_potential`, `player_birth_year`, `player_height`) VALUES (663, 'Iago', 'Parz', 'ESP', 'LW', 75, 0, 2001, 177);
INSERT INTO Contract(`contract_player_id`, `contract_club_id`, `contract_signDate`, `contract_expireDate`, `contract_salary`, `contract_number`, `contract_role`) VALUES (663, 'braga', 2025, 2026, 7.0, 6, 'LW');
INSERT INTO Player(`player_id`, `player_name`, `player_lastname`, `player_country_id`, `player_positions`, `player_rating`, `player_potential`, `player_birth_year`, `player_height`) VALUES (664, 'Alim', 'Harim Alit', 'MOR', 'RB', 67, 0, 1990, 175);
INSERT INTO Contract(`contract_player_id`, `contract_club_id`, `contract_signDate`, `contract_expireDate`, `contract_salary`, `contract_number`, `contract_role`) VALUES (664, 'nice', 2025, 2026, 8.6, 18, 'sub');
INSERT INTO Player(`player_id`, `player_name`, `player_lastname`, `player_country_id`, `player_positions`, `player_rating`, `player_potential`, `player_birth_year`, `player_height`) VALUES (665, 'Adam', 'Okaldu', 'FRA', 'RB CB', 68, 0, 1997, 182);
INSERT INTO Contract(`contract_player_id`, `contract_club_id`, `contract_signDate`, `contract_expireDate`, `contract_salary`, `contract_number`, `contract_role`) VALUES (665, 'lille', 2025, 2029, 8.6, 27, 'sub');
INSERT INTO Player(`player_id`, `player_name`, `player_lastname`, `player_country_id`, `player_positions`, `player_rating`, `player_potential`, `player_birth_year`, `player_height`) VALUES (666, 'Jalbert', 'Rion', 'FRA', 'RW', 68, 0, 1996, 175);
INSERT INTO Contract(`contract_player_id`, `contract_club_id`, `contract_signDate`, `contract_expireDate`, `contract_salary`, `contract_number`, `contract_role`) VALUES (666, 'bordeaux', 2025, 2028, 8.6, 46, 'sub');
INSERT INTO Player(`player_id`, `player_name`, `player_lastname`, `player_country_id`, `player_positions`, `player_rating`, `player_potential`, `player_birth_year`, `player_height`) VALUES (667, 'Danny', 'Pierri', 'FRA', 'RW RM', 68, 0, 1999, 175);
INSERT INTO Contract(`contract_player_id`, `contract_club_id`, `contract_signDate`, `contract_expireDate`, `contract_salary`, `contract_number`, `contract_role`) VALUES (667, 'monaco', 2025, 2026, 6.6, 26, 'sub');
INSERT INTO Player(`player_id`, `player_name`, `player_lastname`, `player_country_id`, `player_positions`, `player_rating`, `player_potential`, `player_birth_year`, `player_height`) VALUES (668, 'Guilherme', 'Romaro', 'BRA', 'CB', 77, 84, 2002, 186);
INSERT INTO Contract(`contract_player_id`, `contract_club_id`, `contract_signDate`, `contract_expireDate`, `contract_salary`, `contract_number`, `contract_role`) VALUES (668, 'palmeiras', 2025, 2028, 24.3, 6, 'sub');
INSERT INTO Player(`player_id`, `player_name`, `player_lastname`, `player_country_id`, `player_positions`, `player_rating`, `player_potential`, `player_birth_year`, `player_height`) VALUES (669, 'Alvaro', 'Poanto', 'POR', 'DM', 71, 74, 2000, 178);
INSERT INTO Contract(`contract_player_id`, `contract_club_id`, `contract_signDate`, `contract_expireDate`, `contract_salary`, `contract_number`, `contract_role`) VALUES (669, 'porto', 2025, 2027, 6.7, 25, 'sub');
INSERT INTO Player(`player_id`, `player_name`, `player_lastname`, `player_country_id`, `player_positions`, `player_rating`, `player_potential`, `player_birth_year`, `player_height`) VALUES (670, 'Bjoern', 'Solge', 'DEN', 'LW LM', 72, 77, 2005, 174);
INSERT INTO Contract(`contract_player_id`, `contract_club_id`, `contract_signDate`, `contract_expireDate`, `contract_salary`, `contract_number`, `contract_role`) VALUES (670, 'midtjylland', 2025, 2028, 1.0, 4, 'sub');
INSERT INTO Player(`player_id`, `player_name`, `player_lastname`, `player_country_id`, `player_positions`, `player_rating`, `player_potential`, `player_birth_year`, `player_height`) VALUES (671, 'Lukas', 'Labond', 'FRA', 'RB', 71, 0, 1995, 175);
INSERT INTO Contract(`contract_player_id`, `contract_club_id`, `contract_signDate`, `contract_expireDate`, `contract_salary`, `contract_number`, `contract_role`) VALUES (671, 'montpellier', 2025, 2026, 16.2, 28, 'sub');
INSERT INTO Player(`player_id`, `player_name`, `player_lastname`, `player_country_id`, `player_positions`, `player_rating`, `player_potential`, `player_birth_year`, `player_height`) VALUES (672, 'Nevel', 'Courmalaes', 'POR', 'CB', 67, 0, 1987, 184);
INSERT INTO Contract(`contract_player_id`, `contract_club_id`, `contract_signDate`, `contract_expireDate`, `contract_salary`, `contract_number`, `contract_role`) VALUES (672, 'porto', 2025, 2027, 7.0, 37, 'sub');
INSERT INTO Player(`player_id`, `player_name`, `player_lastname`, `player_country_id`, `player_positions`, `player_rating`, `player_potential`, `player_birth_year`, `player_height`) VALUES (673, 'Jonathan', 'Doufi', 'FRA', 'CB', 67, 0, 1991, 180);
INSERT INTO Contract(`contract_player_id`, `contract_club_id`, `contract_signDate`, `contract_expireDate`, `contract_salary`, `contract_number`, `contract_role`) VALUES (673, 'strasbourg', 2025, 2027, 6.8, 26, 'sub');
INSERT INTO Player(`player_id`, `player_name`, `player_lastname`, `player_country_id`, `player_positions`, `player_rating`, `player_potential`, `player_birth_year`, `player_height`) VALUES (674, 'Benoit', 'Harricks', 'FRA', 'CB', 67, 0, 1987, 184);
INSERT INTO Contract(`contract_player_id`, `contract_club_id`, `contract_signDate`, `contract_expireDate`, `contract_salary`, `contract_number`, `contract_role`) VALUES (674, 'toulouse', 2025, 2026, 7.0, 22, 'LCB');
INSERT INTO Player(`player_id`, `player_name`, `player_lastname`, `player_country_id`, `player_positions`, `player_rating`, `player_potential`, `player_birth_year`, `player_height`) VALUES (675, 'Ismail', 'Idrissi', 'SEN', 'CM', 77, 81, 2003, 182);
INSERT INTO Contract(`contract_player_id`, `contract_club_id`, `contract_signDate`, `contract_expireDate`, `contract_salary`, `contract_number`, `contract_role`) VALUES (675, 'crystalpalace', 2025, 2028, 28.0, 11, 'sub');
INSERT INTO Player(`player_id`, `player_name`, `player_lastname`, `player_country_id`, `player_positions`, `player_rating`, `player_potential`, `player_birth_year`, `player_height`) VALUES (676, 'Daniel', 'Leprome', 'FRA', 'DM', 67, 0, 1998, 177);
INSERT INTO Contract(`contract_player_id`, `contract_club_id`, `contract_signDate`, `contract_expireDate`, `contract_salary`, `contract_number`, `contract_role`) VALUES (676, 'lyon', 2025, 2028, 6.8, 27, 'sub');
INSERT INTO Player(`player_id`, `player_name`, `player_lastname`, `player_country_id`, `player_positions`, `player_rating`, `player_potential`, `player_birth_year`, `player_height`) VALUES (677, 'Nikola', 'Dimitrijevi', 'SRB', 'CM AM', 67, 78, 2005, 179);
INSERT INTO Contract(`contract_player_id`, `contract_club_id`, `contract_signDate`, `contract_expireDate`, `contract_salary`, `contract_number`, `contract_role`) VALUES (677, 'lazio', 2025, 2028, 2.0, 12, 'sub');
INSERT INTO Player(`player_id`, `player_name`, `player_lastname`, `player_country_id`, `player_positions`, `player_rating`, `player_potential`, `player_birth_year`, `player_height`) VALUES (678, 'Tillian', 'Lali', 'FRA', 'CM', 69, 80, 2005, 178);
INSERT INTO Contract(`contract_player_id`, `contract_club_id`, `contract_signDate`, `contract_expireDate`, `contract_salary`, `contract_number`, `contract_role`) VALUES (678, 'monaco', 2025, 2028, 1.0, 31, 'sub');
INSERT INTO Player(`player_id`, `player_name`, `player_lastname`, `player_country_id`, `player_positions`, `player_rating`, `player_potential`, `player_birth_year`, `player_height`) VALUES (679, 'Kevin', 'Soyer', 'FRA', 'CM AM', 67, 0, 1999, 178);
INSERT INTO Contract(`contract_player_id`, `contract_club_id`, `contract_signDate`, `contract_expireDate`, `contract_salary`, `contract_number`, `contract_role`) VALUES (679, 'montpellier', 2025, 2026, 3.3, 32, 'sub');
INSERT INTO Player(`player_id`, `player_name`, `player_lastname`, `player_country_id`, `player_positions`, `player_rating`, `player_potential`, `player_birth_year`, `player_height`) VALUES (680, 'Stefan', 'Sharonov', 'RUS', 'CM AM', 67, 68, 2000, 177);
INSERT INTO Contract(`contract_player_id`, `contract_club_id`, `contract_signDate`, `contract_expireDate`, `contract_salary`, `contract_number`, `contract_role`) VALUES (680, 'rostov', 2025, 2027, 3.0, 21, 'sub');
INSERT INTO Player(`player_id`, `player_name`, `player_lastname`, `player_country_id`, `player_positions`, `player_rating`, `player_potential`, `player_birth_year`, `player_height`) VALUES (681, 'Dominga', 'Edouar', 'SEN', 'GK', 67, 72, 2000, 197);
INSERT INTO Contract(`contract_player_id`, `contract_club_id`, `contract_signDate`, `contract_expireDate`, `contract_salary`, `contract_number`, `contract_role`) VALUES (681, 'strasbourg', 2025, 2027, 3.0, 21, 'sub');
INSERT INTO Player(`player_id`, `player_name`, `player_lastname`, `player_country_id`, `player_positions`, `player_rating`, `player_potential`, `player_birth_year`, `player_height`) VALUES (682, 'Alfaad', 'Al-Taraq', 'EGY', 'LB', 65, 0, 1995, 173);
INSERT INTO Contract(`contract_player_id`, `contract_club_id`, `contract_signDate`, `contract_expireDate`, `contract_salary`, `contract_number`, `contract_role`) VALUES (682, 'bordeaux', 2025, 2027, 6.0, 45, 'sub');
INSERT INTO Player(`player_id`, `player_name`, `player_lastname`, `player_country_id`, `player_positions`, `player_rating`, `player_potential`, `player_birth_year`, `player_height`) VALUES (683, 'Marcus', 'Ndetilien', 'FRA', 'LB', 67, 78, 2004, 177);
INSERT INTO Contract(`contract_player_id`, `contract_club_id`, `contract_signDate`, `contract_expireDate`, `contract_salary`, `contract_number`, `contract_role`) VALUES (683, 'montpellier', 2025, 2027, 2.3, 23, 'sub');
INSERT INTO Player(`player_id`, `player_name`, `player_lastname`, `player_country_id`, `player_positions`, `player_rating`, `player_potential`, `player_birth_year`, `player_height`) VALUES (684, 'Adam', 'Couressout', 'FRA', 'LB LM', 72, 76, 2001, 173);
INSERT INTO Contract(`contract_player_id`, `contract_club_id`, `contract_signDate`, `contract_expireDate`, `contract_salary`, `contract_number`, `contract_role`) VALUES (684, 'strasbourg', 2025, 2027, 11.0, 28, 'sub');
INSERT INTO Player(`player_id`, `player_name`, `player_lastname`, `player_country_id`, `player_positions`, `player_rating`, `player_potential`, `player_birth_year`, `player_height`) VALUES (685, 'Ebi', 'Adeyaye', 'MLI', 'LW ST', 67, 76, 2005, 182);
INSERT INTO Contract(`contract_player_id`, `contract_club_id`, `contract_signDate`, `contract_expireDate`, `contract_salary`, `contract_number`, `contract_role`) VALUES (685, 'sochaux', 2025, 2028, 2.3, 7, 'LW');
INSERT INTO Player(`player_id`, `player_name`, `player_lastname`, `player_country_id`, `player_positions`, `player_rating`, `player_potential`, `player_birth_year`, `player_height`) VALUES (686, 'Rodrigo', 'Gleapense', 'POR', 'RB', 67, 68, 2002, 174);
INSERT INTO Contract(`contract_player_id`, `contract_club_id`, `contract_signDate`, `contract_expireDate`, `contract_salary`, `contract_number`, `contract_role`) VALUES (686, 'benfica', 2025, 2027, 5.3, 6, 'sub');
INSERT INTO Player(`player_id`, `player_name`, `player_lastname`, `player_country_id`, `player_positions`, `player_rating`, `player_potential`, `player_birth_year`, `player_height`) VALUES (687, 'Lorian', 'Vernier', 'FRA', 'RB', 69, 75, 2002, 173);
INSERT INTO Contract(`contract_player_id`, `contract_club_id`, `contract_signDate`, `contract_expireDate`, `contract_salary`, `contract_number`, `contract_role`) VALUES (687, 'lyon', 2025, 2028, 8.0, 17, 'sub');
INSERT INTO Player(`player_id`, `player_name`, `player_lastname`, `player_country_id`, `player_positions`, `player_rating`, `player_potential`, `player_birth_year`, `player_height`) VALUES (688, 'Franck', 'Carlson', 'FRA', 'RB', 67, 0, 1992, 173);
INSERT INTO Contract(`contract_player_id`, `contract_club_id`, `contract_signDate`, `contract_expireDate`, `contract_salary`, `contract_number`, `contract_role`) VALUES (688, 'psg', 2025, 2027, 6.8, 26, 'sub');
INSERT INTO Player(`player_id`, `player_name`, `player_lastname`, `player_country_id`, `player_positions`, `player_rating`, `player_potential`, `player_birth_year`, `player_height`) VALUES (689, 'Lucas', 'Beghereides', 'FRA', 'RB CB', 69, 0, 1993, 179);
INSERT INTO Contract(`contract_player_id`, `contract_club_id`, `contract_signDate`, `contract_expireDate`, `contract_salary`, `contract_number`, `contract_role`) VALUES (689, 'sochaux', 2025, 2027, 12.0, 8, 'RB');
INSERT INTO Player(`player_id`, `player_name`, `player_lastname`, `player_country_id`, `player_positions`, `player_rating`, `player_potential`, `player_birth_year`, `player_height`) VALUES (690, 'Feris', 'Niakis', 'GRE', 'RW', 67, 77, 2004, 175);
INSERT INTO Contract(`contract_player_id`, `contract_club_id`, `contract_signDate`, `contract_expireDate`, `contract_salary`, `contract_number`, `contract_role`) VALUES (690, 'salzburg', 2025, 2028, 7.0, 26, 'sub');
INSERT INTO Player(`player_id`, `player_name`, `player_lastname`, `player_country_id`, `player_positions`, `player_rating`, `player_potential`, `player_birth_year`, `player_height`) VALUES (691, 'Kaisa', 'Ibuzuno', 'JPN', 'LW LM AM', 71, 72, 2002, 174);
INSERT INTO Contract(`contract_player_id`, `contract_club_id`, `contract_signDate`, `contract_expireDate`, `contract_salary`, `contract_number`, `contract_role`) VALUES (691, 'lille', 2025, 2028, 7.0, 19, 'sub');
INSERT INTO Player(`player_id`, `player_name`, `player_lastname`, `player_country_id`, `player_positions`, `player_rating`, `player_potential`, `player_birth_year`, `player_height`) VALUES (692, 'Jesus', 'Nailan', 'FRA', 'AM RW', 66, 75, 2006, 176);
INSERT INTO Contract(`contract_player_id`, `contract_club_id`, `contract_signDate`, `contract_expireDate`, `contract_salary`, `contract_number`, `contract_role`) VALUES (692, 'psg', 2025, 2029, 1.5, 5, 'sub');
INSERT INTO Player(`player_id`, `player_name`, `player_lastname`, `player_country_id`, `player_positions`, `player_rating`, `player_potential`, `player_birth_year`, `player_height`) VALUES (693, 'Kevin', 'Mernoe', 'FRA', 'CB', 66, 0, 1989, 179);
INSERT INTO Contract(`contract_player_id`, `contract_club_id`, `contract_signDate`, `contract_expireDate`, `contract_salary`, `contract_number`, `contract_role`) VALUES (693, 'marseille', 2025, 2027, 8.6, 25, 'sub');
INSERT INTO Player(`player_id`, `player_name`, `player_lastname`, `player_country_id`, `player_positions`, `player_rating`, `player_potential`, `player_birth_year`, `player_height`) VALUES (694, 'Stefan', 'elar', 'CRO', 'CM RM', 66, 76, 2005, 176);
INSERT INTO Contract(`contract_player_id`, `contract_club_id`, `contract_signDate`, `contract_expireDate`, `contract_salary`, `contract_number`, `contract_role`) VALUES (694, 'salzburg', 2025, 2028, 1.0, 23, 'sub');
INSERT INTO Player(`player_id`, `player_name`, `player_lastname`, `player_country_id`, `player_positions`, `player_rating`, `player_potential`, `player_birth_year`, `player_height`) VALUES (695, 'Aaroin', 'Barrere', 'FRA', 'GK', 66, 0, 1986, 186);
INSERT INTO Contract(`contract_player_id`, `contract_club_id`, `contract_signDate`, `contract_expireDate`, `contract_salary`, `contract_number`, `contract_role`) VALUES (695, 'asse', 2025, 2026, 5.0, 32, 'sub');
INSERT INTO Player(`player_id`, `player_name`, `player_lastname`, `player_country_id`, `player_positions`, `player_rating`, `player_potential`, `player_birth_year`, `player_height`) VALUES (696, 'Jackson', 'Aye', 'NGR', 'GK', 66, 68, 2000, 189);
INSERT INTO Contract(`contract_player_id`, `contract_club_id`, `contract_signDate`, `contract_expireDate`, `contract_salary`, `contract_number`, `contract_role`) VALUES (696, 'lille', 2025, 2028, 1.0, 1, 'sub');
INSERT INTO Player(`player_id`, `player_name`, `player_lastname`, `player_country_id`, `player_positions`, `player_rating`, `player_potential`, `player_birth_year`, `player_height`) VALUES (697, 'Sebastiene', 'Bouteille', 'FRA', 'GK', 75, 0, 1989, 186);
INSERT INTO Contract(`contract_player_id`, `contract_club_id`, `contract_signDate`, `contract_expireDate`, `contract_salary`, `contract_number`, `contract_role`) VALUES (697, 'lyon', 2025, 2026, 28.3, 40, 'sub');
INSERT INTO Player(`player_id`, `player_name`, `player_lastname`, `player_country_id`, `player_positions`, `player_rating`, `player_potential`, `player_birth_year`, `player_height`) VALUES (698, 'Dess', 'Tior', 'CIV', 'LW LM', 68, 82, 2006, 176);
INSERT INTO Contract(`contract_player_id`, `contract_club_id`, `contract_signDate`, `contract_expireDate`, `contract_salary`, `contract_number`, `contract_role`) VALUES (698, 'strasbourg', 2025, 2029, 1.1, 30, 'sub');
INSERT INTO Player(`player_id`, `player_name`, `player_lastname`, `player_country_id`, `player_positions`, `player_rating`, `player_potential`, `player_birth_year`, `player_height`) VALUES (699, 'Steven', 'Kalou', 'CMR', 'ST CF', 66, 79, 2006, 188);
INSERT INTO Contract(`contract_player_id`, `contract_club_id`, `contract_signDate`, `contract_expireDate`, `contract_salary`, `contract_number`, `contract_role`) VALUES (699, 'lyon', 2025, 2029, 1.0, 18, 'sub');
INSERT INTO Player(`player_id`, `player_name`, `player_lastname`, `player_country_id`, `player_positions`, `player_rating`, `player_potential`, `player_birth_year`, `player_height`) VALUES (700, 'Gael', 'Patricks', 'FRA', 'AM SS ST', 63, 64, 2001, 179);
INSERT INTO Contract(`contract_player_id`, `contract_club_id`, `contract_signDate`, `contract_expireDate`, `contract_salary`, `contract_number`, `contract_role`) VALUES (700, 'strasbourg', 2025, 2028, 2.4, 29, 'sub');
INSERT INTO Player(`player_id`, `player_name`, `player_lastname`, `player_country_id`, `player_positions`, `player_rating`, `player_potential`, `player_birth_year`, `player_height`) VALUES (701, 'Jonas', 'Huff Hvaide', 'NOR', 'CB', 69, 0, 1988, 179);
INSERT INTO Contract(`contract_player_id`, `contract_club_id`, `contract_signDate`, `contract_expireDate`, `contract_salary`, `contract_number`, `contract_role`) VALUES (701, 'rosenborg', 2025, 2027, 10.6, 2, 'sub');
INSERT INTO Player(`player_id`, `player_name`, `player_lastname`, `player_country_id`, `player_positions`, `player_rating`, `player_potential`, `player_birth_year`, `player_height`) VALUES (702, 'Vancant', 'Camaru', 'FRA', 'ST SS CF', 65, 75, 2005, 180);
INSERT INTO Contract(`contract_player_id`, `contract_club_id`, `contract_signDate`, `contract_expireDate`, `contract_salary`, `contract_number`, `contract_role`) VALUES (702, 'bordeaux', 2025, 2028, 1.0, 28, 'sub');
INSERT INTO Player(`player_id`, `player_name`, `player_lastname`, `player_country_id`, `player_positions`, `player_rating`, `player_potential`, `player_birth_year`, `player_height`) VALUES (703, 'Nicolo', 'Kane', 'CIV', 'ST CF SS', 65, 70, 2001, 179);
INSERT INTO Contract(`contract_player_id`, `contract_club_id`, `contract_signDate`, `contract_expireDate`, `contract_salary`, `contract_number`, `contract_role`) VALUES (703, 'marseille', 2025, 2029, 3.0, 27, 'sub');
INSERT INTO Player(`player_id`, `player_name`, `player_lastname`, `player_country_id`, `player_positions`, `player_rating`, `player_potential`, `player_birth_year`, `player_height`) VALUES (704, 'Antonio', 'Kempe', 'MLI', 'ST CF RW', 65, 73, 2006, 177);
INSERT INTO Contract(`contract_player_id`, `contract_club_id`, `contract_signDate`, `contract_expireDate`, `contract_salary`, `contract_number`, `contract_role`) VALUES (704, 'lille', 2025, 2029, 1.0, 29, 'sub');
INSERT INTO Player(`player_id`, `player_name`, `player_lastname`, `player_country_id`, `player_positions`, `player_rating`, `player_potential`, `player_birth_year`, `player_height`) VALUES (705, 'Kamoi', 'Tamwa', 'ZAM', 'SS RW RM', 65, 72, 2005, 174);
INSERT INTO Contract(`contract_player_id`, `contract_club_id`, `contract_signDate`, `contract_expireDate`, `contract_salary`, `contract_number`, `contract_role`) VALUES (705, 'strasbourg', 2025, 2028, 1.0, 45, 'sub');
INSERT INTO Player(`player_id`, `player_name`, `player_lastname`, `player_country_id`, `player_positions`, `player_rating`, `player_potential`, `player_birth_year`, `player_height`) VALUES (706, 'Mario', 'Delout', 'FRA', 'CM DM', 65, 0, 1998, 178);
INSERT INTO Contract(`contract_player_id`, `contract_club_id`, `contract_signDate`, `contract_expireDate`, `contract_salary`, `contract_number`, `contract_role`) VALUES (706, 'marseille', 2025, 2026, 4.0, 18, 'sub');
INSERT INTO Player(`player_id`, `player_name`, `player_lastname`, `player_country_id`, `player_positions`, `player_rating`, `player_potential`, `player_birth_year`, `player_height`) VALUES (707, 'Amadour', 'Mehm', 'FRA', 'DM', 66, 74, 2005, 186);
INSERT INTO Contract(`contract_player_id`, `contract_club_id`, `contract_signDate`, `contract_expireDate`, `contract_salary`, `contract_number`, `contract_role`) VALUES (707, 'psg', 2025, 2028, 4.0, 45, 'sub');
INSERT INTO Player(`player_id`, `player_name`, `player_lastname`, `player_country_id`, `player_positions`, `player_rating`, `player_potential`, `player_birth_year`, `player_height`) VALUES (708, 'Emanuel', 'Sanguaes', 'POR', 'CM DM', 65, 68, 2004, 177);
INSERT INTO Contract(`contract_player_id`, `contract_club_id`, `contract_signDate`, `contract_expireDate`, `contract_salary`, `contract_number`, `contract_role`) VALUES (708, 'porto', 2025, 2027, 1.0, 33, 'sub');
INSERT INTO Player(`player_id`, `player_name`, `player_lastname`, `player_country_id`, `player_positions`, `player_rating`, `player_potential`, `player_birth_year`, `player_height`) VALUES (709, 'Danillo', 'Nimme', 'FRA', 'CM RM', 65, 67, 2003, 176);
INSERT INTO Contract(`contract_player_id`, `contract_club_id`, `contract_signDate`, `contract_expireDate`, `contract_salary`, `contract_number`, `contract_role`) VALUES (709, 'monaco', 2025, 2026, 1.0, 24, 'sub');
INSERT INTO Player(`player_id`, `player_name`, `player_lastname`, `player_country_id`, `player_positions`, `player_rating`, `player_potential`, `player_birth_year`, `player_height`) VALUES (710, 'Francisco', 'Delin', 'MON', 'GK', 65, 0, 1990, 195);
INSERT INTO Contract(`contract_player_id`, `contract_club_id`, `contract_signDate`, `contract_expireDate`, `contract_salary`, `contract_number`, `contract_role`) VALUES (710, 'monaco', 2025, 2026, 4.1, 29, 'sub');
INSERT INTO Player(`player_id`, `player_name`, `player_lastname`, `player_country_id`, `player_positions`, `player_rating`, `player_potential`, `player_birth_year`, `player_height`) VALUES (711, 'Nicolas', 'Mass', 'FRA', 'LM LW', 65, 68, 2003, 175);
INSERT INTO Contract(`contract_player_id`, `contract_club_id`, `contract_signDate`, `contract_expireDate`, `contract_salary`, `contract_number`, `contract_role`) VALUES (711, 'lyon', 2025, 2028, 3.7, 54, 'sub');
INSERT INTO Player(`player_id`, `player_name`, `player_lastname`, `player_country_id`, `player_positions`, `player_rating`, `player_potential`, `player_birth_year`, `player_height`) VALUES (712, 'Nenad', 'Gali', 'SRB', 'CB', 64, 0, 1987, 186);
INSERT INTO Contract(`contract_player_id`, `contract_club_id`, `contract_signDate`, `contract_expireDate`, `contract_salary`, `contract_number`, `contract_role`) VALUES (712, 'lille', 2025, 2026, 3.0, 34, 'sub');
INSERT INTO Player(`player_id`, `player_name`, `player_lastname`, `player_country_id`, `player_positions`, `player_rating`, `player_potential`, `player_birth_year`, `player_height`) VALUES (713, 'Sebastien', 'Cortilles', 'BRA', 'CB', 64, 73, 2006, 185);
INSERT INTO Contract(`contract_player_id`, `contract_club_id`, `contract_signDate`, `contract_expireDate`, `contract_salary`, `contract_number`, `contract_role`) VALUES (713, 'monaco', 2025, 2029, 1.0, 34, 'sub');
INSERT INTO Player(`player_id`, `player_name`, `player_lastname`, `player_country_id`, `player_positions`, `player_rating`, `player_potential`, `player_birth_year`, `player_height`) VALUES (714, 'Labit', 'Djemdet', 'ALB', 'CB', 66, 73, 2003, 182);
INSERT INTO Contract(`contract_player_id`, `contract_club_id`, `contract_signDate`, `contract_expireDate`, `contract_salary`, `contract_number`, `contract_role`) VALUES (714, 'montpellier', 2025, 2026, 3.9, 22, 'sub');
INSERT INTO Player(`player_id`, `player_name`, `player_lastname`, `player_country_id`, `player_positions`, `player_rating`, `player_potential`, `player_birth_year`, `player_height`) VALUES (715, 'Emadanuel', 'Hagabi', 'NGR', 'CB', 64, 67, 2001, 194);
INSERT INTO Contract(`contract_player_id`, `contract_club_id`, `contract_signDate`, `contract_expireDate`, `contract_salary`, `contract_number`, `contract_role`) VALUES (715, 'nice', 2025, 2028, 1.2, 32, 'sub');
INSERT INTO Player(`player_id`, `player_name`, `player_lastname`, `player_country_id`, `player_positions`, `player_rating`, `player_potential`, `player_birth_year`, `player_height`) VALUES (716, 'Hernan', 'Harris', 'FRA', 'DM', 64, 69, 2005, 178);
INSERT INTO Contract(`contract_player_id`, `contract_club_id`, `contract_signDate`, `contract_expireDate`, `contract_salary`, `contract_number`, `contract_role`) VALUES (716, 'lyon', 2025, 2028, 1.0, 30, 'sub');
INSERT INTO Player(`player_id`, `player_name`, `player_lastname`, `player_country_id`, `player_positions`, `player_rating`, `player_potential`, `player_birth_year`, `player_height`) VALUES (717, 'Deidam', 'Marquisio', 'BRA', 'GK', 64, 68, 2003, 184);
INSERT INTO Contract(`contract_player_id`, `contract_club_id`, `contract_signDate`, `contract_expireDate`, `contract_salary`, `contract_number`, `contract_role`) VALUES (717, 'bordeaux', 2025, 2029, 2.3, 40, 'sub');
INSERT INTO Player(`player_id`, `player_name`, `player_lastname`, `player_country_id`, `player_positions`, `player_rating`, `player_potential`, `player_birth_year`, `player_height`) VALUES (718, 'Stanimir', 'Damovi', 'SUI', 'GK', 64, 79, 2006, 197);
INSERT INTO Contract(`contract_player_id`, `contract_club_id`, `contract_signDate`, `contract_expireDate`, `contract_salary`, `contract_number`, `contract_role`) VALUES (718, 'monaco', 2025, 2029, 1.0, 40, 'sub');
INSERT INTO Player(`player_id`, `player_name`, `player_lastname`, `player_country_id`, `player_positions`, `player_rating`, `player_potential`, `player_birth_year`, `player_height`) VALUES (719, 'Kaiwo', 'Ajukwunu', 'FRA', 'AM SS', 65, 70, 2003, 179);
INSERT INTO Contract(`contract_player_id`, `contract_club_id`, `contract_signDate`, `contract_expireDate`, `contract_salary`, `contract_number`, `contract_role`) VALUES (719, 'nice', 2025, 2027, 1.0, 21, 'sub');
INSERT INTO Player(`player_id`, `player_name`, `player_lastname`, `player_country_id`, `player_positions`, `player_rating`, `player_potential`, `player_birth_year`, `player_height`) VALUES (720, 'Tairo', 'Velos', 'POR', 'CM', 63, 77, 2005, 178);
INSERT INTO Contract(`contract_player_id`, `contract_club_id`, `contract_signDate`, `contract_expireDate`, `contract_salary`, `contract_number`, `contract_role`) VALUES (720, 'porto', 2025, 2028, 1.0, 55, 'sub');
INSERT INTO Player(`player_id`, `player_name`, `player_lastname`, `player_country_id`, `player_positions`, `player_rating`, `player_potential`, `player_birth_year`, `player_height`) VALUES (721, 'Florentan', 'Jacquet', 'FRA', 'CM RM', 63, 73, 2007, 176);
INSERT INTO Contract(`contract_player_id`, `contract_club_id`, `contract_signDate`, `contract_expireDate`, `contract_salary`, `contract_number`, `contract_role`) VALUES (721, 'strasbourg', 2025, 2029, 1.0, 12, 'sub');
INSERT INTO Player(`player_id`, `player_name`, `player_lastname`, `player_country_id`, `player_positions`, `player_rating`, `player_potential`, `player_birth_year`, `player_height`) VALUES (722, 'Krac', 'Pilek', 'RUS', 'GK', 63, 0, 1989, 183);
INSERT INTO Contract(`contract_player_id`, `contract_club_id`, `contract_signDate`, `contract_expireDate`, `contract_salary`, `contract_number`, `contract_role`) VALUES (722, 'rostov', 2025, 2028, 2.3, 37, 'sub');
INSERT INTO Player(`player_id`, `player_name`, `player_lastname`, `player_country_id`, `player_positions`, `player_rating`, `player_potential`, `player_birth_year`, `player_height`) VALUES (723, 'Diassim', 'Kilian', 'FRA', 'LW', 60, 65, 2005, 173);
INSERT INTO Contract(`contract_player_id`, `contract_club_id`, `contract_signDate`, `contract_expireDate`, `contract_salary`, `contract_number`, `contract_role`) VALUES (723, 'lyon', 2025, 2028, 1.9, 25, 'sub');
INSERT INTO Player(`player_id`, `player_name`, `player_lastname`, `player_country_id`, `player_positions`, `player_rating`, `player_potential`, `player_birth_year`, `player_height`) VALUES (724, 'Palekou', 'Seca', 'SEN', 'RM RB', 63, 71, 2003, 175);
INSERT INTO Contract(`contract_player_id`, `contract_club_id`, `contract_signDate`, `contract_expireDate`, `contract_salary`, `contract_number`, `contract_role`) VALUES (724, 'lille', 2025, 2027, 1.0, 21, 'sub');
INSERT INTO Player(`player_id`, `player_name`, `player_lastname`, `player_country_id`, `player_positions`, `player_rating`, `player_potential`, `player_birth_year`, `player_height`) VALUES (725, 'Elewid', 'Vedy', 'CMR', 'AM SS', 62, 65, 2001, 173);
INSERT INTO Contract(`contract_player_id`, `contract_club_id`, `contract_signDate`, `contract_expireDate`, `contract_salary`, `contract_number`, `contract_role`) VALUES (725, 'bordeaux', 2025, 2028, 1.0, 35, 'sub');
INSERT INTO Player(`player_id`, `player_name`, `player_lastname`, `player_country_id`, `player_positions`, `player_rating`, `player_potential`, `player_birth_year`, `player_height`) VALUES (726, 'Vancant', 'Philer', 'FRA', 'AM', 61, 0, 1997, 176);
INSERT INTO Contract(`contract_player_id`, `contract_club_id`, `contract_signDate`, `contract_expireDate`, `contract_salary`, `contract_number`, `contract_role`) VALUES (726, 'montpellier', 2025, 2027, 1.5, 26, 'sub');
INSERT INTO Player(`player_id`, `player_name`, `player_lastname`, `player_country_id`, `player_positions`, `player_rating`, `player_potential`, `player_birth_year`, `player_height`) VALUES (727, 'Giovanni', 'Rededi', 'CPV', 'RW', 62, 64, 2002, 176);
INSERT INTO Contract(`contract_player_id`, `contract_club_id`, `contract_signDate`, `contract_expireDate`, `contract_salary`, `contract_number`, `contract_role`) VALUES (727, 'lyon', 2025, 2026, 1.3, 36, 'sub');
INSERT INTO Player(`player_id`, `player_name`, `player_lastname`, `player_country_id`, `player_positions`, `player_rating`, `player_potential`, `player_birth_year`, `player_height`) VALUES (728, 'Garsam', 'Ndel', 'FRA', 'RW RM', 65, 70, 2004, 171);
INSERT INTO Contract(`contract_player_id`, `contract_club_id`, `contract_signDate`, `contract_expireDate`, `contract_salary`, `contract_number`, `contract_role`) VALUES (728, 'sochaux', 2025, 2026, 1.5, 22, 'sub');
INSERT INTO Player(`player_id`, `player_name`, `player_lastname`, `player_country_id`, `player_positions`, `player_rating`, `player_potential`, `player_birth_year`, `player_height`) VALUES (729, 'Rodney', 'Flors', 'FRA', 'CM AM', 63, 74, 2003, 177);
INSERT INTO Contract(`contract_player_id`, `contract_club_id`, `contract_signDate`, `contract_expireDate`, `contract_salary`, `contract_number`, `contract_role`) VALUES (729, 'nice', 2025, 2027, 1.0, 31, 'sub');
INSERT INTO Player(`player_id`, `player_name`, `player_lastname`, `player_country_id`, `player_positions`, `player_rating`, `player_potential`, `player_birth_year`, `player_height`) VALUES (730, 'Arenem', 'Nel', 'FIN', 'GK', 62, 78, 2007, 201);
INSERT INTO Contract(`contract_player_id`, `contract_club_id`, `contract_signDate`, `contract_expireDate`, `contract_salary`, `contract_number`, `contract_role`) VALUES (730, 'lazio', 2025, 2029, 1.0, 70, 'sub');
INSERT INTO Player(`player_id`, `player_name`, `player_lastname`, `player_country_id`, `player_positions`, `player_rating`, `player_potential`, `player_birth_year`, `player_height`) VALUES (731, 'Jourdan', 'Trintignant', 'FRA', 'DM', 61, 83, 2007, 180);
INSERT INTO Contract(`contract_player_id`, `contract_club_id`, `contract_signDate`, `contract_expireDate`, `contract_salary`, `contract_number`, `contract_role`) VALUES (731, 'monaco', 2025, 2029, 1.0, 22, 'sub');
INSERT INTO Player(`player_id`, `player_name`, `player_lastname`, `player_country_id`, `player_positions`, `player_rating`, `player_potential`, `player_birth_year`, `player_height`) VALUES (732, 'Ndiyame', 'Endanm', 'FRA', 'SS RW AM', 57, 76, 2007, 175);
INSERT INTO Contract(`contract_player_id`, `contract_club_id`, `contract_signDate`, `contract_expireDate`, `contract_salary`, `contract_number`, `contract_role`) VALUES (732, 'psg', 2025, 2029, 1.0, 32, 'sub');
INSERT INTO Player(`player_id`, `player_name`, `player_lastname`, `player_country_id`, `player_positions`, `player_rating`, `player_potential`, `player_birth_year`, `player_height`) VALUES (733, 'Nicolo', 'Serano', 'ITA', 'RB', 59, 86, 2007, 176);
INSERT INTO Contract(`contract_player_id`, `contract_club_id`, `contract_signDate`, `contract_expireDate`, `contract_salary`, `contract_number`, `contract_role`) VALUES (733, 'lazio', 2025, 2029, 1.0, 22, 'sub');
INSERT INTO Player(`player_id`, `player_name`, `player_lastname`, `player_country_id`, `player_positions`, `player_rating`, `player_potential`, `player_birth_year`, `player_height`) VALUES (734, 'Fabio', 'Lociente', 'FRA', 'DM', 60, 68, 2006, 177);
INSERT INTO Contract(`contract_player_id`, `contract_club_id`, `contract_signDate`, `contract_expireDate`, `contract_salary`, `contract_number`, `contract_role`) VALUES (734, 'montpellier', 2025, 2029, 1.0, 29, 'sub');
INSERT INTO Player(`player_id`, `player_name`, `player_lastname`, `player_country_id`, `player_positions`, `player_rating`, `player_potential`, `player_birth_year`, `player_height`) VALUES (735, 'Sembala', 'L', 'RSA', 'ST CF', 69, 77, 2004, 185);
INSERT INTO Contract(`contract_player_id`, `contract_club_id`, `contract_signDate`, `contract_expireDate`, `contract_salary`, `contract_number`, `contract_role`) VALUES (735, 'lille', 2025, 2028, 1.3, 32, 'sub');
INSERT INTO Player(`player_id`, `player_name`, `player_lastname`, `player_country_id`, `player_positions`, `player_rating`, `player_potential`, `player_birth_year`, `player_height`) VALUES (736, 'Tim', 'Hansler', 'GER', 'RB', 77, 0, 1990, 175);
INSERT INTO Contract(`contract_player_id`, `contract_club_id`, `contract_signDate`, `contract_expireDate`, `contract_salary`, `contract_number`, `contract_role`) VALUES (736, 'koln', 2025, 2028, 38.0, 7, 'RB');
INSERT INTO Player(`player_id`, `player_name`, `player_lastname`, `player_country_id`, `player_positions`, `player_rating`, `player_potential`, `player_birth_year`, `player_height`) VALUES (737, 'Jurgus', 'Gati', 'ALB', 'CB', 74, 0, 1997, 184);
INSERT INTO Contract(`contract_player_id`, `contract_club_id`, `contract_signDate`, `contract_expireDate`, `contract_salary`, `contract_number`, `contract_role`) VALUES (737, 'koln', 2025, 2027, 24.3, 14, 'RCB');
INSERT INTO Player(`player_id`, `player_name`, `player_lastname`, `player_country_id`, `player_positions`, `player_rating`, `player_potential`, `player_birth_year`, `player_height`) VALUES (738, 'Diam', 'Bassy', 'NGR', 'ST CF', 75, 78, 2003, 185);
INSERT INTO Contract(`contract_player_id`, `contract_club_id`, `contract_signDate`, `contract_expireDate`, `contract_salary`, `contract_number`, `contract_role`) VALUES (738, 'koln', 2025, 2026, 8.0, 20, 'CF');
INSERT INTO Player(`player_id`, `player_name`, `player_lastname`, `player_country_id`, `player_positions`, `player_rating`, `player_potential`, `player_birth_year`, `player_height`) VALUES (739, 'Calas', 'Seczar', 'HUN', 'RW RM', 68, 72, 2005, 173);
INSERT INTO Contract(`contract_player_id`, `contract_club_id`, `contract_signDate`, `contract_expireDate`, `contract_salary`, `contract_number`, `contract_role`) VALUES (739, 'koln', 2025, 2028, 1.0, 26, 'RW');
INSERT INTO Player(`player_id`, `player_name`, `player_lastname`, `player_country_id`, `player_positions`, `player_rating`, `player_potential`, `player_birth_year`, `player_height`) VALUES (740, 'Robbie', 'Nuller', 'NED', 'ST CF', 66, 86, 2007, 188);
INSERT INTO Contract(`contract_player_id`, `contract_club_id`, `contract_signDate`, `contract_expireDate`, `contract_salary`, `contract_number`, `contract_role`) VALUES (740, 'ajax', 2025, 2029, 1.0, 2, 'sub');
INSERT INTO Player(`player_id`, `player_name`, `player_lastname`, `player_country_id`, `player_positions`, `player_rating`, `player_potential`, `player_birth_year`, `player_height`) VALUES (741, 'Alvaro', 'Benite', 'ARG', 'LB', 73, 76, 2003, 171);
INSERT INTO Contract(`contract_player_id`, `contract_club_id`, `contract_signDate`, `contract_expireDate`, `contract_salary`, `contract_number`, `contract_role`) VALUES (741, 'nantes', 2025, 2028, 13.1, 2, 'LB');
INSERT INTO Player(`player_id`, `player_name`, `player_lastname`, `player_country_id`, `player_positions`, `player_rating`, `player_potential`, `player_birth_year`, `player_height`) VALUES (742, 'Limson', 'Sanger', 'GER', 'RB RM', 78, 79, 2001, 181);
INSERT INTO Contract(`contract_player_id`, `contract_club_id`, `contract_signDate`, `contract_expireDate`, `contract_salary`, `contract_number`, `contract_role`) VALUES (742, 'stuttgart', 2025, 2028, 31.5, 23, 'sub');
INSERT INTO Player(`player_id`, `player_name`, `player_lastname`, `player_country_id`, `player_positions`, `player_rating`, `player_potential`, `player_birth_year`, `player_height`) VALUES (743, '-', 'Bruno Luiz', 'POR', 'ST', 76, 0, 1991, 180);
INSERT INTO Contract(`contract_player_id`, `contract_club_id`, `contract_signDate`, `contract_expireDate`, `contract_salary`, `contract_number`, `contract_role`) VALUES (743, 'guimaraes', 2025, 2027, 32.0, 8, 'sub');
INSERT INTO Player(`player_id`, `player_name`, `player_lastname`, `player_country_id`, `player_positions`, `player_rating`, `player_potential`, `player_birth_year`, `player_height`) VALUES (744, 'Patrszyck', 'Dancel', 'POL', 'ST CF', 74, 0, 1992, 182);
INSERT INTO Contract(`contract_player_id`, `contract_club_id`, `contract_signDate`, `contract_expireDate`, `contract_salary`, `contract_number`, `contract_role`) VALUES (744, 'rennais', 2025, 2027, 27.0, 4, 'CF');
INSERT INTO Player(`player_id`, `player_name`, `player_lastname`, `player_country_id`, `player_positions`, `player_rating`, `player_potential`, `player_birth_year`, `player_height`) VALUES (745, 'Balik', 'Rumani', 'ZBW', 'CB', 71, 77, 2004, 188);
INSERT INTO Contract(`contract_player_id`, `contract_club_id`, `contract_signDate`, `contract_expireDate`, `contract_salary`, `contract_number`, `contract_role`) VALUES (745, 'rennais', 2025, 2027, 4.5, 17, 'LCB');
INSERT INTO Player(`player_id`, `player_name`, `player_lastname`, `player_country_id`, `player_positions`, `player_rating`, `player_potential`, `player_birth_year`, `player_height`) VALUES (746, 'Versil', 'Gomez', 'URU', 'CB', 72, 0, 1989, 183);
INSERT INTO Contract(`contract_player_id`, `contract_club_id`, `contract_signDate`, `contract_expireDate`, `contract_salary`, `contract_number`, `contract_role`) VALUES (746, 'nantes', 2025, 2027, 20.0, 12, 'RCB');
INSERT INTO Player(`player_id`, `player_name`, `player_lastname`, `player_country_id`, `player_positions`, `player_rating`, `player_potential`, `player_birth_year`, `player_height`) VALUES (747, 'Saint-Vallen', 'Lapay', 'GAB', 'AM SS', 75, 78, 2002, 174);
INSERT INTO Contract(`contract_player_id`, `contract_club_id`, `contract_signDate`, `contract_expireDate`, `contract_salary`, `contract_number`, `contract_role`) VALUES (747, 'nantes', 2025, 2027, 13.0, 10, 'AM');
INSERT INTO Player(`player_id`, `player_name`, `player_lastname`, `player_country_id`, `player_positions`, `player_rating`, `player_potential`, `player_birth_year`, `player_height`) VALUES (748, 'Marr-Laes', 'Guarron', 'FRA', 'DM', 68, 70, 2003, 176);
INSERT INTO Contract(`contract_player_id`, `contract_club_id`, `contract_signDate`, `contract_expireDate`, `contract_salary`, `contract_number`, `contract_role`) VALUES (748, 'nantes', 2025, 2027, 2.4, 8, 'DM');
INSERT INTO Player(`player_id`, `player_name`, `player_lastname`, `player_country_id`, `player_positions`, `player_rating`, `player_potential`, `player_birth_year`, `player_height`) VALUES (749, 'Hylis', 'Ghari', 'MOR', 'RM RW', 70, 73, 2002, 175);
INSERT INTO Contract(`contract_player_id`, `contract_club_id`, `contract_signDate`, `contract_expireDate`, `contract_salary`, `contract_number`, `contract_role`) VALUES (749, 'rennais', 2025, 2028, 9.0, 3, 'RW');
INSERT INTO Player(`player_id`, `player_name`, `player_lastname`, `player_country_id`, `player_positions`, `player_rating`, `player_potential`, `player_birth_year`, `player_height`) VALUES (750, 'Guillermo', 'Keke', 'ESP', 'DM CM', 80, 0, 1998, 176);
INSERT INTO Contract(`contract_player_id`, `contract_club_id`, `contract_signDate`, `contract_expireDate`, `contract_salary`, `contract_number`, `contract_role`) VALUES (750, 'bilbao', 2025, 2027, 48.0, 14, 'sub');
INSERT INTO Player(`player_id`, `player_name`, `player_lastname`, `player_country_id`, `player_positions`, `player_rating`, `player_potential`, `player_birth_year`, `player_height`) VALUES (751, 'Aeruto', 'Sally', 'SEN', 'CB', 73, 81, 2003, 189);
INSERT INTO Contract(`contract_player_id`, `contract_club_id`, `contract_signDate`, `contract_expireDate`, `contract_salary`, `contract_number`, `contract_role`) VALUES (751, 'angers', 2025, 2027, 7.7, 13, 'sub');
INSERT INTO Player(`player_id`, `player_name`, `player_lastname`, `player_country_id`, `player_positions`, `player_rating`, `player_potential`, `player_birth_year`, `player_height`) VALUES (752, 'Babajide', 'Npute', 'NGR', 'CM LM', 70, 72, 2004, 177);
INSERT INTO Contract(`contract_player_id`, `contract_club_id`, `contract_signDate`, `contract_expireDate`, `contract_salary`, `contract_number`, `contract_role`) VALUES (752, 'angers', 2025, 2028, 1.0, 2, 'sub');
INSERT INTO Player(`player_id`, `player_name`, `player_lastname`, `player_country_id`, `player_positions`, `player_rating`, `player_potential`, `player_birth_year`, `player_height`) VALUES (753, 'Pasfarit', 'Kerzhavi', 'TUN', 'ST CF', 75, 0, 1994, 185);
INSERT INTO Contract(`contract_player_id`, `contract_club_id`, `contract_signDate`, `contract_expireDate`, `contract_salary`, `contract_number`, `contract_role`) VALUES (753, 'angers', 2025, 2028, 29.0, 19, 'sub');
INSERT INTO Player(`player_id`, `player_name`, `player_lastname`, `player_country_id`, `player_positions`, `player_rating`, `player_potential`, `player_birth_year`, `player_height`) VALUES (754, 'Francis', 'Kuyat', 'GUI', 'CB', 74, 80, 2001, 186);
INSERT INTO Contract(`contract_player_id`, `contract_club_id`, `contract_signDate`, `contract_expireDate`, `contract_salary`, `contract_number`, `contract_role`) VALUES (754, 'napoli', 2025, 2028, 22.0, 4, 'sub');
INSERT INTO Player(`player_id`, `player_name`, `player_lastname`, `player_country_id`, `player_positions`, `player_rating`, `player_potential`, `player_birth_year`, `player_height`) VALUES (755, 'Emanuele', 'Magdenogdia', 'FRA', 'DM CM', 71, 87, 2006, 181);
INSERT INTO Contract(`contract_player_id`, `contract_club_id`, `contract_signDate`, `contract_expireDate`, `contract_salary`, `contract_number`, `contract_role`) VALUES (755, 'rennais', 2025, 2029, 2.0, 23, 'RCM');
INSERT INTO Player(`player_id`, `player_name`, `player_lastname`, `player_country_id`, `player_positions`, `player_rating`, `player_potential`, `player_birth_year`, `player_height`) VALUES (756, 'Inciss', 'Kamu', 'FRA', 'RB RM', 79, 80, 2001, 179);
INSERT INTO Contract(`contract_player_id`, `contract_club_id`, `contract_signDate`, `contract_expireDate`, `contract_salary`, `contract_number`, `contract_role`) VALUES (756, 'marseille', 2025, 2026, 24.0, 6, 'RB');
INSERT INTO Player(`player_id`, `player_name`, `player_lastname`, `player_country_id`, `player_positions`, `player_rating`, `player_potential`, `player_birth_year`, `player_height`) VALUES (757, 'Jalin', 'Villero', 'COL', 'AM LW', 67, 77, 2007, 171);
INSERT INTO Contract(`contract_player_id`, `contract_club_id`, `contract_signDate`, `contract_expireDate`, `contract_salary`, `contract_number`, `contract_role`) VALUES (757, 'realmadrid', 2025, 2029, 1.0, 35, 'sub');
INSERT INTO Player(`player_id`, `player_name`, `player_lastname`, `player_country_id`, `player_positions`, `player_rating`, `player_potential`, `player_birth_year`, `player_height`) VALUES (758, 'Yaiair', 'Anchiri', 'MOR', 'CB', 74, 78, 2000, 187);
INSERT INTO Contract(`contract_player_id`, `contract_club_id`, `contract_signDate`, `contract_expireDate`, `contract_salary`, `contract_number`, `contract_role`) VALUES (758, 'astonvilla', 2025, 2028, 13.7, 3, 'sub');
INSERT INTO Player(`player_id`, `player_name`, `player_lastname`, `player_country_id`, `player_positions`, `player_rating`, `player_potential`, `player_birth_year`, `player_height`) VALUES (759, 'Pietris', 'Khantzenis', 'GRE', 'RW RM', 69, 72, 2003, 178);
INSERT INTO Contract(`contract_player_id`, `contract_club_id`, `contract_signDate`, `contract_expireDate`, `contract_salary`, `contract_number`, `contract_role`) VALUES (759, 'paok', 2025, 2028, 7.1, 8, 'sub');
INSERT INTO Player(`player_id`, `player_name`, `player_lastname`, `player_country_id`, `player_positions`, `player_rating`, `player_potential`, `player_birth_year`, `player_height`) VALUES (760, 'Tabat', 'Nouir', 'TUN', 'CB', 73, 0, 1998, 189);
INSERT INTO Contract(`contract_player_id`, `contract_club_id`, `contract_signDate`, `contract_expireDate`, `contract_salary`, `contract_number`, `contract_role`) VALUES (760, 'auxerre', 2025, 2027, 21.0, 5, 'sub');
INSERT INTO Player(`player_id`, `player_name`, `player_lastname`, `player_country_id`, `player_positions`, `player_rating`, `player_potential`, `player_birth_year`, `player_height`) VALUES (761, 'Ljubomir', 'Remuac', 'CRO', 'GK', 76, 0, 1989, 189);
INSERT INTO Contract(`contract_player_id`, `contract_club_id`, `contract_signDate`, `contract_expireDate`, `contract_salary`, `contract_number`, `contract_role`) VALUES (761, 'dinamozagreb', 2025, 2027, 28.0, 7, 'sub');
INSERT INTO Player(`player_id`, `player_name`, `player_lastname`, `player_country_id`, `player_positions`, `player_rating`, `player_potential`, `player_birth_year`, `player_height`) VALUES (762, 'Gabriel', 'Sandre', 'BRA', 'RB', 81, 0, 1997, 176);
INSERT INTO Contract(`contract_player_id`, `contract_club_id`, `contract_signDate`, `contract_expireDate`, `contract_salary`, `contract_number`, `contract_role`) VALUES (762, 'psg', 2025, 2027, 53.0, 9, 'RB');
INSERT INTO Player(`player_id`, `player_name`, `player_lastname`, `player_country_id`, `player_positions`, `player_rating`, `player_potential`, `player_birth_year`, `player_height`) VALUES (763, 'Calaro', 'Pillvestri', 'ITA', 'DM CM', 71, 77, 2003, 180);
INSERT INTO Contract(`contract_player_id`, `contract_club_id`, `contract_signDate`, `contract_expireDate`, `contract_salary`, `contract_number`, `contract_role`) VALUES (763, 'roma', 2025, 2028, 12.0, 13, 'sub');
INSERT INTO Player(`player_id`, `player_name`, `player_lastname`, `player_country_id`, `player_positions`, `player_rating`, `player_potential`, `player_birth_year`, `player_height`) VALUES (764, 'Thiago', 'Cenes', 'POR', 'CB', 76, 0, 1991, 184);
INSERT INTO Contract(`contract_player_id`, `contract_club_id`, `contract_signDate`, `contract_expireDate`, `contract_salary`, `contract_number`, `contract_role`) VALUES (764, 'braga', 2025, 2028, 31.4, 22, 'LCB');
INSERT INTO Player(`player_id`, `player_name`, `player_lastname`, `player_country_id`, `player_positions`, `player_rating`, `player_potential`, `player_birth_year`, `player_height`) VALUES (765, 'Marko', 'Jasni', 'CRO', 'CM', 74, 77, 2002, 178);
INSERT INTO Contract(`contract_player_id`, `contract_club_id`, `contract_signDate`, `contract_expireDate`, `contract_salary`, `contract_number`, `contract_role`) VALUES (765, 'braga', 2025, 2027, 11.6, 5, 'CM');
INSERT INTO Player(`player_id`, `player_name`, `player_lastname`, `player_country_id`, `player_positions`, `player_rating`, `player_potential`, `player_birth_year`, `player_height`) VALUES (766, 'Fred', 'Bernard', 'POR', 'AM CM', 80, 82, 2000, 176);
INSERT INTO Contract(`contract_player_id`, `contract_club_id`, `contract_signDate`, `contract_expireDate`, `contract_salary`, `contract_number`, `contract_role`) VALUES (766, 'braga', 2025, 2026, 29.0, 10, 'AM');
INSERT INTO Player(`player_id`, `player_name`, `player_lastname`, `player_country_id`, `player_positions`, `player_rating`, `player_potential`, `player_birth_year`, `player_height`) VALUES (767, 'Mahed', 'Disa', 'SOM', 'ST CF', 72, 77, 2005, 182);
INSERT INTO Contract(`contract_player_id`, `contract_club_id`, `contract_signDate`, `contract_expireDate`, `contract_salary`, `contract_number`, `contract_role`) VALUES (767, 'molde', 2025, 2028, 10.0, 1, 'sub');
INSERT INTO Player(`player_id`, `player_name`, `player_lastname`, `player_country_id`, `player_positions`, `player_rating`, `player_potential`, `player_birth_year`, `player_height`) VALUES (768, 'Unir', 'Elfi', 'TUN', 'CM', 74, 76, 2001, 179);
INSERT INTO Contract(`contract_player_id`, `contract_club_id`, `contract_signDate`, `contract_expireDate`, `contract_salary`, `contract_number`, `contract_role`) VALUES (768, 'malmo', 2025, 2027, 17.5, 13, 'sub');
INSERT INTO Player(`player_id`, `player_name`, `player_lastname`, `player_country_id`, `player_positions`, `player_rating`, `player_potential`, `player_birth_year`, `player_height`) VALUES (769, 'Vetten', 'Andersen', 'SWE', 'CB', 73, 74, 2004, 187);
INSERT INTO Contract(`contract_player_id`, `contract_club_id`, `contract_signDate`, `contract_expireDate`, `contract_salary`, `contract_number`, `contract_role`) VALUES (769, 'malmo', 2025, 2028, 2.0, 3, 'sub');
INSERT INTO Player(`player_id`, `player_name`, `player_lastname`, `player_country_id`, `player_positions`, `player_rating`, `player_potential`, `player_birth_year`, `player_height`) VALUES (770, 'Lucas', 'Sarmiento', 'BRA', 'GK', 77, 0, 1988, 193);
INSERT INTO Contract(`contract_player_id`, `contract_club_id`, `contract_signDate`, `contract_expireDate`, `contract_salary`, `contract_number`, `contract_role`) VALUES (770, 'gremio', 2025, 2028, 35.0, 15, 'sub');
INSERT INTO Player(`player_id`, `player_name`, `player_lastname`, `player_country_id`, `player_positions`, `player_rating`, `player_potential`, `player_birth_year`, `player_height`) VALUES (771, 'Joaes', 'Aspentiendo', 'BRA', 'CB', 73, 76, 1999, 185);
INSERT INTO Contract(`contract_player_id`, `contract_club_id`, `contract_signDate`, `contract_expireDate`, `contract_salary`, `contract_number`, `contract_role`) VALUES (771, 'gremio', 2025, 2028, 18.0, 6, 'sub');
INSERT INTO Player(`player_id`, `player_name`, `player_lastname`, `player_country_id`, `player_positions`, `player_rating`, `player_potential`, `player_birth_year`, `player_height`) VALUES (772, 'Alen', 'Samad', 'GER', 'CB', 75, 0, 1998, 180);
INSERT INTO Contract(`contract_player_id`, `contract_club_id`, `contract_signDate`, `contract_expireDate`, `contract_salary`, `contract_number`, `contract_role`) VALUES (772, 'koln', 2025, 2026, 28.0, 15, 'LCB');
INSERT INTO Player(`player_id`, `player_name`, `player_lastname`, `player_country_id`, `player_positions`, `player_rating`, `player_potential`, `player_birth_year`, `player_height`) VALUES (773, 'Tim', 'Thieris', 'BEL', 'LW SS AM', 84, 0, 1995, 176);
INSERT INTO Contract(`contract_player_id`, `contract_club_id`, `contract_signDate`, `contract_expireDate`, `contract_salary`, `contract_number`, `contract_role`) VALUES (773, 'feyenoord', 2025, 2028, 70.0, 10, 'LW');
INSERT INTO Player(`player_id`, `player_name`, `player_lastname`, `player_country_id`, `player_positions`, `player_rating`, `player_potential`, `player_birth_year`, `player_height`) VALUES (774, 'Federio de Neceste', 'Neres', 'BRA', 'ST CF', 80, 0, 1996, 182);
INSERT INTO Contract(`contract_player_id`, `contract_club_id`, `contract_signDate`, `contract_expireDate`, `contract_salary`, `contract_number`, `contract_role`) VALUES (774, 'rsca', 2025, 2027, 51.0, 9, 'CF');
INSERT INTO Player(`player_id`, `player_name`, `player_lastname`, `player_country_id`, `player_positions`, `player_rating`, `player_potential`, `player_birth_year`, `player_height`) VALUES (775, 'Nikolej', 'Kaice', 'SVN', 'CF ST', 76, 83, 2003, 193);
INSERT INTO Contract(`contract_player_id`, `contract_club_id`, `contract_signDate`, `contract_expireDate`, `contract_salary`, `contract_number`, `contract_role`) VALUES (775, 'hannover', 2025, 2028, 23.5, 6, 'sub');
INSERT INTO Player(`player_id`, `player_name`, `player_lastname`, `player_country_id`, `player_positions`, `player_rating`, `player_potential`, `player_birth_year`, `player_height`) VALUES (776, 'Alex', 'Andreas', 'BRA', 'CM', 82, 0, 1999, 179);
INSERT INTO Contract(`contract_player_id`, `contract_club_id`, `contract_signDate`, `contract_expireDate`, `contract_salary`, `contract_number`, `contract_role`) VALUES (776, 'manchesterunited', 2025, 2027, 50.0, 10, 'sub');
INSERT INTO Player(`player_id`, `player_name`, `player_lastname`, `player_country_id`, `player_positions`, `player_rating`, `player_potential`, `player_birth_year`, `player_height`) VALUES (777, 'Mohammed', 'Al-Darr', 'TUN', 'GK', 70, 0, 1991, 184);
INSERT INTO Contract(`contract_player_id`, `contract_club_id`, `contract_signDate`, `contract_expireDate`, `contract_salary`, `contract_number`, `contract_role`) VALUES (777, 'reims', 2025, 2027, 15.0, 41, 'GK');
INSERT INTO Player(`player_id`, `player_name`, `player_lastname`, `player_country_id`, `player_positions`, `player_rating`, `player_potential`, `player_birth_year`, `player_height`) VALUES (778, 'Fler', 'Max', 'GER', 'CF', 73, 80, 2002, 190);
INSERT INTO Contract(`contract_player_id`, `contract_club_id`, `contract_signDate`, `contract_expireDate`, `contract_salary`, `contract_number`, `contract_role`) VALUES (778, 'bayerleverkusen', 2025, 2026, 7.0, 30, 'sub');
INSERT INTO Player(`player_id`, `player_name`, `player_lastname`, `player_country_id`, `player_positions`, `player_rating`, `player_potential`, `player_birth_year`, `player_height`) VALUES (779, 'Leonszai', 'Badtzil', 'HUN', 'ST CF', 73, 75, 2001, 183);
INSERT INTO Contract(`contract_player_id`, `contract_club_id`, `contract_signDate`, `contract_expireDate`, `contract_salary`, `contract_number`, `contract_role`) VALUES (779, 'ferencvarosi', 2025, 2027, 9.3, 9, 'sub');
INSERT INTO Player(`player_id`, `player_name`, `player_lastname`, `player_country_id`, `player_positions`, `player_rating`, `player_potential`, `player_birth_year`, `player_height`) VALUES (780, 'Piatru', 'Diassisi', 'FRA', 'RB', 70, 84, 2006, 181);
INSERT INTO Contract(`contract_player_id`, `contract_club_id`, `contract_signDate`, `contract_expireDate`, `contract_salary`, `contract_number`, `contract_role`) VALUES (780, 'reims', 2025, 2028, 1.0, 2, 'RB');
INSERT INTO Player(`player_id`, `player_name`, `player_lastname`, `player_country_id`, `player_positions`, `player_rating`, `player_potential`, `player_birth_year`, `player_height`) VALUES (781, 'Mattio', 'Leseme', 'ESP', 'AM RW SS', 79, 83, 2003, 180);
INSERT INTO Contract(`contract_player_id`, `contract_club_id`, `contract_signDate`, `contract_expireDate`, `contract_salary`, `contract_number`, `contract_role`) VALUES (781, 'atleticodemadrid', 2025, 2027, 16.0, 5, 'sub');
INSERT INTO Player(`player_id`, `player_name`, `player_lastname`, `player_country_id`, `player_positions`, `player_rating`, `player_potential`, `player_birth_year`, `player_height`) VALUES (782, 'Adam', 'Mauda', 'RSA', 'LW', 68, 72, 2004, 173);
INSERT INTO Contract(`contract_player_id`, `contract_club_id`, `contract_signDate`, `contract_expireDate`, `contract_salary`, `contract_number`, `contract_role`) VALUES (782, 'parisfc', 2025, 2028, 1.0, 4, 'LW');
INSERT INTO Player(`player_id`, `player_name`, `player_lastname`, `player_country_id`, `player_positions`, `player_rating`, `player_potential`, `player_birth_year`, `player_height`) VALUES (783, 'Manuel', 'Proviso', 'POR', 'CB RB', 74, 81, 2002, 183);
INSERT INTO Contract(`contract_player_id`, `contract_club_id`, `contract_signDate`, `contract_expireDate`, `contract_salary`, `contract_number`, `contract_role`) VALUES (783, 'braga', 2025, 2028, 16.0, 7, 'RCB');
INSERT INTO Player(`player_id`, `player_name`, `player_lastname`, `player_country_id`, `player_positions`, `player_rating`, `player_potential`, `player_birth_year`, `player_height`) VALUES (784, 'Luawdu', 'Gomis', 'GAM', 'RW', 72, 75, 2001, 180);
INSERT INTO Contract(`contract_player_id`, `contract_club_id`, `contract_signDate`, `contract_expireDate`, `contract_salary`, `contract_number`, `contract_role`) VALUES (784, 'elche', 2025, 2028, 11.0, 9, 'sub');
INSERT INTO Player(`player_id`, `player_name`, `player_lastname`, `player_country_id`, `player_positions`, `player_rating`, `player_potential`, `player_birth_year`, `player_height`) VALUES (785, 'Aliberto', 'Zuzu', 'ESP', 'LB', 71, 0, 1989, 172);
INSERT INTO Contract(`contract_player_id`, `contract_club_id`, `contract_signDate`, `contract_expireDate`, `contract_salary`, `contract_number`, `contract_role`) VALUES (785, 'elche', 2025, 2027, 15.6, 2, 'sub');
INSERT INTO Player(`player_id`, `player_name`, `player_lastname`, `player_country_id`, `player_positions`, `player_rating`, `player_potential`, `player_birth_year`, `player_height`) VALUES (786, 'Nick', 'Vanglerkap', 'CAN', 'GK', 73, 0, 1990, 187);
INSERT INTO Contract(`contract_player_id`, `contract_club_id`, `contract_signDate`, `contract_expireDate`, `contract_salary`, `contract_number`, `contract_role`) VALUES (786, 'fulham', 2025, 2026, 24.0, 4, 'sub');
INSERT INTO Player(`player_id`, `player_name`, `player_lastname`, `player_country_id`, `player_positions`, `player_rating`, `player_potential`, `player_birth_year`, `player_height`) VALUES (787, 'Jil', 'Dinvijk', 'NED', 'CB', 69, 0, 1988, 184);
INSERT INTO Contract(`contract_player_id`, `contract_club_id`, `contract_signDate`, `contract_expireDate`, `contract_salary`, `contract_number`, `contract_role`) VALUES (787, 'feyenoord', 2025, 2027, 10.0, 22, 'sub');
INSERT INTO Player(`player_id`, `player_name`, `player_lastname`, `player_country_id`, `player_positions`, `player_rating`, `player_potential`, `player_birth_year`, `player_height`) VALUES (788, 'Roger', 'Flekker', 'NED', 'CM', 75, 80, 2003, 179);
INSERT INTO Contract(`contract_player_id`, `contract_club_id`, `contract_signDate`, `contract_expireDate`, `contract_salary`, `contract_number`, `contract_role`) VALUES (788, 'az', 2025, 2028, 14.0, 8, 'sub');
INSERT INTO Player(`player_id`, `player_name`, `player_lastname`, `player_country_id`, `player_positions`, `player_rating`, `player_potential`, `player_birth_year`, `player_height`) VALUES (789, 'Omari', 'Baktung', 'USA', 'CB', 76, 0, 1997, 188);
INSERT INTO Contract(`contract_player_id`, `contract_club_id`, `contract_signDate`, `contract_expireDate`, `contract_salary`, `contract_number`, `contract_role`) VALUES (789, 'fulham', 2025, 2026, 32.0, 19, 'sub');
INSERT INTO Player(`player_id`, `player_name`, `player_lastname`, `player_country_id`, `player_positions`, `player_rating`, `player_potential`, `player_birth_year`, `player_height`) VALUES (790, 'Floren', 'Tinb', 'GER', 'CB', 75, 81, 2002, 183);
INSERT INTO Contract(`contract_player_id`, `contract_club_id`, `contract_signDate`, `contract_expireDate`, `contract_salary`, `contract_number`, `contract_role`) VALUES (790, 'bayerleverkusen', 2025, 2027, 13.0, 4, 'RCB');
INSERT INTO Player(`player_id`, `player_name`, `player_lastname`, `player_country_id`, `player_positions`, `player_rating`, `player_potential`, `player_birth_year`, `player_height`) VALUES (791, 'Andres', 'Ricci', 'ITA', 'SS ST', 74, 0, 1994, 175);
INSERT INTO Contract(`contract_player_id`, `contract_club_id`, `contract_signDate`, `contract_expireDate`, `contract_salary`, `contract_number`, `contract_role`) VALUES (791, 'lecce', 2025, 2028, 24.0, 4, 'sub');
INSERT INTO Player(`player_id`, `player_name`, `player_lastname`, `player_country_id`, `player_positions`, `player_rating`, `player_potential`, `player_birth_year`, `player_height`) VALUES (792, 'Saglan', 'Korkmazi', 'TUR', 'RB RM', 68, 0, 1996, 172);
INSERT INTO Contract(`contract_player_id`, `contract_club_id`, `contract_signDate`, `contract_expireDate`, `contract_salary`, `contract_number`, `contract_role`) VALUES (792, 'galatasaray', 2025, 2026, 8.8, 22, 'sub');
INSERT INTO Player(`player_id`, `player_name`, `player_lastname`, `player_country_id`, `player_positions`, `player_rating`, `player_potential`, `player_birth_year`, `player_height`) VALUES (793, 'Amel', 'Souriyani', 'GHA', 'RB', 73, 0, 1997, 178);
INSERT INTO Contract(`contract_player_id`, `contract_club_id`, `contract_signDate`, `contract_expireDate`, `contract_salary`, `contract_number`, `contract_role`) VALUES (793, 'galatasaray', 2025, 2028, 23.8, 23, 'RB');
INSERT INTO Player(`player_id`, `player_name`, `player_lastname`, `player_country_id`, `player_positions`, `player_rating`, `player_potential`, `player_birth_year`, `player_height`) VALUES (794, 'Imel', 'Dinceri', 'TUR', 'DM', 69, 0, 1993, 176);
INSERT INTO Contract(`contract_player_id`, `contract_club_id`, `contract_signDate`, `contract_expireDate`, `contract_salary`, `contract_number`, `contract_role`) VALUES (794, 'galatasaray', 2025, 2027, 11.2, 24, 'sub');
INSERT INTO Player(`player_id`, `player_name`, `player_lastname`, `player_country_id`, `player_positions`, `player_rating`, `player_potential`, `player_birth_year`, `player_height`) VALUES (795, 'Jaylen', 'Andersen', 'WAL', 'LB', 77, 82, 2003, 178);
INSERT INTO Contract(`contract_player_id`, `contract_club_id`, `contract_signDate`, `contract_expireDate`, `contract_salary`, `contract_number`, `contract_role`) VALUES (795, 'fulham', 2025, 2028, 18.3, 2, 'sub');
INSERT INTO Player(`player_id`, `player_name`, `player_lastname`, `player_country_id`, `player_positions`, `player_rating`, `player_potential`, `player_birth_year`, `player_height`) VALUES (796, 'Eristratos', 'Mertsakis', 'GRE', 'CM', 74, 0, 1991, 178);
INSERT INTO Contract(`contract_player_id`, `contract_club_id`, `contract_signDate`, `contract_expireDate`, `contract_salary`, `contract_number`, `contract_role`) VALUES (796, 'olympiacos', 2025, 2028, 24.5, 14, 'CM');
INSERT INTO Player(`player_id`, `player_name`, `player_lastname`, `player_country_id`, `player_positions`, `player_rating`, `player_potential`, `player_birth_year`, `player_height`) VALUES (797, 'Darmian', 'Zabella', 'ITA', 'RB', 76, 0, 1990, 173);
INSERT INTO Contract(`contract_player_id`, `contract_club_id`, `contract_signDate`, `contract_expireDate`, `contract_salary`, `contract_number`, `contract_role`) VALUES (797, 'fiorentina', 2025, 2027, 31.2, 3, 'sub');
INSERT INTO Player(`player_id`, `player_name`, `player_lastname`, `player_country_id`, `player_positions`, `player_rating`, `player_potential`, `player_birth_year`, `player_height`) VALUES (798, 'Thomas', 'Greir', 'SCO', 'CM', 77, 0, 1992, 180);
INSERT INTO Contract(`contract_player_id`, `contract_club_id`, `contract_signDate`, `contract_expireDate`, `contract_salary`, `contract_number`, `contract_role`) VALUES (798, 'celtic', 2025, 2027, 34.0, 14, 'sub');
INSERT INTO Player(`player_id`, `player_name`, `player_lastname`, `player_country_id`, `player_positions`, `player_rating`, `player_potential`, `player_birth_year`, `player_height`) VALUES (799, 'Nicolas', 'Valde', 'ARG', 'CM', 75, 85, 2002, 178);
INSERT INTO Contract(`contract_player_id`, `contract_club_id`, `contract_signDate`, `contract_expireDate`, `contract_salary`, `contract_number`, `contract_role`) VALUES (799, 'realsociedad', 2025, 2029, 24.0, 5, 'sub');
INSERT INTO Player(`player_id`, `player_name`, `player_lastname`, `player_country_id`, `player_positions`, `player_rating`, `player_potential`, `player_birth_year`, `player_height`) VALUES (800, 'Meysa', 'Arstani', 'IRN', 'CB', 72, 0, 1998, 188);
INSERT INTO Contract(`contract_player_id`, `contract_club_id`, `contract_signDate`, `contract_expireDate`, `contract_salary`, `contract_number`, `contract_role`) VALUES (800, 'rsca', 2025, 2026, 13.5, 22, 'sub');
INSERT INTO Player(`player_id`, `player_name`, `player_lastname`, `player_country_id`, `player_positions`, `player_rating`, `player_potential`, `player_birth_year`, `player_height`) VALUES (801, 'Radwin', 'Baczinski', 'POL', 'AM RM', 76, 0, 1991, 175);
INSERT INTO Contract(`contract_player_id`, `contract_club_id`, `contract_signDate`, `contract_expireDate`, `contract_salary`, `contract_number`, `contract_role`) VALUES (801, 'schalke', 2025, 2027, 31.0, 4, 'sub');
INSERT INTO Player(`player_id`, `player_name`, `player_lastname`, `player_country_id`, `player_positions`, `player_rating`, `player_potential`, `player_birth_year`, `player_height`) VALUES (802, 'Kasuma', 'Nagasawa', 'JPN', 'CB', 78, 0, 1993, 188);
INSERT INTO Contract(`contract_player_id`, `contract_club_id`, `contract_signDate`, `contract_expireDate`, `contract_salary`, `contract_number`, `contract_role`) VALUES (802, 'stuttgart', 2025, 2027, 39.0, 14, 'sub');
INSERT INTO Player(`player_id`, `player_name`, `player_lastname`, `player_country_id`, `player_positions`, `player_rating`, `player_potential`, `player_birth_year`, `player_height`) VALUES (803, 'Uray', 'Ikbel', 'GER', 'CB', 73, 77, 2001, 185);
INSERT INTO Contract(`contract_player_id`, `contract_club_id`, `contract_signDate`, `contract_expireDate`, `contract_salary`, `contract_number`, `contract_role`) VALUES (803, 'gladbach', 2025, 2028, 11.3, 11, 'sub');
INSERT INTO Player(`player_id`, `player_name`, `player_lastname`, `player_country_id`, `player_positions`, `player_rating`, `player_potential`, `player_birth_year`, `player_height`) VALUES (804, 'Voja', 'Lazeti', 'SRB', 'CF ST', 71, 79, 2004, 189);
INSERT INTO Contract(`contract_player_id`, `contract_club_id`, `contract_signDate`, `contract_expireDate`, `contract_salary`, `contract_number`, `contract_role`) VALUES (804, 'partizan', 2025, 2027, 1.0, 10, 'sub');
INSERT INTO Player(`player_id`, `player_name`, `player_lastname`, `player_country_id`, `player_positions`, `player_rating`, `player_potential`, `player_birth_year`, `player_height`) VALUES (805, 'Jeremy', 'Marenah', 'GAM', 'LW LM', 80, 83, 2003, 175);
INSERT INTO Contract(`contract_player_id`, `contract_club_id`, `contract_signDate`, `contract_expireDate`, `contract_salary`, `contract_number`, `contract_role`) VALUES (805, 'ajax', 2025, 2027, 16.0, 33, 'LW');
INSERT INTO Player(`player_id`, `player_name`, `player_lastname`, `player_country_id`, `player_positions`, `player_rating`, `player_potential`, `player_birth_year`, `player_height`) VALUES (806, 'Mark', 'Biellande', 'DEN', 'ST CF', 74, 0, 1991, 185);
INSERT INTO Contract(`contract_player_id`, `contract_club_id`, `contract_signDate`, `contract_expireDate`, `contract_salary`, `contract_number`, `contract_role`) VALUES (806, 'copenhagen', 2025, 2028, 24.0, 9, 'CF');
INSERT INTO Player(`player_id`, `player_name`, `player_lastname`, `player_country_id`, `player_positions`, `player_rating`, `player_potential`, `player_birth_year`, `player_height`) VALUES (807, 'Bascar', 'Tuncaj', 'TUR', 'CB', 68, 0, 1993, 182);
INSERT INTO Contract(`contract_player_id`, `contract_club_id`, `contract_signDate`, `contract_expireDate`, `contract_salary`, `contract_number`, `contract_role`) VALUES (807, 'galatasaray', 2025, 2027, 9.0, 18, 'sub');
INSERT INTO Player(`player_id`, `player_name`, `player_lastname`, `player_country_id`, `player_positions`, `player_rating`, `player_potential`, `player_birth_year`, `player_height`) VALUES (808, 'Oniagli', 'Cagir', 'TUR', 'GK', 71, 77, 2001, 191);
INSERT INTO Contract(`contract_player_id`, `contract_club_id`, `contract_signDate`, `contract_expireDate`, `contract_salary`, `contract_number`, `contract_role`) VALUES (808, 'galatasaray', 2025, 2028, 11.0, 21, 'sub');
INSERT INTO Player(`player_id`, `player_name`, `player_lastname`, `player_country_id`, `player_positions`, `player_rating`, `player_potential`, `player_birth_year`, `player_height`) VALUES (809, 'Mijajlo', 'Ai', 'BIH', 'CB', 69, 73, 2002, 189);
INSERT INTO Contract(`contract_player_id`, `contract_club_id`, `contract_signDate`, `contract_expireDate`, `contract_salary`, `contract_number`, `contract_role`) VALUES (809, 'galatasaray', 2025, 2028, 4.7, 25, 'sub');
INSERT INTO Player(`player_id`, `player_name`, `player_lastname`, `player_country_id`, `player_positions`, `player_rating`, `player_potential`, `player_birth_year`, `player_height`) VALUES (810, 'Miram', 'Bisqeraj', 'ALB', 'RB', 78, 0, 1996, 176);
INSERT INTO Contract(`contract_player_id`, `contract_club_id`, `contract_signDate`, `contract_expireDate`, `contract_salary`, `contract_number`, `contract_role`) VALUES (810, 'arsenal', 2025, 2027, 40.0, 28, 'RB');
INSERT INTO Player(`player_id`, `player_name`, `player_lastname`, `player_country_id`, `player_positions`, `player_rating`, `player_potential`, `player_birth_year`, `player_height`) VALUES (811, 'Daniel', 'Roppen', 'BEL', 'GK', 79, 89, 2001, 192);
INSERT INTO Contract(`contract_player_id`, `contract_club_id`, `contract_signDate`, `contract_expireDate`, `contract_salary`, `contract_number`, `contract_role`) VALUES (811, 'standard', 2025, 2028, 37.0, 19, 'GK');
INSERT INTO Player(`player_id`, `player_name`, `player_lastname`, `player_country_id`, `player_positions`, `player_rating`, `player_potential`, `player_birth_year`, `player_height`) VALUES (812, 'Leonard', 'Schilt', 'GER', 'CM', 74, 0, 1993, 178);
INSERT INTO Contract(`contract_player_id`, `contract_club_id`, `contract_signDate`, `contract_expireDate`, `contract_salary`, `contract_number`, `contract_role`) VALUES (812, 'schalke', 2025, 2027, 25.1, 12, 'sub');
INSERT INTO Player(`player_id`, `player_name`, `player_lastname`, `player_country_id`, `player_positions`, `player_rating`, `player_potential`, `player_birth_year`, `player_height`) VALUES (813, 'Mihailis', 'Delerces', 'ROU', 'CM DM', 79, 0, 1997, 179);
INSERT INTO Contract(`contract_player_id`, `contract_club_id`, `contract_signDate`, `contract_expireDate`, `contract_salary`, `contract_number`, `contract_role`) VALUES (813, 'feyenoord', 2025, 2029, 43.8, 8, 'LCM');
INSERT INTO Player(`player_id`, `player_name`, `player_lastname`, `player_country_id`, `player_positions`, `player_rating`, `player_potential`, `player_birth_year`, `player_height`) VALUES (814, 'Nikola', 'Markovi', 'SRB', 'RB', 71, 0, 1999, 176);
INSERT INTO Contract(`contract_player_id`, `contract_club_id`, `contract_signDate`, `contract_expireDate`, `contract_salary`, `contract_number`, `contract_role`) VALUES (814, 'redstar', 2025, 2027, 12.0, 20, 'sub');
INSERT INTO Player(`player_id`, `player_name`, `player_lastname`, `player_country_id`, `player_positions`, `player_rating`, `player_potential`, `player_birth_year`, `player_height`) VALUES (815, 'Lamari', 'Moussa', 'FRA', 'LW AM', 79, 0, 1997, 176);
INSERT INTO Contract(`contract_player_id`, `contract_club_id`, `contract_signDate`, `contract_expireDate`, `contract_salary`, `contract_number`, `contract_role`) VALUES (815, 'spartakmoscow', 2025, 2028, 44.5, 26, 'LW');
INSERT INTO Player(`player_id`, `player_name`, `player_lastname`, `player_country_id`, `player_positions`, `player_rating`, `player_potential`, `player_birth_year`, `player_height`) VALUES (816, 'Brahbbar', 'Chardir', 'MOR', 'LB LM', 69, 0, 1998, 174);
INSERT INTO Contract(`contract_player_id`, `contract_club_id`, `contract_signDate`, `contract_expireDate`, `contract_salary`, `contract_number`, `contract_role`) VALUES (816, 'galatasaray', 2025, 2026, 9.4, 2, 'sub');
INSERT INTO Player(`player_id`, `player_name`, `player_lastname`, `player_country_id`, `player_positions`, `player_rating`, `player_potential`, `player_birth_year`, `player_height`) VALUES (817, 'Ilsaad', 'Amhiri', 'TUN', 'DM', 73, 78, 2004, 178);
INSERT INTO Contract(`contract_player_id`, `contract_club_id`, `contract_signDate`, `contract_expireDate`, `contract_salary`, `contract_number`, `contract_role`) VALUES (817, 'copenhagen', 2025, 2028, 12.0, 8, 'DM');
INSERT INTO Player(`player_id`, `player_name`, `player_lastname`, `player_country_id`, `player_positions`, `player_rating`, `player_potential`, `player_birth_year`, `player_height`) VALUES (818, 'Rasim', 'Erdechuk', 'UKR', 'CB', 77, 0, 1992, 188);
INSERT INTO Contract(`contract_player_id`, `contract_club_id`, `contract_signDate`, `contract_expireDate`, `contract_salary`, `contract_number`, `contract_role`) VALUES (818, 'shakhtar', 2025, 2027, 35.4, 6, 'sub');
INSERT INTO Player(`player_id`, `player_name`, `player_lastname`, `player_country_id`, `player_positions`, `player_rating`, `player_potential`, `player_birth_year`, `player_height`) VALUES (819, 'Stanislav', 'Sinsiyakoviy', 'UKR', 'CM', 75, 0, 1996, 181);
INSERT INTO Contract(`contract_player_id`, `contract_club_id`, `contract_signDate`, `contract_expireDate`, `contract_salary`, `contract_number`, `contract_role`) VALUES (819, 'shakhtar', 2025, 2028, 29.0, 12, 'sub');
INSERT INTO Player(`player_id`, `player_name`, `player_lastname`, `player_country_id`, `player_positions`, `player_rating`, `player_potential`, `player_birth_year`, `player_height`) VALUES (820, 'Crescenzio', 'Rosario', 'ITA', 'CF', 75, 0, 1988, 192);
INSERT INTO Contract(`contract_player_id`, `contract_club_id`, `contract_signDate`, `contract_expireDate`, `contract_salary`, `contract_number`, `contract_role`) VALUES (820, 'milan', 2025, 2026, 28.0, 18, 'sub');
INSERT INTO Player(`player_id`, `player_name`, `player_lastname`, `player_country_id`, `player_positions`, `player_rating`, `player_potential`, `player_birth_year`, `player_height`) VALUES (821, 'Dezim', 'Mehmedi', 'SWE', 'RB', 73, 0, 1992, 175);
INSERT INTO Contract(`contract_player_id`, `contract_club_id`, `contract_signDate`, `contract_expireDate`, `contract_salary`, `contract_number`, `contract_role`) VALUES (821, 'krasnodar', 2025, 2028, 21.5, 8, 'RB');
INSERT INTO Player(`player_id`, `player_name`, `player_lastname`, `player_country_id`, `player_positions`, `player_rating`, `player_potential`, `player_birth_year`, `player_height`) VALUES (822, 'Michael-Clark', 'Jones', 'ENG', 'CM AM', 79, 84, 2002, 179);
INSERT INTO Contract(`contract_player_id`, `contract_club_id`, `contract_signDate`, `contract_expireDate`, `contract_salary`, `contract_number`, `contract_role`) VALUES (822, 'southampton', 2025, 2028, 28.0, 9, 'sub');
INSERT INTO Player(`player_id`, `player_name`, `player_lastname`, `player_country_id`, `player_positions`, `player_rating`, `player_potential`, `player_birth_year`, `player_height`) VALUES (823, 'Cuarro de Santos', 'Fais', 'BRA', 'CB', 78, 0, 1995, 188);
INSERT INTO Contract(`contract_player_id`, `contract_club_id`, `contract_signDate`, `contract_expireDate`, `contract_salary`, `contract_number`, `contract_role`) VALUES (823, 'astonvilla', 2025, 2027, 39.5, 18, 'sub');
INSERT INTO Player(`player_id`, `player_name`, `player_lastname`, `player_country_id`, `player_positions`, `player_rating`, `player_potential`, `player_birth_year`, `player_height`) VALUES (824, 'Carlos', 'Mello', 'COL', 'CM DM', 77, 0, 1999, 178);
INSERT INTO Contract(`contract_player_id`, `contract_club_id`, `contract_signDate`, `contract_expireDate`, `contract_salary`, `contract_number`, `contract_role`) VALUES (824, 'torino', 2025, 2027, 30.0, 6, 'sub');
INSERT INTO Player(`player_id`, `player_name`, `player_lastname`, `player_country_id`, `player_positions`, `player_rating`, `player_potential`, `player_birth_year`, `player_height`) VALUES (825, 'Jordan', 'Meel', 'ENG', 'CB', 76, 0, 1993, 193);
INSERT INTO Contract(`contract_player_id`, `contract_club_id`, `contract_signDate`, `contract_expireDate`, `contract_salary`, `contract_number`, `contract_role`) VALUES (825, 'qpr', 2025, 2027, 31.2, 2, 'sub');
INSERT INTO Player(`player_id`, `player_name`, `player_lastname`, `player_country_id`, `player_positions`, `player_rating`, `player_potential`, `player_birth_year`, `player_height`) VALUES (826, 'Ouneka', 'Adwaye', 'NGR', 'ST CF RW', 77, 79, 2000, 181);
INSERT INTO Contract(`contract_player_id`, `contract_club_id`, `contract_signDate`, `contract_expireDate`, `contract_salary`, `contract_number`, `contract_role`) VALUES (826, 'qpr', 2025, 2026, 12.0, 6, 'sub');
INSERT INTO Player(`player_id`, `player_name`, `player_lastname`, `player_country_id`, `player_positions`, `player_rating`, `player_potential`, `player_birth_year`, `player_height`) VALUES (827, 'Aaron', 'Davison', 'ENG', 'CM', 76, 0, 1991, 180);
INSERT INTO Contract(`contract_player_id`, `contract_club_id`, `contract_signDate`, `contract_expireDate`, `contract_salary`, `contract_number`, `contract_role`) VALUES (827, 'qpr', 2025, 2028, 31.0, 10, 'sub');
INSERT INTO Player(`player_id`, `player_name`, `player_lastname`, `player_country_id`, `player_positions`, `player_rating`, `player_potential`, `player_birth_year`, `player_height`) VALUES (828, 'Petr', 'Voronsin', 'RUS', 'CB', 73, 80, 1999, 189);
INSERT INTO Contract(`contract_player_id`, `contract_club_id`, `contract_signDate`, `contract_expireDate`, `contract_salary`, `contract_number`, `contract_role`) VALUES (828, 'cskamoscow', 2025, 2027, 18.7, 15, 'sub');
INSERT INTO Player(`player_id`, `player_name`, `player_lastname`, `player_country_id`, `player_positions`, `player_rating`, `player_potential`, `player_birth_year`, `player_height`) VALUES (829, 'Andrei', 'Ivanov', 'RUS', 'AM', 75, 0, 1992, 174);
INSERT INTO Contract(`contract_player_id`, `contract_club_id`, `contract_signDate`, `contract_expireDate`, `contract_salary`, `contract_number`, `contract_role`) VALUES (829, 'cskamoscow', 2025, 2027, 27.7, 7, 'LAM');
INSERT INTO Player(`player_id`, `player_name`, `player_lastname`, `player_country_id`, `player_positions`, `player_rating`, `player_potential`, `player_birth_year`, `player_height`) VALUES (830, 'Luis', 'Potago', 'POR', 'LB', 70, 81, 2004, 176);
INSERT INTO Contract(`contract_player_id`, `contract_club_id`, `contract_signDate`, `contract_expireDate`, `contract_salary`, `contract_number`, `contract_role`) VALUES (830, 'tondela', 2025, 2027, 1.0, 12, 'sub');
INSERT INTO Player(`player_id`, `player_name`, `player_lastname`, `player_country_id`, `player_positions`, `player_rating`, `player_potential`, `player_birth_year`, `player_height`) VALUES (831, 'Aaige', 'Ondre-Anderson', 'DEN', 'CM AM', 84, 0, 1995, 179);
INSERT INTO Contract(`contract_player_id`, `contract_club_id`, `contract_signDate`, `contract_expireDate`, `contract_salary`, `contract_number`, `contract_role`) VALUES (831, 'manchesterunited', 2025, 2027, 64.5, 1, 'sub');
INSERT INTO Player(`player_id`, `player_name`, `player_lastname`, `player_country_id`, `player_positions`, `player_rating`, `player_potential`, `player_birth_year`, `player_height`) VALUES (832, 'Liono', 'Sra', 'ESP', 'GK', 82, 0, 1997, 183);
INSERT INTO Contract(`contract_player_id`, `contract_club_id`, `contract_signDate`, `contract_expireDate`, `contract_salary`, `contract_number`, `contract_role`) VALUES (832, 'sevilla', 2025, 2029, 59.2, 3, 'GK');
INSERT INTO Player(`player_id`, `player_name`, `player_lastname`, `player_country_id`, `player_positions`, `player_rating`, `player_potential`, `player_birth_year`, `player_height`) VALUES (833, 'Bartos', 'Setas', 'GRE', 'CM', 78, 0, 1993, 176);
INSERT INTO Contract(`contract_player_id`, `contract_club_id`, `contract_signDate`, `contract_expireDate`, `contract_salary`, `contract_number`, `contract_role`) VALUES (833, 'cskamoscow', 2025, 2027, 39.6, 9, 'CM');
INSERT INTO Player(`player_id`, `player_name`, `player_lastname`, `player_country_id`, `player_positions`, `player_rating`, `player_potential`, `player_birth_year`, `player_height`) VALUES (834, 'Jose', 'Merz', 'ESP', 'CM', 79, 0, 1991, 179);
INSERT INTO Contract(`contract_player_id`, `contract_club_id`, `contract_signDate`, `contract_expireDate`, `contract_salary`, `contract_number`, `contract_role`) VALUES (834, 'malaga', 2025, 2028, 42.0, 6, 'sub');
INSERT INTO Player(`player_id`, `player_name`, `player_lastname`, `player_country_id`, `player_positions`, `player_rating`, `player_potential`, `player_birth_year`, `player_height`) VALUES (835, 'Tim', 'Digaout', 'BEL', 'GK', 77, 80, 2000, 192);
INSERT INTO Contract(`contract_player_id`, `contract_club_id`, `contract_signDate`, `contract_expireDate`, `contract_salary`, `contract_number`, `contract_role`) VALUES (835, 'everton', 2025, 2028, 18.7, 14, 'GK');
INSERT INTO Player(`player_id`, `player_name`, `player_lastname`, `player_country_id`, `player_positions`, `player_rating`, `player_potential`, `player_birth_year`, `player_height`) VALUES (836, 'Cavin', 'Graye', 'ENG', 'RW', 82, 86, 2003, 176);
INSERT INTO Contract(`contract_player_id`, `contract_club_id`, `contract_signDate`, `contract_expireDate`, `contract_salary`, `contract_number`, `contract_role`) VALUES (836, 'chelsea', 2025, 2028, 44.0, 4, 'sub');
INSERT INTO Player(`player_id`, `player_name`, `player_lastname`, `player_country_id`, `player_positions`, `player_rating`, `player_potential`, `player_birth_year`, `player_height`) VALUES (837, 'Cho-Weon', 'Koo', 'KOR', 'GK', 72, 74, 1998, 182);
INSERT INTO Contract(`contract_player_id`, `contract_club_id`, `contract_signDate`, `contract_expireDate`, `contract_salary`, `contract_number`, `contract_role`) VALUES (837, 'bochum', 2025, 2026, 6.5, 1, 'GK');
INSERT INTO Player(`player_id`, `player_name`, `player_lastname`, `player_country_id`, `player_positions`, `player_rating`, `player_potential`, `player_birth_year`, `player_height`) VALUES (838, 'Jupp', 'Kadeba', 'BEL', 'CB', 76, 79, 2001, 186);
INSERT INTO Contract(`contract_player_id`, `contract_club_id`, `contract_signDate`, `contract_expireDate`, `contract_salary`, `contract_number`, `contract_role`) VALUES (838, 'standard', 2025, 2027, 13.8, 6, 'sub');
INSERT INTO Player(`player_id`, `player_name`, `player_lastname`, `player_country_id`, `player_positions`, `player_rating`, `player_potential`, `player_birth_year`, `player_height`) VALUES (839, 'Jan', 'Kamka', 'SVK', 'CM LM', 80, 0, 1998, 177);
INSERT INTO Contract(`contract_player_id`, `contract_club_id`, `contract_signDate`, `contract_expireDate`, `contract_salary`, `contract_number`, `contract_role`) VALUES (839, 'hoffenheim', 2025, 2026, 43.0, 10, 'LM');
INSERT INTO Player(`player_id`, `player_name`, `player_lastname`, `player_country_id`, `player_positions`, `player_rating`, `player_potential`, `player_birth_year`, `player_height`) VALUES (840, 'Nevid', 'Gyoko', 'HUN', 'RW', 73, 84, 2004, 180);
INSERT INTO Contract(`contract_player_id`, `contract_club_id`, `contract_signDate`, `contract_expireDate`, `contract_salary`, `contract_number`, `contract_role`) VALUES (840, 'ferencvarosi', 2025, 2026, 1.0, 4, 'sub');
INSERT INTO Player(`player_id`, `player_name`, `player_lastname`, `player_country_id`, `player_positions`, `player_rating`, `player_potential`, `player_birth_year`, `player_height`) VALUES (841, 'Denis', 'Kiriakhin', 'RUS', 'RB', 77, 0, 1995, 178);
INSERT INTO Contract(`contract_player_id`, `contract_club_id`, `contract_signDate`, `contract_expireDate`, `contract_salary`, `contract_number`, `contract_role`) VALUES (841, 'spartakmoscow', 2025, 2027, 35.3, 4, 'RB');
INSERT INTO Player(`player_id`, `player_name`, `player_lastname`, `player_country_id`, `player_positions`, `player_rating`, `player_potential`, `player_birth_year`, `player_height`) VALUES (842, 'Nicolas', 'Cateau', 'ROU', 'LW', 68, 74, 2004, 174);
INSERT INTO Contract(`contract_player_id`, `contract_club_id`, `contract_signDate`, `contract_expireDate`, `contract_salary`, `contract_number`, `contract_role`) VALUES (842, 'craiova', 2025, 2027, 1.0, 4, 'sub');
INSERT INTO Player(`player_id`, `player_name`, `player_lastname`, `player_country_id`, `player_positions`, `player_rating`, `player_potential`, `player_birth_year`, `player_height`) VALUES (843, 'Dan', 'Clemmens', 'SCO', 'RB RM', 75, 0, 1992, 174);
INSERT INTO Contract(`contract_player_id`, `contract_club_id`, `contract_signDate`, `contract_expireDate`, `contract_salary`, `contract_number`, `contract_role`) VALUES (843, 'celtic', 2025, 2028, 27.0, 25, 'sub');
INSERT INTO Player(`player_id`, `player_name`, `player_lastname`, `player_country_id`, `player_positions`, `player_rating`, `player_potential`, `player_birth_year`, `player_height`) VALUES (844, 'Arsen', 'Podorov', 'BUL', 'GK', 71, 76, 2002, 191);
INSERT INTO Contract(`contract_player_id`, `contract_club_id`, `contract_signDate`, `contract_expireDate`, `contract_salary`, `contract_number`, `contract_role`) VALUES (844, 'ludogorets', 2025, 2028, 2.3, 5, 'sub');
INSERT INTO Player(`player_id`, `player_name`, `player_lastname`, `player_country_id`, `player_positions`, `player_rating`, `player_potential`, `player_birth_year`, `player_height`) VALUES (845, 'Ifsar', 'Zoremi', 'IRN', 'RB', 70, 0, 1991, 170);
INSERT INTO Contract(`contract_player_id`, `contract_club_id`, `contract_signDate`, `contract_expireDate`, `contract_salary`, `contract_number`, `contract_role`) VALUES (845, 'apoel', 2025, 2027, 14.0, 23, 'sub');
INSERT INTO Player(`player_id`, `player_name`, `player_lastname`, `player_country_id`, `player_positions`, `player_rating`, `player_potential`, `player_birth_year`, `player_height`) VALUES (846, 'Gaston', 'Rodriguez', 'CHI', 'LB', 80, 0, 1993, 175);
INSERT INTO Player(`player_id`, `player_name`, `player_lastname`, `player_country_id`, `player_positions`, `player_rating`, `player_potential`, `player_birth_year`, `player_height`) VALUES (847, 'Predeg', 'Janec', 'SVN', 'CF', 72, 0, 1996, 195);
INSERT INTO Contract(`contract_player_id`, `contract_club_id`, `contract_signDate`, `contract_expireDate`, `contract_salary`, `contract_number`, `contract_role`) VALUES (847, 'apoel', 2025, 2027, 18.3, 21, 'sub');
INSERT INTO Player(`player_id`, `player_name`, `player_lastname`, `player_country_id`, `player_positions`, `player_rating`, `player_potential`, `player_birth_year`, `player_height`) VALUES (848, 'Patassis', 'Tzefedis', 'CYP', 'AM', 74, 0, 1992, 173);
INSERT INTO Contract(`contract_player_id`, `contract_club_id`, `contract_signDate`, `contract_expireDate`, `contract_salary`, `contract_number`, `contract_role`) VALUES (848, 'apoel', 2025, 2028, 25.6, 10, 'sub');
INSERT INTO Player(`player_id`, `player_name`, `player_lastname`, `player_country_id`, `player_positions`, `player_rating`, `player_potential`, `player_birth_year`, `player_height`) VALUES (849, 'Sendres', 'Zine', 'SUI', 'ST SS', 72, 76, 2003, 179);
INSERT INTO Contract(`contract_player_id`, `contract_club_id`, `contract_signDate`, `contract_expireDate`, `contract_salary`, `contract_number`, `contract_role`) VALUES (849, 'zurich', 2025, 2027, 2.4, 13, 'sub');
INSERT INTO Player(`player_id`, `player_name`, `player_lastname`, `player_country_id`, `player_positions`, `player_rating`, `player_potential`, `player_birth_year`, `player_height`) VALUES (850, 'William', 'Vender', 'BRA', 'AM', 70, 82, 2006, 172);
INSERT INTO Contract(`contract_player_id`, `contract_club_id`, `contract_signDate`, `contract_expireDate`, `contract_salary`, `contract_number`, `contract_role`) VALUES (850, 'manchesterunited', 2025, 2029, 1.0, 11, 'sub');
INSERT INTO Player(`player_id`, `player_name`, `player_lastname`, `player_country_id`, `player_positions`, `player_rating`, `player_potential`, `player_birth_year`, `player_height`) VALUES (851, 'Daniel', 'Velecs', 'HUN', 'CB', 68, 0, 1992, 182);
INSERT INTO Contract(`contract_player_id`, `contract_club_id`, `contract_signDate`, `contract_expireDate`, `contract_salary`, `contract_number`, `contract_role`) VALUES (851, 'ferencvarosi', 2025, 2027, 9.0, 2, 'sub');
INSERT INTO Player(`player_id`, `player_name`, `player_lastname`, `player_country_id`, `player_positions`, `player_rating`, `player_potential`, `player_birth_year`, `player_height`) VALUES (852, 'Nikolay', 'Karaseev', 'RUS', 'RB RM', 75, 0, 1995, 176);
INSERT INTO Contract(`contract_player_id`, `contract_club_id`, `contract_signDate`, `contract_expireDate`, `contract_salary`, `contract_number`, `contract_role`) VALUES (852, 'zenit', 2025, 2028, 27.6, 6, 'sub');
INSERT INTO Player(`player_id`, `player_name`, `player_lastname`, `player_country_id`, `player_positions`, `player_rating`, `player_potential`, `player_birth_year`, `player_height`) VALUES (853, 'Alexandros', 'Thanassiu', 'CYP', 'CB', 71, 0, 1993, 192);
INSERT INTO Contract(`contract_player_id`, `contract_club_id`, `contract_signDate`, `contract_expireDate`, `contract_salary`, `contract_number`, `contract_role`) VALUES (853, 'apoel', 2025, 2026, 15.3, 2, 'sub');
INSERT INTO Player(`player_id`, `player_name`, `player_lastname`, `player_country_id`, `player_positions`, `player_rating`, `player_potential`, `player_birth_year`, `player_height`) VALUES (854, 'Phil', 'Volstadt', 'GER', 'AM SS', 82, 0, 1999, 176);
INSERT INTO Contract(`contract_player_id`, `contract_club_id`, `contract_signDate`, `contract_expireDate`, `contract_salary`, `contract_number`, `contract_role`) VALUES (854, 'hoffenheim', 2025, 2027, 30.0, 15, 'SS');
INSERT INTO Player(`player_id`, `player_name`, `player_lastname`, `player_country_id`, `player_positions`, `player_rating`, `player_potential`, `player_birth_year`, `player_height`) VALUES (855, 'Lukasz', 'Szymanow', 'POL', 'LB', 75, 76, 2000, 178);
INSERT INTO Contract(`contract_player_id`, `contract_club_id`, `contract_signDate`, `contract_expireDate`, `contract_salary`, `contract_number`, `contract_role`) VALUES (855, 'hoffenheim', 2025, 2028, 19.3, 7, 'LB');
INSERT INTO Player(`player_id`, `player_name`, `player_lastname`, `player_country_id`, `player_positions`, `player_rating`, `player_potential`, `player_birth_year`, `player_height`) VALUES (856, 'Yandu', 'Kok', 'CIV', 'CB', 69, 0, 1993, 186);
INSERT INTO Contract(`contract_player_id`, `contract_club_id`, `contract_signDate`, `contract_expireDate`, `contract_salary`, `contract_number`, `contract_role`) VALUES (856, 'ferencvarosi', 2025, 2026, 10.6, 20, 'sub');
INSERT INTO Player(`player_id`, `player_name`, `player_lastname`, `player_country_id`, `player_positions`, `player_rating`, `player_potential`, `player_birth_year`, `player_height`) VALUES (857, 'Marin', 'olar', 'CRO', 'GK', 73, 0, 1987, 187);
INSERT INTO Contract(`contract_player_id`, `contract_club_id`, `contract_signDate`, `contract_expireDate`, `contract_salary`, `contract_number`, `contract_role`) VALUES (857, 'zrinjski', 2025, 2026, 17.5, 27, 'GK');
INSERT INTO Player(`player_id`, `player_name`, `player_lastname`, `player_country_id`, `player_positions`, `player_rating`, `player_potential`, `player_birth_year`, `player_height`) VALUES (858, 'Uro', 'Muroanin', 'MNE', 'CB', 70, 80, 2003, 190);
INSERT INTO Contract(`contract_player_id`, `contract_club_id`, `contract_signDate`, `contract_expireDate`, `contract_salary`, `contract_number`, `contract_role`) VALUES (858, 'buducnost', 2025, 2026, 1.0, 10, 'sub');
INSERT INTO Player(`player_id`, `player_name`, `player_lastname`, `player_country_id`, `player_positions`, `player_rating`, `player_potential`, `player_birth_year`, `player_height`) VALUES (859, 'Petr', 'Sikolarnic', 'CZE', 'RB', 72, 0, 1992, 177);
INSERT INTO Contract(`contract_player_id`, `contract_club_id`, `contract_signDate`, `contract_expireDate`, `contract_salary`, `contract_number`, `contract_role`) VALUES (859, 'viktoriaplzen', 2025, 2028, 15.0, 6, 'RB');
INSERT INTO Player(`player_id`, `player_name`, `player_lastname`, `player_country_id`, `player_positions`, `player_rating`, `player_potential`, `player_birth_year`, `player_height`) VALUES (860, 'Tomas', 'tuper', 'CZE', 'CM DM', 68, 0, 1991, 178);
INSERT INTO Contract(`contract_player_id`, `contract_club_id`, `contract_signDate`, `contract_expireDate`, `contract_salary`, `contract_number`, `contract_role`) VALUES (860, 'viktoriaplzen', 2025, 2027, 8.6, 12, 'DM');
INSERT INTO Player(`player_id`, `player_name`, `player_lastname`, `player_country_id`, `player_positions`, `player_rating`, `player_potential`, `player_birth_year`, `player_height`) VALUES (861, 'Nikola', 'Bobi', 'CRO', 'RW RM', 68, 71, 2002, 175);
INSERT INTO Contract(`contract_player_id`, `contract_club_id`, `contract_signDate`, `contract_expireDate`, `contract_salary`, `contract_number`, `contract_role`) VALUES (861, 'zrinjski', 2025, 2026, 5.5, 16, 'sub');
INSERT INTO Player(`player_id`, `player_name`, `player_lastname`, `player_country_id`, `player_positions`, `player_rating`, `player_potential`, `player_birth_year`, `player_height`) VALUES (862, 'Zafer', 'Hajki', 'BIH', 'LW AM', 69, 74, 2000, 173);
INSERT INTO Contract(`contract_player_id`, `contract_club_id`, `contract_signDate`, `contract_expireDate`, `contract_salary`, `contract_number`, `contract_role`) VALUES (862, 'sarajevo', 2025, 2027, 5.7, 3, 'sub');
INSERT INTO Player(`player_id`, `player_name`, `player_lastname`, `player_country_id`, `player_positions`, `player_rating`, `player_potential`, `player_birth_year`, `player_height`) VALUES (863, 'Stefan', 'Zijekovi', 'BIH', 'CF ST', 72, 76, 2001, 188);
INSERT INTO Contract(`contract_player_id`, `contract_club_id`, `contract_signDate`, `contract_expireDate`, `contract_salary`, `contract_number`, `contract_role`) VALUES (863, 'zrinjski', 2025, 2028, 8.7, 13, 'sub');
INSERT INTO Player(`player_id`, `player_name`, `player_lastname`, `player_country_id`, `player_positions`, `player_rating`, `player_potential`, `player_birth_year`, `player_height`) VALUES (864, 'Nikolej', 'Kranic', 'CZE', 'CF ST', 71, 87, 2005, 189);
INSERT INTO Contract(`contract_player_id`, `contract_club_id`, `contract_signDate`, `contract_expireDate`, `contract_salary`, `contract_number`, `contract_role`) VALUES (864, 'slaviaprague', 2025, 2028, 1.0, 1, 'sub');
INSERT INTO Player(`player_id`, `player_name`, `player_lastname`, `player_country_id`, `player_positions`, `player_rating`, `player_potential`, `player_birth_year`, `player_height`) VALUES (865, 'Micail', 'Ozdrenski', 'CZE', 'CF', 73, 77, 2000, 187);
INSERT INTO Contract(`contract_player_id`, `contract_club_id`, `contract_signDate`, `contract_expireDate`, `contract_salary`, `contract_number`, `contract_role`) VALUES (865, 'viktoriaplzen', 2025, 2026, 15.0, 10, 'CF');
INSERT INTO Player(`player_id`, `player_name`, `player_lastname`, `player_country_id`, `player_positions`, `player_rating`, `player_potential`, `player_birth_year`, `player_height`) VALUES (866, 'Petr', 'Krat', 'CZE', 'CM', 68, 79, 2006, 179);
INSERT INTO Contract(`contract_player_id`, `contract_club_id`, `contract_signDate`, `contract_expireDate`, `contract_salary`, `contract_number`, `contract_role`) VALUES (866, 'slaviaprague', 2025, 2029, 1.0, 4, 'sub');
INSERT INTO Player(`player_id`, `player_name`, `player_lastname`, `player_country_id`, `player_positions`, `player_rating`, `player_potential`, `player_birth_year`, `player_height`) VALUES (867, 'Nemanja', 'Drenovi', 'SRB', 'RB', 67, 74, 2006, 180);
INSERT INTO Contract(`contract_player_id`, `contract_club_id`, `contract_signDate`, `contract_expireDate`, `contract_salary`, `contract_number`, `contract_role`) VALUES (867, 'slaviaprague', 2025, 2029, 1.1, 16, 'sub');
INSERT INTO Player(`player_id`, `player_name`, `player_lastname`, `player_country_id`, `player_positions`, `player_rating`, `player_potential`, `player_birth_year`, `player_height`) VALUES (868, 'Abdou', 'Boulanga', 'GAB', 'ST CF', 75, 0, 1997, 183);
INSERT INTO Contract(`contract_player_id`, `contract_club_id`, `contract_signDate`, `contract_expireDate`, `contract_salary`, `contract_number`, `contract_role`) VALUES (868, 'paok', 2025, 2029, 28.0, 5, 'sub');
INSERT INTO Player(`player_id`, `player_name`, `player_lastname`, `player_country_id`, `player_positions`, `player_rating`, `player_potential`, `player_birth_year`, `player_height`) VALUES (869, 'Matej', 'Bari', 'CRO', 'RB', 76, 80, 2003, 176);
INSERT INTO Contract(`contract_player_id`, `contract_club_id`, `contract_signDate`, `contract_expireDate`, `contract_salary`, `contract_number`, `contract_role`) VALUES (869, 'dinamozagreb', 2025, 2026, 1.0, 6, 'sub');
INSERT INTO Player(`player_id`, `player_name`, `player_lastname`, `player_country_id`, `player_positions`, `player_rating`, `player_potential`, `player_birth_year`, `player_height`) VALUES (870, 'Martin', 'Zedela', 'CZE', 'DM', 71, 77, 2001, 185);
INSERT INTO Contract(`contract_player_id`, `contract_club_id`, `contract_signDate`, `contract_expireDate`, `contract_salary`, `contract_number`, `contract_role`) VALUES (870, 'slaviaprague', 2025, 2027, 12.5, 6, 'sub');
INSERT INTO Player(`player_id`, `player_name`, `player_lastname`, `player_country_id`, `player_positions`, `player_rating`, `player_potential`, `player_birth_year`, `player_height`) VALUES (871, 'Eldes', 'Jorge', 'POR', 'CB RB', 72, 73, 2000, 182);
INSERT INTO Contract(`contract_player_id`, `contract_club_id`, `contract_signDate`, `contract_expireDate`, `contract_salary`, `contract_number`, `contract_role`) VALUES (871, 'braga', 2025, 2026, 10.2, 12, 'RB');
INSERT INTO Player(`player_id`, `player_name`, `player_lastname`, `player_country_id`, `player_positions`, `player_rating`, `player_potential`, `player_birth_year`, `player_height`) VALUES (872, 'Lovre', 'Hanii', 'SVN', 'CB', 76, 0, 1988, 193);
INSERT INTO Contract(`contract_player_id`, `contract_club_id`, `contract_signDate`, `contract_expireDate`, `contract_salary`, `contract_number`, `contract_role`) VALUES (872, 'maribor', 2025, 2027, 27.0, 16, 'sub');
INSERT INTO Player(`player_id`, `player_name`, `player_lastname`, `player_country_id`, `player_positions`, `player_rating`, `player_potential`, `player_birth_year`, `player_height`) VALUES (873, 'Fadit', 'Demiroglou', 'TUR', 'AM RM', 79, 0, 1998, 179);
INSERT INTO Contract(`contract_player_id`, `contract_club_id`, `contract_signDate`, `contract_expireDate`, `contract_salary`, `contract_number`, `contract_role`) VALUES (873, 'galatasaray', 2025, 2027, 39.5, 3, 'RM');
INSERT INTO Player(`player_id`, `player_name`, `player_lastname`, `player_country_id`, `player_positions`, `player_rating`, `player_potential`, `player_birth_year`, `player_height`) VALUES (874, 'Bernard', 'Taman', 'SVN', 'RB CB', 74, 76, 2000, 183);
INSERT INTO Contract(`contract_player_id`, `contract_club_id`, `contract_signDate`, `contract_expireDate`, `contract_salary`, `contract_number`, `contract_role`) VALUES (874, 'maribor', 2025, 2027, 8.0, 6, 'sub');
INSERT INTO Player(`player_id`, `player_name`, `player_lastname`, `player_country_id`, `player_positions`, `player_rating`, `player_potential`, `player_birth_year`, `player_height`) VALUES (875, 'Chevery', 'Diander', 'FRA', 'CB', 75, 0, 1993, 184);
INSERT INTO Contract(`contract_player_id`, `contract_club_id`, `contract_signDate`, `contract_expireDate`, `contract_salary`, `contract_number`, `contract_role`) VALUES (875, 'marseille', 2025, 2027, 28.0, 17, 'LCB');
INSERT INTO Player(`player_id`, `player_name`, `player_lastname`, `player_country_id`, `player_positions`, `player_rating`, `player_potential`, `player_birth_year`, `player_height`) VALUES (876, 'Marc Andre', 'Rodrigues', 'LUX', 'LB', 74, 77, 2001, 176);
INSERT INTO Contract(`contract_player_id`, `contract_club_id`, `contract_signDate`, `contract_expireDate`, `contract_salary`, `contract_number`, `contract_role`) VALUES (876, 'feyenoord', 2025, 2027, 8.6, 6, 'LB');
INSERT INTO Player(`player_id`, `player_name`, `player_lastname`, `player_country_id`, `player_positions`, `player_rating`, `player_potential`, `player_birth_year`, `player_height`) VALUES (877, 'Duncan', 'Weelms', 'SUR', 'LW ST', 79, 80, 2002, 182);
INSERT INTO Contract(`contract_player_id`, `contract_club_id`, `contract_signDate`, `contract_expireDate`, `contract_salary`, `contract_number`, `contract_role`) VALUES (877, 'psv', 2025, 2028, 26.0, 9, 'LW');
INSERT INTO Player(`player_id`, `player_name`, `player_lastname`, `player_country_id`, `player_positions`, `player_rating`, `player_potential`, `player_birth_year`, `player_height`) VALUES (878, 'Malunga', 'Dikanbe', 'DRC', 'CB', 72, 78, 2003, 197);
INSERT INTO Contract(`contract_player_id`, `contract_club_id`, `contract_signDate`, `contract_expireDate`, `contract_salary`, `contract_number`, `contract_role`) VALUES (878, 'rsca', 2025, 2026, 1.0, 18, 'RCB');
INSERT INTO Player(`player_id`, `player_name`, `player_lastname`, `player_country_id`, `player_positions`, `player_rating`, `player_potential`, `player_birth_year`, `player_height`) VALUES (879, 'Saybal', 'Atin', 'TUR', 'AM', 73, 83, 2002, 173);
INSERT INTO Contract(`contract_player_id`, `contract_club_id`, `contract_signDate`, `contract_expireDate`, `contract_salary`, `contract_number`, `contract_role`) VALUES (879, 'qarabag', 2025, 2028, 8.0, 5, 'sub');
INSERT INTO Player(`player_id`, `player_name`, `player_lastname`, `player_country_id`, `player_positions`, `player_rating`, `player_potential`, `player_birth_year`, `player_height`) VALUES (880, 'Lenglane', 'Chardenier', 'FRA', 'CB', 72, 0, 1994, 183);
INSERT INTO Contract(`contract_player_id`, `contract_club_id`, `contract_signDate`, `contract_expireDate`, `contract_salary`, `contract_number`, `contract_role`) VALUES (880, 'lille', 2025, 2027, 18.2, 2, 'LCB');
INSERT INTO Player(`player_id`, `player_name`, `player_lastname`, `player_country_id`, `player_positions`, `player_rating`, `player_potential`, `player_birth_year`, `player_height`) VALUES (881, 'Le Cente', 'Ugo', 'FRA', 'CM', 70, 81, 2006, 180);
INSERT INTO Contract(`contract_player_id`, `contract_club_id`, `contract_signDate`, `contract_expireDate`, `contract_salary`, `contract_number`, `contract_role`) VALUES (881, 'lyon', 2025, 2029, 1.0, 20, 'sub');
INSERT INTO Player(`player_id`, `player_name`, `player_lastname`, `player_country_id`, `player_positions`, `player_rating`, `player_potential`, `player_birth_year`, `player_height`) VALUES (882, 'Ejitweeg', 'Haarterer', 'NED', 'GK', 76, 77, 2000, 188);
INSERT INTO Contract(`contract_player_id`, `contract_club_id`, `contract_signDate`, `contract_expireDate`, `contract_salary`, `contract_number`, `contract_role`) VALUES (882, 'ajax', 2025, 2027, 17.5, 7, 'GK');
INSERT INTO Player(`player_id`, `player_name`, `player_lastname`, `player_country_id`, `player_positions`, `player_rating`, `player_potential`, `player_birth_year`, `player_height`) VALUES (883, 'Timhy', 'Fekonen', 'BEL', 'LB', 77, 0, 1993, 176);
INSERT INTO Contract(`contract_player_id`, `contract_club_id`, `contract_signDate`, `contract_expireDate`, `contract_salary`, `contract_number`, `contract_role`) VALUES (883, 'clubbrugge', 2025, 2027, 35.2, 17, 'sub');
INSERT INTO Player(`player_id`, `player_name`, `player_lastname`, `player_country_id`, `player_positions`, `player_rating`, `player_potential`, `player_birth_year`, `player_height`) VALUES (884, 'Ivan', 'Chandirov', 'RUS', 'ST CF', 71, 0, 1996, 183);
INSERT INTO Contract(`contract_player_id`, `contract_club_id`, `contract_signDate`, `contract_expireDate`, `contract_salary`, `contract_number`, `contract_role`) VALUES (884, 'samara', 2025, 2028, 16.0, 11, 'sub');
INSERT INTO Player(`player_id`, `player_name`, `player_lastname`, `player_country_id`, `player_positions`, `player_rating`, `player_potential`, `player_birth_year`, `player_height`) VALUES (885, 'Niels', 'Larsen', 'DEN', 'CB RB', 76, 82, 2004, 187);
INSERT INTO Contract(`contract_player_id`, `contract_club_id`, `contract_signDate`, `contract_expireDate`, `contract_salary`, `contract_number`, `contract_role`) VALUES (885, 'ajax', 2025, 2027, 1.0, 3, 'LCB');
INSERT INTO Player(`player_id`, `player_name`, `player_lastname`, `player_country_id`, `player_positions`, `player_rating`, `player_potential`, `player_birth_year`, `player_height`) VALUES (886, 'Norman', 'Bastill', 'FRA', 'CM AM', 76, 0, 1993, 179);
INSERT INTO Contract(`contract_player_id`, `contract_club_id`, `contract_signDate`, `contract_expireDate`, `contract_salary`, `contract_number`, `contract_role`) VALUES (886, 'lille', 2025, 2028, 31.8, 10, 'CM');
INSERT INTO Player(`player_id`, `player_name`, `player_lastname`, `player_country_id`, `player_positions`, `player_rating`, `player_potential`, `player_birth_year`, `player_height`) VALUES (887, 'Emrem', 'Mecteh', 'TUR', 'LB', 72, 0, 1994, 175);
INSERT INTO Contract(`contract_player_id`, `contract_club_id`, `contract_signDate`, `contract_expireDate`, `contract_salary`, `contract_number`, `contract_role`) VALUES (887, 'trabzonspor', 2025, 2028, 18.4, 5, 'LB');
INSERT INTO Player(`player_id`, `player_name`, `player_lastname`, `player_country_id`, `player_positions`, `player_rating`, `player_potential`, `player_birth_year`, `player_height`) VALUES (888, 'Cambioso', 'Medina', 'ARG', 'ST CF', 79, 0, 1996, 180);
INSERT INTO Contract(`contract_player_id`, `contract_club_id`, `contract_signDate`, `contract_expireDate`, `contract_salary`, `contract_number`, `contract_role`) VALUES (888, 'boca', 2025, 2028, 43.8, 10, 'sub');
INSERT INTO Player(`player_id`, `player_name`, `player_lastname`, `player_country_id`, `player_positions`, `player_rating`, `player_potential`, `player_birth_year`, `player_height`) VALUES (889, 'Samuel', 'Xever', 'CPV', 'LW', 78, 80, 2002, 176);
INSERT INTO Contract(`contract_player_id`, `contract_club_id`, `contract_signDate`, `contract_expireDate`, `contract_salary`, `contract_number`, `contract_role`) VALUES (889, 'clubbrugge', 2025, 2029, 34.0, 7, 'sub');
INSERT INTO Player(`player_id`, `player_name`, `player_lastname`, `player_country_id`, `player_positions`, `player_rating`, `player_potential`, `player_birth_year`, `player_height`) VALUES (890, 'Gregorio', 'Kasperianou', 'ROU', 'GK', 76, 0, 1996, 193);
INSERT INTO Contract(`contract_player_id`, `contract_club_id`, `contract_signDate`, `contract_expireDate`, `contract_salary`, `contract_number`, `contract_role`) VALUES (890, 'deportivocoruna', 2025, 2028, 31.7, 28, 'GK');
INSERT INTO Player(`player_id`, `player_name`, `player_lastname`, `player_country_id`, `player_positions`, `player_rating`, `player_potential`, `player_birth_year`, `player_height`) VALUES (891, 'Ayol', 'David', 'ESP', 'GK', 77, 80, 2000, 185);
INSERT INTO Contract(`contract_player_id`, `contract_club_id`, `contract_signDate`, `contract_expireDate`, `contract_salary`, `contract_number`, `contract_role`) VALUES (891, 'realsociedad', 2025, 2027, 22.0, 2, 'GK');
INSERT INTO Player(`player_id`, `player_name`, `player_lastname`, `player_country_id`, `player_positions`, `player_rating`, `player_potential`, `player_birth_year`, `player_height`) VALUES (892, 'Davey', 'Austin', 'SCO', 'CF', 78, 0, 1996, 185);
INSERT INTO Contract(`contract_player_id`, `contract_club_id`, `contract_signDate`, `contract_expireDate`, `contract_salary`, `contract_number`, `contract_role`) VALUES (892, 'rangers', 2025, 2028, 40.0, 80, 'sub');
INSERT INTO Player(`player_id`, `player_name`, `player_lastname`, `player_country_id`, `player_positions`, `player_rating`, `player_potential`, `player_birth_year`, `player_height`) VALUES (893, 'Hijeda', 'Mara', 'MEX', 'CB', 84, 86, 1999, 187);
INSERT INTO Contract(`contract_player_id`, `contract_club_id`, `contract_signDate`, `contract_expireDate`, `contract_salary`, `contract_number`, `contract_role`) VALUES (893, 'atleticodemadrid', 2025, 2027, 29.0, 4, 'sub');
INSERT INTO Player(`player_id`, `player_name`, `player_lastname`, `player_country_id`, `player_positions`, `player_rating`, `player_potential`, `player_birth_year`, `player_height`) VALUES (894, 'Konstantyn', 'Kotoplyanko', 'UKR', 'DM', 75, 79, 2001, 184);
INSERT INTO Contract(`contract_player_id`, `contract_club_id`, `contract_signDate`, `contract_expireDate`, `contract_salary`, `contract_number`, `contract_role`) VALUES (894, 'dynamokyiv', 2025, 2028, 13.8, 3, 'DM');
INSERT INTO Player(`player_id`, `player_name`, `player_lastname`, `player_country_id`, `player_positions`, `player_rating`, `player_potential`, `player_birth_year`, `player_height`) VALUES (895, 'Denys', 'Sidrayev', 'UKR', 'ST CF', 73, 81, 2004, 185);
INSERT INTO Contract(`contract_player_id`, `contract_club_id`, `contract_signDate`, `contract_expireDate`, `contract_salary`, `contract_number`, `contract_role`) VALUES (895, 'shakhtar', 2025, 2027, 1.0, 9, 'sub');
INSERT INTO Player(`player_id`, `player_name`, `player_lastname`, `player_country_id`, `player_positions`, `player_rating`, `player_potential`, `player_birth_year`, `player_height`) VALUES (896, 'Danyl', 'Zhitoryi', 'UKR', 'GK', 73, 0, 1998, 187);
INSERT INTO Contract(`contract_player_id`, `contract_club_id`, `contract_signDate`, `contract_expireDate`, `contract_salary`, `contract_number`, `contract_role`) VALUES (896, 'shakhtar', 2025, 2028, 18.0, 7, 'GK');
INSERT INTO Player(`player_id`, `player_name`, `player_lastname`, `player_country_id`, `player_positions`, `player_rating`, `player_potential`, `player_birth_year`, `player_height`) VALUES (897, 'Quasi', 'Dioma', 'GUB', 'RW AM', 67, 76, 2007, 169);
INSERT INTO Contract(`contract_player_id`, `contract_club_id`, `contract_signDate`, `contract_expireDate`, `contract_salary`, `contract_number`, `contract_role`) VALUES (897, 'braga', 2025, 2029, 1.0, 42, 'sub');
INSERT INTO Player(`player_id`, `player_name`, `player_lastname`, `player_country_id`, `player_positions`, `player_rating`, `player_potential`, `player_birth_year`, `player_height`) VALUES (898, 'Jens-Andres', 'Ilve', 'DEN', 'CM', 71, 0, 1992, 178);
INSERT INTO Contract(`contract_player_id`, `contract_club_id`, `contract_signDate`, `contract_expireDate`, `contract_salary`, `contract_number`, `contract_role`) VALUES (898, 'midtjylland', 2025, 2027, 15.3, 12, 'sub');
INSERT INTO Player(`player_id`, `player_name`, `player_lastname`, `player_country_id`, `player_positions`, `player_rating`, `player_potential`, `player_birth_year`, `player_height`) VALUES (899, 'Guillamo', 'Ponceso', 'ITA', 'CM DM', 81, 83, 2002, 179);
INSERT INTO Contract(`contract_player_id`, `contract_club_id`, `contract_signDate`, `contract_expireDate`, `contract_salary`, `contract_number`, `contract_role`) VALUES (899, 'juventus', 2025, 2029, 50.0, 12, 'sub');
INSERT INTO Player(`player_id`, `player_name`, `player_lastname`, `player_country_id`, `player_positions`, `player_rating`, `player_potential`, `player_birth_year`, `player_height`) VALUES (900, 'Ionnidis', 'Adolas', 'GRE', 'CB', 70, 0, 1997, 185);
INSERT INTO Contract(`contract_player_id`, `contract_club_id`, `contract_signDate`, `contract_expireDate`, `contract_salary`, `contract_number`, `contract_role`) VALUES (900, 'olympiacos', 2025, 2027, 13.2, 20, 'CB');
INSERT INTO Player(`player_id`, `player_name`, `player_lastname`, `player_country_id`, `player_positions`, `player_rating`, `player_potential`, `player_birth_year`, `player_height`) VALUES (901, 'Leonardo', 'Santini', 'ITA', 'ST SS', 81, 0, 1996, 178);
INSERT INTO Contract(`contract_player_id`, `contract_club_id`, `contract_signDate`, `contract_expireDate`, `contract_salary`, `contract_number`, `contract_role`) VALUES (901, 'inter', 2025, 2028, 53.3, 1, 'sub');
INSERT INTO Player(`player_id`, `player_name`, `player_lastname`, `player_country_id`, `player_positions`, `player_rating`, `player_potential`, `player_birth_year`, `player_height`) VALUES (902, 'Sergei', 'Safalaretski', 'RUS', 'LB', 67, 0, 1993, 175);
INSERT INTO Contract(`contract_player_id`, `contract_club_id`, `contract_signDate`, `contract_expireDate`, `contract_salary`, `contract_number`, `contract_role`) VALUES (902, 'nizhniy', 2025, 2027, 7.1, 12, 'sub');
INSERT INTO Player(`player_id`, `player_name`, `player_lastname`, `player_country_id`, `player_positions`, `player_rating`, `player_potential`, `player_birth_year`, `player_height`) VALUES (903, 'Aranho', 'Pereise', 'BRA', 'CM', 76, 0, 1995, 176);
INSERT INTO Contract(`contract_player_id`, `contract_club_id`, `contract_signDate`, `contract_expireDate`, `contract_salary`, `contract_number`, `contract_role`) VALUES (903, 'dynamokyiv', 2025, 2028, 31.6, 10, 'CM');
INSERT INTO Player(`player_id`, `player_name`, `player_lastname`, `player_country_id`, `player_positions`, `player_rating`, `player_potential`, `player_birth_year`, `player_height`) VALUES (904, 'Simon', 'Yarduk', 'UKR', 'CM', 71, 0, 1992, 178);
INSERT INTO Contract(`contract_player_id`, `contract_club_id`, `contract_signDate`, `contract_expireDate`, `contract_salary`, `contract_number`, `contract_role`) VALUES (904, 'shakhtar', 2025, 2027, 15.5, 5, 'sub');
INSERT INTO Player(`player_id`, `player_name`, `player_lastname`, `player_country_id`, `player_positions`, `player_rating`, `player_potential`, `player_birth_year`, `player_height`) VALUES (905, 'Adriani', 'Zabaredi', 'SUI', 'DM', 73, 77, 2002, 179);
INSERT INTO Contract(`contract_player_id`, `contract_club_id`, `contract_signDate`, `contract_expireDate`, `contract_salary`, `contract_number`, `contract_role`) VALUES (905, 'basel', 2025, 2026, 1.0, 24, 'sub');
INSERT INTO Player(`player_id`, `player_name`, `player_lastname`, `player_country_id`, `player_positions`, `player_rating`, `player_potential`, `player_birth_year`, `player_height`) VALUES (906, 'Ricks', 'Baden', 'NED', 'CM', 76, 80, 2001, 182);
INSERT INTO Contract(`contract_player_id`, `contract_club_id`, `contract_signDate`, `contract_expireDate`, `contract_salary`, `contract_number`, `contract_role`) VALUES (906, 'werder', 2025, 2028, 20.0, 4, 'sub');
INSERT INTO Player(`player_id`, `player_name`, `player_lastname`, `player_country_id`, `player_positions`, `player_rating`, `player_potential`, `player_birth_year`, `player_height`) VALUES (907, 'Junior', 'Mariano', 'BRA', 'ST CF', 85, 87, 2000, 183);
INSERT INTO Contract(`contract_player_id`, `contract_club_id`, `contract_signDate`, `contract_expireDate`, `contract_salary`, `contract_number`, `contract_role`) VALUES (907, 'dortmund', 2025, 2027, 50.0, 10, 'sub');
INSERT INTO Player(`player_id`, `player_name`, `player_lastname`, `player_country_id`, `player_positions`, `player_rating`, `player_potential`, `player_birth_year`, `player_height`) VALUES (908, 'Aldari', 'Iratore', 'ITA', 'DM CM', 79, 0, 1996, 178);
INSERT INTO Contract(`contract_player_id`, `contract_club_id`, `contract_signDate`, `contract_expireDate`, `contract_salary`, `contract_number`, `contract_role`) VALUES (908, 'sassuolo', 2025, 2027, 45.0, 7, 'sub');
INSERT INTO Player(`player_id`, `player_name`, `player_lastname`, `player_country_id`, `player_positions`, `player_rating`, `player_potential`, `player_birth_year`, `player_height`) VALUES (909, 'Jancl', 'Brnava', 'CZE', 'GK', 77, 0, 1996, 192);
INSERT INTO Contract(`contract_player_id`, `contract_club_id`, `contract_signDate`, `contract_expireDate`, `contract_salary`, `contract_number`, `contract_role`) VALUES (909, 'lazio', 2025, 2028, 35.2, 15, 'GK');
INSERT INTO Player(`player_id`, `player_name`, `player_lastname`, `player_country_id`, `player_positions`, `player_rating`, `player_potential`, `player_birth_year`, `player_height`) VALUES (910, 'Miendle', 'Keffer', 'SUI', 'GK', 78, 0, 1996, 192);
INSERT INTO Contract(`contract_player_id`, `contract_club_id`, `contract_signDate`, `contract_expireDate`, `contract_salary`, `contract_number`, `contract_role`) VALUES (910, 'bayerleverkusen', 2025, 2026, 34.0, 22, 'GK');
INSERT INTO Player(`player_id`, `player_name`, `player_lastname`, `player_country_id`, `player_positions`, `player_rating`, `player_potential`, `player_birth_year`, `player_height`) VALUES (911, 'Filippo', 'Cavio', 'ITA', 'GK', 72, 81, 2004, 184);
INSERT INTO Contract(`contract_player_id`, `contract_club_id`, `contract_signDate`, `contract_expireDate`, `contract_salary`, `contract_number`, `contract_role`) VALUES (911, 'udinese', 2025, 2028, 1.0, 26, 'GK');
INSERT INTO Player(`player_id`, `player_name`, `player_lastname`, `player_country_id`, `player_positions`, `player_rating`, `player_potential`, `player_birth_year`, `player_height`) VALUES (912, 'Alexander', 'Ingurtssen', 'ISL', 'AM CM', 83, 0, 1994, 180);
INSERT INTO Contract(`contract_player_id`, `contract_club_id`, `contract_signDate`, `contract_expireDate`, `contract_salary`, `contract_number`, `contract_role`) VALUES (912, 'tottenham', 2025, 2027, 64.0, 1, 'sub');
INSERT INTO Player(`player_id`, `player_name`, `player_lastname`, `player_country_id`, `player_positions`, `player_rating`, `player_potential`, `player_birth_year`, `player_height`) VALUES (913, 'Richard', 'Tangar', 'CIV', 'AM SS', 80, 84, 2003, 179);
INSERT INTO Contract(`contract_player_id`, `contract_club_id`, `contract_signDate`, `contract_expireDate`, `contract_salary`, `contract_number`, `contract_role`) VALUES (913, 'youngboys', 2025, 2027, 5.0, 3, 'sub');
INSERT INTO Player(`player_id`, `player_name`, `player_lastname`, `player_country_id`, `player_positions`, `player_rating`, `player_potential`, `player_birth_year`, `player_height`) VALUES (914, 'Thymon', 'Reddier', 'SUI', 'LW', 76, 77, 2000, 177);
INSERT INTO Contract(`contract_player_id`, `contract_club_id`, `contract_signDate`, `contract_expireDate`, `contract_salary`, `contract_number`, `contract_role`) VALUES (914, 'youngboys', 2025, 2026, 14.0, 7, 'sub');
INSERT INTO Player(`player_id`, `player_name`, `player_lastname`, `player_country_id`, `player_positions`, `player_rating`, `player_potential`, `player_birth_year`, `player_height`) VALUES (915, 'Adhan', 'Kaberi', 'TUR', 'ST SS', 69, 70, 2000, 174);
INSERT INTO Contract(`contract_player_id`, `contract_club_id`, `contract_signDate`, `contract_expireDate`, `contract_salary`, `contract_number`, `contract_role`) VALUES (915, 'bursaspor', 2025, 2027, 4.5, 2, 'sub');
INSERT INTO Player(`player_id`, `player_name`, `player_lastname`, `player_country_id`, `player_positions`, `player_rating`, `player_potential`, `player_birth_year`, `player_height`) VALUES (916, 'Milan', 'Jankov', 'SRB', 'GK', 70, 80, 2003, 189);
INSERT INTO Contract(`contract_player_id`, `contract_club_id`, `contract_signDate`, `contract_expireDate`, `contract_salary`, `contract_number`, `contract_role`) VALUES (916, 'vojvodina', 2025, 2028, 5.0, 1, 'sub');
INSERT INTO Player(`player_id`, `player_name`, `player_lastname`, `player_country_id`, `player_positions`, `player_rating`, `player_potential`, `player_birth_year`, `player_height`) VALUES (917, 'Christian', 'Brasherre', 'MON', 'CB', 68, 0, 1996, 188);
INSERT INTO Contract(`contract_player_id`, `contract_club_id`, `contract_signDate`, `contract_expireDate`, `contract_salary`, `contract_number`, `contract_role`) VALUES (917, 'reims', 2025, 2027, 8.7, 8, 'RCB');
INSERT INTO Player(`player_id`, `player_name`, `player_lastname`, `player_country_id`, `player_positions`, `player_rating`, `player_potential`, `player_birth_year`, `player_height`) VALUES (918, 'Didaye', 'Bioup', 'FRA', 'CB', 65, 79, 2004, 195);
INSERT INTO Contract(`contract_player_id`, `contract_club_id`, `contract_signDate`, `contract_expireDate`, `contract_salary`, `contract_number`, `contract_role`) VALUES (918, 'toulouse', 2025, 2027, 1.0, 1, 'sub');
INSERT INTO Player(`player_id`, `player_name`, `player_lastname`, `player_country_id`, `player_positions`, `player_rating`, `player_potential`, `player_birth_year`, `player_height`) VALUES (919, 'Jean-Clarmont', 'Badile', 'FRA', 'CB', 71, 84, 2004, 190);
INSERT INTO Contract(`contract_player_id`, `contract_club_id`, `contract_signDate`, `contract_expireDate`, `contract_salary`, `contract_number`, `contract_role`) VALUES (919, 'auxerre', 2025, 2027, 1.0, 11, 'sub');
INSERT INTO Player(`player_id`, `player_name`, `player_lastname`, `player_country_id`, `player_positions`, `player_rating`, `player_potential`, `player_birth_year`, `player_height`) VALUES (920, 'Nick', 'Belder', 'GER', 'LB', 70, 78, 2005, 176);
INSERT INTO Contract(`contract_player_id`, `contract_club_id`, `contract_signDate`, `contract_expireDate`, `contract_salary`, `contract_number`, `contract_role`) VALUES (920, 'unionberlin', 2025, 2028, 1.0, 8, 'LB');
INSERT INTO Player(`player_id`, `player_name`, `player_lastname`, `player_country_id`, `player_positions`, `player_rating`, `player_potential`, `player_birth_year`, `player_height`) VALUES (921, 'Gino', 'Natale', 'ITA', 'CB', 82, 0, 1996, 188);
INSERT INTO Contract(`contract_player_id`, `contract_club_id`, `contract_signDate`, `contract_expireDate`, `contract_salary`, `contract_number`, `contract_role`) VALUES (921, 'udinese', 2025, 2028, 58.0, 7, 'LCB');
INSERT INTO Player(`player_id`, `player_name`, `player_lastname`, `player_country_id`, `player_positions`, `player_rating`, `player_potential`, `player_birth_year`, `player_height`) VALUES (922, 'Robert', 'Eedwijn', 'NED', 'RB', 77, 82, 2001, 178);
INSERT INTO Contract(`contract_player_id`, `contract_club_id`, `contract_signDate`, `contract_expireDate`, `contract_salary`, `contract_number`, `contract_role`) VALUES (922, 'twente', 2025, 2026, 22.3, 5, 'RB');
INSERT INTO Player(`player_id`, `player_name`, `player_lastname`, `player_country_id`, `player_positions`, `player_rating`, `player_potential`, `player_birth_year`, `player_height`) VALUES (923, 'Ilija', 'Jovi', 'SRB', 'RW RM', 67, 83, 2006, 176);
INSERT INTO Contract(`contract_player_id`, `contract_club_id`, `contract_signDate`, `contract_expireDate`, `contract_salary`, `contract_number`, `contract_role`) VALUES (923, 'parma', 2025, 2028, 1.0, 33, 'RM');
INSERT INTO Player(`player_id`, `player_name`, `player_lastname`, `player_country_id`, `player_positions`, `player_rating`, `player_potential`, `player_birth_year`, `player_height`) VALUES (924, 'Aguilo', 'Valdaraz', 'PAR', 'LB', 75, 79, 2002, 175);
INSERT INTO Contract(`contract_player_id`, `contract_club_id`, `contract_signDate`, `contract_expireDate`, `contract_salary`, `contract_number`, `contract_role`) VALUES (924, 'ajax', 2025, 2026, 7.3, 4, 'LB');
INSERT INTO Player(`player_id`, `player_name`, `player_lastname`, `player_country_id`, `player_positions`, `player_rating`, `player_potential`, `player_birth_year`, `player_height`) VALUES (925, 'Nicolo', 'Gavanno', 'ITA', 'ST SS', 70, 75, 2004, 179);
INSERT INTO Contract(`contract_player_id`, `contract_club_id`, `contract_signDate`, `contract_expireDate`, `contract_salary`, `contract_number`, `contract_role`) VALUES (925, 'parma', 2025, 2027, 1.0, 10, 'SS');
INSERT INTO Player(`player_id`, `player_name`, `player_lastname`, `player_country_id`, `player_positions`, `player_rating`, `player_potential`, `player_birth_year`, `player_height`) VALUES (926, 'Emir', 'Zajevski', 'MKD', 'RW RM', 74, 75, 2000, 177);
INSERT INTO Contract(`contract_player_id`, `contract_club_id`, `contract_signDate`, `contract_expireDate`, `contract_salary`, `contract_number`, `contract_role`) VALUES (926, 'udinese', 2025, 2028, 7.0, 17, 'RW');
INSERT INTO Player(`player_id`, `player_name`, `player_lastname`, `player_country_id`, `player_positions`, `player_rating`, `player_potential`, `player_birth_year`, `player_height`) VALUES (927, 'Willtran', 'Traore', 'BFA', 'RB RM', 77, 78, 2000, 177);
INSERT INTO Contract(`contract_player_id`, `contract_club_id`, `contract_signDate`, `contract_expireDate`, `contract_salary`, `contract_number`, `contract_role`) VALUES (927, 'torino', 2025, 2026, 18.0, 7, 'sub');
INSERT INTO Player(`player_id`, `player_name`, `player_lastname`, `player_country_id`, `player_positions`, `player_rating`, `player_potential`, `player_birth_year`, `player_height`) VALUES (928, 'Malouda', 'Dembsy', 'FRA', 'RB', 72, 73, 2000, 176);
INSERT INTO Contract(`contract_player_id`, `contract_club_id`, `contract_signDate`, `contract_expireDate`, `contract_salary`, `contract_number`, `contract_role`) VALUES (928, 'rennais', 2025, 2026, 9.0, 6, 'RB');
INSERT INTO Player(`player_id`, `player_name`, `player_lastname`, `player_country_id`, `player_positions`, `player_rating`, `player_potential`, `player_birth_year`, `player_height`) VALUES (929, 'Alex', 'Callejo', 'ESP', 'CB RB', 79, 82, 2000, 184);
INSERT INTO Contract(`contract_player_id`, `contract_club_id`, `contract_signDate`, `contract_expireDate`, `contract_salary`, `contract_number`, `contract_role`) VALUES (929, 'realmadrid', 2025, 2027, 26.5, 26, 'sub');
INSERT INTO Player(`player_id`, `player_name`, `player_lastname`, `player_country_id`, `player_positions`, `player_rating`, `player_potential`, `player_birth_year`, `player_height`) VALUES (930, 'Amir', 'Ruslanov', 'KAZ', 'AM RW', 72, 74, 2000, 179);
INSERT INTO Contract(`contract_player_id`, `contract_club_id`, `contract_signDate`, `contract_expireDate`, `contract_salary`, `contract_number`, `contract_role`) VALUES (930, 'montpellier', 2025, 2026, 8.7, 3, 'AM');
INSERT INTO Player(`player_id`, `player_name`, `player_lastname`, `player_country_id`, `player_positions`, `player_rating`, `player_potential`, `player_birth_year`, `player_height`) VALUES (931, 'Iker', 'Eradozola', 'ARG', 'LB', 80, 84, 2001, 173);
INSERT INTO Contract(`contract_player_id`, `contract_club_id`, `contract_signDate`, `contract_expireDate`, `contract_salary`, `contract_number`, `contract_role`) VALUES (931, 'racing', 2025, 2027, 18.0, 24, 'sub');
INSERT INTO Player(`player_id`, `player_name`, `player_lastname`, `player_country_id`, `player_positions`, `player_rating`, `player_potential`, `player_birth_year`, `player_height`) VALUES (932, 'Nikolay', 'Lykashev', 'RUS', 'CB LB', 69, 0, 1993, 179);
INSERT INTO Contract(`contract_player_id`, `contract_club_id`, `contract_signDate`, `contract_expireDate`, `contract_salary`, `contract_number`, `contract_role`) VALUES (932, 'lokomotivmoscow', 2025, 2027, 10.5, 7, 'sub');
INSERT INTO Player(`player_id`, `player_name`, `player_lastname`, `player_country_id`, `player_positions`, `player_rating`, `player_potential`, `player_birth_year`, `player_height`) VALUES (933, 'Timon', 'Luchshev', 'RUS', 'RW', 72, 77, 2002, 175);
INSERT INTO Contract(`contract_player_id`, `contract_club_id`, `contract_signDate`, `contract_expireDate`, `contract_salary`, `contract_number`, `contract_role`) VALUES (933, 'nizhniy', 2025, 2028, 8.6, 6, 'sub');
INSERT INTO Player(`player_id`, `player_name`, `player_lastname`, `player_country_id`, `player_positions`, `player_rating`, `player_potential`, `player_birth_year`, `player_height`) VALUES (934, 'Vyiacheslav', 'Teodorov', 'RUS', 'CM', 74, 0, 1994, 179);
INSERT INTO Contract(`contract_player_id`, `contract_club_id`, `contract_signDate`, `contract_expireDate`, `contract_salary`, `contract_number`, `contract_role`) VALUES (934, 'spartakmoscow', 2025, 2027, 26.0, 5, 'RCM');
INSERT INTO Player(`player_id`, `player_name`, `player_lastname`, `player_country_id`, `player_positions`, `player_rating`, `player_potential`, `player_birth_year`, `player_height`) VALUES (935, 'Milan', 'Banovac', 'SRB', 'CB', 65, 0, 1988, 186);
INSERT INTO Contract(`contract_player_id`, `contract_club_id`, `contract_signDate`, `contract_expireDate`, `contract_salary`, `contract_number`, `contract_role`) VALUES (935, 'vojvodina', 2025, 2026, 3.5, 15, 'sub');
INSERT INTO Player(`player_id`, `player_name`, `player_lastname`, `player_country_id`, `player_positions`, `player_rating`, `player_potential`, `player_birth_year`, `player_height`) VALUES (936, 'Husejin', 'Alibai', 'BIH', 'CM', 77, 0, 1992, 181);
INSERT INTO Contract(`contract_player_id`, `contract_club_id`, `contract_signDate`, `contract_expireDate`, `contract_salary`, `contract_number`, `contract_role`) VALUES (936, 'hsv', 2025, 2026, 35.1, 21, 'LCM');
INSERT INTO Player(`player_id`, `player_name`, `player_lastname`, `player_country_id`, `player_positions`, `player_rating`, `player_potential`, `player_birth_year`, `player_height`) VALUES (937, 'Simon', 'Azdarov', 'RUS', 'RB', 71, 0, 1993, 173);
INSERT INTO Contract(`contract_player_id`, `contract_club_id`, `contract_signDate`, `contract_expireDate`, `contract_salary`, `contract_number`, `contract_role`) VALUES (937, 'lokomotivmoscow', 2025, 2027, 15.5, 3, 'sub');
INSERT INTO Player(`player_id`, `player_name`, `player_lastname`, `player_country_id`, `player_positions`, `player_rating`, `player_potential`, `player_birth_year`, `player_height`) VALUES (938, 'Ante', 'Spahi', 'CRO', 'CB', 76, 0, 1990, 187);
INSERT INTO Contract(`contract_player_id`, `contract_club_id`, `contract_signDate`, `contract_expireDate`, `contract_salary`, `contract_number`, `contract_role`) VALUES (938, 'basaksehir', 2025, 2028, 31.2, 2, 'sub');
INSERT INTO Player(`player_id`, `player_name`, `player_lastname`, `player_country_id`, `player_positions`, `player_rating`, `player_potential`, `player_birth_year`, `player_height`) VALUES (939, 'Ehmet', 'Uncel', 'TUR', 'LW', 75, 77, 2002, 175);
INSERT INTO Contract(`contract_player_id`, `contract_club_id`, `contract_signDate`, `contract_expireDate`, `contract_salary`, `contract_number`, `contract_role`) VALUES (939, 'basaksehir', 2025, 2026, 9.0, 30, 'sub');
INSERT INTO Player(`player_id`, `player_name`, `player_lastname`, `player_country_id`, `player_positions`, `player_rating`, `player_potential`, `player_birth_year`, `player_height`) VALUES (940, 'Matauis', 'Solano', 'FRA', 'AM SS RW', 72, 80, 2001, 179);
INSERT INTO Contract(`contract_player_id`, `contract_club_id`, `contract_signDate`, `contract_expireDate`, `contract_salary`, `contract_number`, `contract_role`) VALUES (940, 'reims', 2025, 2026, 7.0, 9, 'AM');
INSERT INTO Player(`player_id`, `player_name`, `player_lastname`, `player_country_id`, `player_positions`, `player_rating`, `player_potential`, `player_birth_year`, `player_height`) VALUES (941, 'Andreas', 'Mietaenansen', 'DEN', 'RB', 77, 82, 2000, 173);
INSERT INTO Contract(`contract_player_id`, `contract_club_id`, `contract_signDate`, `contract_expireDate`, `contract_salary`, `contract_number`, `contract_role`) VALUES (941, 'bologna', 2025, 2028, 24.0, 14, 'sub');
INSERT INTO Player(`player_id`, `player_name`, `player_lastname`, `player_country_id`, `player_positions`, `player_rating`, `player_potential`, `player_birth_year`, `player_height`) VALUES (942, 'Jairo de Junior', 'Gemno', 'BRA', 'LW LM SS', 82, 86, 2003, 180);
INSERT INTO Contract(`contract_player_id`, `contract_club_id`, `contract_signDate`, `contract_expireDate`, `contract_salary`, `contract_number`, `contract_role`) VALUES (942, 'bayern', 2025, 2027, 12.0, 26, 'sub');
INSERT INTO Player(`player_id`, `player_name`, `player_lastname`, `player_country_id`, `player_positions`, `player_rating`, `player_potential`, `player_birth_year`, `player_height`) VALUES (943, 'Mihail', 'Golnikov', 'RUS', 'CB', 67, 0, 1989, 185);
INSERT INTO Contract(`contract_player_id`, `contract_club_id`, `contract_signDate`, `contract_expireDate`, `contract_salary`, `contract_number`, `contract_role`) VALUES (943, 'nizhniy', 2025, 2026, 6.8, 26, 'sub');
INSERT INTO Player(`player_id`, `player_name`, `player_lastname`, `player_country_id`, `player_positions`, `player_rating`, `player_potential`, `player_birth_year`, `player_height`) VALUES (944, 'Vlatko', 'Jurisinec', 'SVN', 'CB', 69, 0, 1994, 189);
INSERT INTO Contract(`contract_player_id`, `contract_club_id`, `contract_signDate`, `contract_expireDate`, `contract_salary`, `contract_number`, `contract_role`) VALUES (944, 'olimpijaljubljana', 2025, 2026, 11.0, 11, 'sub');
INSERT INTO Player(`player_id`, `player_name`, `player_lastname`, `player_country_id`, `player_positions`, `player_rating`, `player_potential`, `player_birth_year`, `player_height`) VALUES (945, 'Sasha', 'Egarovaev', 'RUS', 'CB', 72, 78, 2000, 187);
INSERT INTO Contract(`contract_player_id`, `contract_club_id`, `contract_signDate`, `contract_expireDate`, `contract_salary`, `contract_number`, `contract_role`) VALUES (945, 'zenit', 2025, 2028, 6.0, 12, 'sub');
INSERT INTO Player(`player_id`, `player_name`, `player_lastname`, `player_country_id`, `player_positions`, `player_rating`, `player_potential`, `player_birth_year`, `player_height`) VALUES (946, 'Fabian', 'Peterek', 'POL', 'CB', 66, 79, 2005, 188);
INSERT INTO Contract(`contract_player_id`, `contract_club_id`, `contract_signDate`, `contract_expireDate`, `contract_salary`, `contract_number`, `contract_role`) VALUES (946, 'sochaux', 2025, 2028, 1.3, 25, 'sub');
INSERT INTO Player(`player_id`, `player_name`, `player_lastname`, `player_country_id`, `player_positions`, `player_rating`, `player_potential`, `player_birth_year`, `player_height`) VALUES (947, 'Abdul', 'Yassim', 'ALG', 'AM SS', 71, 73, 2001, 176);
INSERT INTO Contract(`contract_player_id`, `contract_club_id`, `contract_signDate`, `contract_expireDate`, `contract_salary`, `contract_number`, `contract_role`) VALUES (947, 'asse', 2025, 2026, 7.0, 10, 'sub');
INSERT INTO Player(`player_id`, `player_name`, `player_lastname`, `player_country_id`, `player_positions`, `player_rating`, `player_potential`, `player_birth_year`, `player_height`) VALUES (948, 'Lindon', 'Clevel', 'TRI', 'CM AM', 67, 75, 2003, 179);
INSERT INTO Contract(`contract_player_id`, `contract_club_id`, `contract_signDate`, `contract_expireDate`, `contract_salary`, `contract_number`, `contract_role`) VALUES (948, 'nice', 2025, 2027, 2.0, 45, 'sub');
INSERT INTO Player(`player_id`, `player_name`, `player_lastname`, `player_country_id`, `player_positions`, `player_rating`, `player_potential`, `player_birth_year`, `player_height`) VALUES (949, 'Dae-Woo', 'Min', 'KOR', 'CM', 76, 79, 2000, 174);
INSERT INTO Contract(`contract_player_id`, `contract_club_id`, `contract_signDate`, `contract_expireDate`, `contract_salary`, `contract_number`, `contract_role`) VALUES (949, 'bologna', 2025, 2028, 17.0, 3, 'sub');
INSERT INTO Player(`player_id`, `player_name`, `player_lastname`, `player_country_id`, `player_positions`, `player_rating`, `player_potential`, `player_birth_year`, `player_height`) VALUES (950, 'Jean-LeLuc', 'Rignou', 'FRA', 'ST CF', 77, 0, 1993, 182);
INSERT INTO Contract(`contract_player_id`, `contract_club_id`, `contract_signDate`, `contract_expireDate`, `contract_salary`, `contract_number`, `contract_role`) VALUES (950, 'bologna', 2025, 2027, 36.0, 7, 'sub');
INSERT INTO Player(`player_id`, `player_name`, `player_lastname`, `player_country_id`, `player_positions`, `player_rating`, `player_potential`, `player_birth_year`, `player_height`) VALUES (951, 'Luca', 'Fagiolo', 'ITA', 'DM', 76, 79, 2002, 182);
INSERT INTO Contract(`contract_player_id`, `contract_club_id`, `contract_signDate`, `contract_expireDate`, `contract_salary`, `contract_number`, `contract_role`) VALUES (951, 'bologna', 2025, 2028, 16.0, 6, 'sub');
INSERT INTO Player(`player_id`, `player_name`, `player_lastname`, `player_country_id`, `player_positions`, `player_rating`, `player_potential`, `player_birth_year`, `player_height`) VALUES (952, 'Kevin', 'Strott', 'WAL', 'GK', 75, 0, 1989, 189);
INSERT INTO Contract(`contract_player_id`, `contract_club_id`, `contract_signDate`, `contract_expireDate`, `contract_salary`, `contract_number`, `contract_role`) VALUES (952, 'southampton', 2025, 2026, 27.6, 2, 'sub');
INSERT INTO Player(`player_id`, `player_name`, `player_lastname`, `player_country_id`, `player_positions`, `player_rating`, `player_potential`, `player_birth_year`, `player_height`) VALUES (953, 'Erik', 'Aers', 'DEN', 'CB', 86, 0, 1995, 190);
INSERT INTO Contract(`contract_player_id`, `contract_club_id`, `contract_signDate`, `contract_expireDate`, `contract_salary`, `contract_number`, `contract_role`) VALUES (953, 'arsenal', 2025, 2028, 81.0, 6, 'RCB');
INSERT INTO Player(`player_id`, `player_name`, `player_lastname`, `player_country_id`, `player_positions`, `player_rating`, `player_potential`, `player_birth_year`, `player_height`) VALUES (954, 'Tomas', 'Hinrisch', 'GER', 'LB', 75, 0, 1993, 175);
INSERT INTO Contract(`contract_player_id`, `contract_club_id`, `contract_signDate`, `contract_expireDate`, `contract_salary`, `contract_number`, `contract_role`) VALUES (954, 'bayerleverkusen', 2025, 2027, 27.5, 14, 'LB');
INSERT INTO Player(`player_id`, `player_name`, `player_lastname`, `player_country_id`, `player_positions`, `player_rating`, `player_potential`, `player_birth_year`, `player_height`) VALUES (955, 'Abreim', 'Moudeh', 'CMR', 'DM CB', 66, 83, 2005, 182);
INSERT INTO Contract(`contract_player_id`, `contract_club_id`, `contract_signDate`, `contract_expireDate`, `contract_salary`, `contract_number`, `contract_role`) VALUES (955, 'asse', 2025, 2028, 1.0, 34, 'sub');
INSERT INTO Player(`player_id`, `player_name`, `player_lastname`, `player_country_id`, `player_positions`, `player_rating`, `player_potential`, `player_birth_year`, `player_height`) VALUES (956, 'Jean-Aclerc', 'Romagnon', 'FRA', 'CM', 73, 0, 1991, 180);
INSERT INTO Contract(`contract_player_id`, `contract_club_id`, `contract_signDate`, `contract_expireDate`, `contract_salary`, `contract_number`, `contract_role`) VALUES (956, 'reims', 2025, 2028, 21.8, 10, 'CM');
INSERT INTO Player(`player_id`, `player_name`, `player_lastname`, `player_country_id`, `player_positions`, `player_rating`, `player_potential`, `player_birth_year`, `player_height`) VALUES (957, 'Ourland', 'Badamos', 'BFA', 'CF ST', 71, 0, 1998, 186);
INSERT INTO Contract(`contract_player_id`, `contract_club_id`, `contract_signDate`, `contract_expireDate`, `contract_salary`, `contract_number`, `contract_role`) VALUES (957, 'reims', 2025, 2026, 15.9, 1, 'CF');
INSERT INTO Player(`player_id`, `player_name`, `player_lastname`, `player_country_id`, `player_positions`, `player_rating`, `player_potential`, `player_birth_year`, `player_height`) VALUES (958, 'Jonathan', 'Matare', 'FRA', 'LW LM', 67, 69, 2005, 175);
INSERT INTO Contract(`contract_player_id`, `contract_club_id`, `contract_signDate`, `contract_expireDate`, `contract_salary`, `contract_number`, `contract_role`) VALUES (958, 'reims', 2025, 2028, 1.0, 5, 'LW');
INSERT INTO Player(`player_id`, `player_name`, `player_lastname`, `player_country_id`, `player_positions`, `player_rating`, `player_potential`, `player_birth_year`, `player_height`) VALUES (959, 'Dalenour', 'Geuremen', 'FRA', 'CB', 67, 0, 1990, 182);
INSERT INTO Contract(`contract_player_id`, `contract_club_id`, `contract_signDate`, `contract_expireDate`, `contract_salary`, `contract_number`, `contract_role`) VALUES (959, 'reims', 2025, 2027, 6.9, 12, 'sub');
INSERT INTO Player(`player_id`, `player_name`, `player_lastname`, `player_country_id`, `player_positions`, `player_rating`, `player_potential`, `player_birth_year`, `player_height`) VALUES (960, 'Nicolas', 'Leons', 'MON', 'CM AM', 63, 73, 2006, 178);
INSERT INTO Contract(`contract_player_id`, `contract_club_id`, `contract_signDate`, `contract_expireDate`, `contract_salary`, `contract_number`, `contract_role`) VALUES (960, 'reims', 2025, 2028, 1.0, 26, 'sub');
INSERT INTO Player(`player_id`, `player_name`, `player_lastname`, `player_country_id`, `player_positions`, `player_rating`, `player_potential`, `player_birth_year`, `player_height`) VALUES (961, 'Gavril', 'Senderov', 'BUL', 'ST SS', 74, 0, 1995, 179);
INSERT INTO Contract(`contract_player_id`, `contract_club_id`, `contract_signDate`, `contract_expireDate`, `contract_salary`, `contract_number`, `contract_role`) VALUES (961, 'ludogorets', 2025, 2027, 24.4, 4, 'sub');
INSERT INTO Player(`player_id`, `player_name`, `player_lastname`, `player_country_id`, `player_positions`, `player_rating`, `player_potential`, `player_birth_year`, `player_height`) VALUES (962, 'Martin', 'Antoniev', 'BUL', 'CB', 69, 76, 2004, 192);
INSERT INTO Contract(`contract_player_id`, `contract_club_id`, `contract_signDate`, `contract_expireDate`, `contract_salary`, `contract_number`, `contract_role`) VALUES (962, 'ludogorets', 2025, 2027, 1.0, 9, 'sub');
INSERT INTO Player(`player_id`, `player_name`, `player_lastname`, `player_country_id`, `player_positions`, `player_rating`, `player_potential`, `player_birth_year`, `player_height`) VALUES (963, 'Thiago', 'Lamas', 'PAR', 'RW RM', 74, 0, 1994, 173);
INSERT INTO Contract(`contract_player_id`, `contract_club_id`, `contract_signDate`, `contract_expireDate`, `contract_salary`, `contract_number`, `contract_role`) VALUES (963, 'olympiacos', 2025, 2027, 26.3, 12, 'RM');
INSERT INTO Player(`player_id`, `player_name`, `player_lastname`, `player_country_id`, `player_positions`, `player_rating`, `player_potential`, `player_birth_year`, `player_height`) VALUES (964, 'Luntzis', 'Cheurlakis', 'GRE', 'CB', 71, 0, 1996, 188);
INSERT INTO Contract(`contract_player_id`, `contract_club_id`, `contract_signDate`, `contract_expireDate`, `contract_salary`, `contract_number`, `contract_role`) VALUES (964, 'olympiacos', 2025, 2026, 15.1, 17, 'RCB');
INSERT INTO Player(`player_id`, `player_name`, `player_lastname`, `player_country_id`, `player_positions`, `player_rating`, `player_potential`, `player_birth_year`, `player_height`) VALUES (965, 'Maximiliano', 'Jirez', 'ESP', 'CM', 72, 75, 2002, 178);
INSERT INTO Contract(`contract_player_id`, `contract_club_id`, `contract_signDate`, `contract_expireDate`, `contract_salary`, `contract_number`, `contract_role`) VALUES (965, 'granada', 2025, 2028, 7.0, 2, 'LCM');
INSERT INTO Player(`player_id`, `player_name`, `player_lastname`, `player_country_id`, `player_positions`, `player_rating`, `player_potential`, `player_birth_year`, `player_height`) VALUES (966, 'Murat', 'Laci', 'ALB', 'CB', 73, 75, 2000, 183);
INSERT INTO Contract(`contract_player_id`, `contract_club_id`, `contract_signDate`, `contract_expireDate`, `contract_salary`, `contract_number`, `contract_role`) VALUES (966, 'twente', 2025, 2026, 11.0, 1, 'LCB');
INSERT INTO Player(`player_id`, `player_name`, `player_lastname`, `player_country_id`, `player_positions`, `player_rating`, `player_potential`, `player_birth_year`, `player_height`) VALUES (967, 'Edrig', 'Bower', 'NED', 'CB', 71, 0, 1989, 186);
INSERT INTO Contract(`contract_player_id`, `contract_club_id`, `contract_signDate`, `contract_expireDate`, `contract_salary`, `contract_number`, `contract_role`) VALUES (967, 'twente', 2025, 2027, 15.3, 23, 'RCB');
INSERT INTO Player(`player_id`, `player_name`, `player_lastname`, `player_country_id`, `player_positions`, `player_rating`, `player_potential`, `player_birth_year`, `player_height`) VALUES (968, 'Djidji', 'Odafoe', 'AUT', 'CB', 73, 0, 1999, 185);
INSERT INTO Contract(`contract_player_id`, `contract_club_id`, `contract_signDate`, `contract_expireDate`, `contract_salary`, `contract_number`, `contract_role`) VALUES (968, 'lask', 2025, 2027, 12.2, 28, 'sub');
INSERT INTO Player(`player_id`, `player_name`, `player_lastname`, `player_country_id`, `player_positions`, `player_rating`, `player_potential`, `player_birth_year`, `player_height`) VALUES (969, 'Gaga', 'Dauladze', 'GEO', 'RW', 71, 0, 1997, 178);
INSERT INTO Contract(`contract_player_id`, `contract_club_id`, `contract_signDate`, `contract_expireDate`, `contract_salary`, `contract_number`, `contract_role`) VALUES (969, 'reims', 2025, 2027, 15.7, 11, 'RW');
INSERT INTO Player(`player_id`, `player_name`, `player_lastname`, `player_country_id`, `player_positions`, `player_rating`, `player_potential`, `player_birth_year`, `player_height`) VALUES (970, 'Marcin', 'Petrnek', 'SVK', 'CF', 75, 82, 2002, 190);
INSERT INTO Contract(`contract_player_id`, `contract_club_id`, `contract_signDate`, `contract_expireDate`, `contract_salary`, `contract_number`, `contract_role`) VALUES (970, 'slovan', 2025, 2028, 11.6, 6, 'sub');
INSERT INTO Player(`player_id`, `player_name`, `player_lastname`, `player_country_id`, `player_positions`, `player_rating`, `player_potential`, `player_birth_year`, `player_height`) VALUES (971, 'Albert', 'Hrasni', 'SVK', 'CB', 70, 0, 1989, 188);
INSERT INTO Contract(`contract_player_id`, `contract_club_id`, `contract_signDate`, `contract_expireDate`, `contract_salary`, `contract_number`, `contract_role`) VALUES (971, 'slovan', 2025, 2027, 13.0, 19, 'sub');
INSERT INTO Player(`player_id`, `player_name`, `player_lastname`, `player_country_id`, `player_positions`, `player_rating`, `player_potential`, `player_birth_year`, `player_height`) VALUES (972, 'Adou', 'Obianki', 'NGR', 'LW ST CF', 72, 0, 1998, 181);
INSERT INTO Contract(`contract_player_id`, `contract_club_id`, `contract_signDate`, `contract_expireDate`, `contract_salary`, `contract_number`, `contract_role`) VALUES (972, 'slovan', 2025, 2027, 17.8, 9, 'sub');
INSERT INTO Player(`player_id`, `player_name`, `player_lastname`, `player_country_id`, `player_positions`, `player_rating`, `player_potential`, `player_birth_year`, `player_height`) VALUES (973, 'Abosz', 'Zerkezi', 'HUN', 'RB RM', 70, 72, 2000, 172);
INSERT INTO Contract(`contract_player_id`, `contract_club_id`, `contract_signDate`, `contract_expireDate`, `contract_salary`, `contract_number`, `contract_role`) VALUES (973, 'ferencvarosi', 2025, 2026, 7.0, 6, 'sub');
INSERT INTO Player(`player_id`, `player_name`, `player_lastname`, `player_country_id`, `player_positions`, `player_rating`, `player_potential`, `player_birth_year`, `player_height`) VALUES (974, 'Pavel', 'Odyenko', 'UKR', 'CB', 70, 0, 1992, 185);
INSERT INTO Contract(`contract_player_id`, `contract_club_id`, `contract_signDate`, `contract_expireDate`, `contract_salary`, `contract_number`, `contract_role`) VALUES (974, 'shakhtar', 2025, 2028, 13.0, 15, 'sub');
INSERT INTO Player(`player_id`, `player_name`, `player_lastname`, `player_country_id`, `player_positions`, `player_rating`, `player_potential`, `player_birth_year`, `player_height`) VALUES (975, 'Mandaris', 'Bourlakis', 'GRE', 'LB LM', 70, 0, 1997, 175);
INSERT INTO Contract(`contract_player_id`, `contract_club_id`, `contract_signDate`, `contract_expireDate`, `contract_salary`, `contract_number`, `contract_role`) VALUES (975, 'olympiacos', 2025, 2026, 13.1, 4, 'LM');
INSERT INTO Player(`player_id`, `player_name`, `player_lastname`, `player_country_id`, `player_positions`, `player_rating`, `player_potential`, `player_birth_year`, `player_height`) VALUES (976, 'Unay', 'Fuentes', 'ESP', 'CB', 76, 0, 1996, 187);
INSERT INTO Contract(`contract_player_id`, `contract_club_id`, `contract_signDate`, `contract_expireDate`, `contract_salary`, `contract_number`, `contract_role`) VALUES (976, 'bilbao', 2025, 2028, 32.0, 8, 'sub');
INSERT INTO Player(`player_id`, `player_name`, `player_lastname`, `player_country_id`, `player_positions`, `player_rating`, `player_potential`, `player_birth_year`, `player_height`) VALUES (977, 'Oulmer', 'Khlaister', 'AUT', 'CM', 72, 0, 1993, 178);
INSERT INTO Contract(`contract_player_id`, `contract_club_id`, `contract_signDate`, `contract_expireDate`, `contract_salary`, `contract_number`, `contract_role`) VALUES (977, 'lask', 2025, 2027, 18.2, 4, 'sub');
INSERT INTO Player(`player_id`, `player_name`, `player_lastname`, `player_country_id`, `player_positions`, `player_rating`, `player_potential`, `player_birth_year`, `player_height`) VALUES (978, 'Marco', 'Berdiacomo', 'ITA', 'GK', 81, 0, 1997, 194);
INSERT INTO Contract(`contract_player_id`, `contract_club_id`, `contract_signDate`, `contract_expireDate`, `contract_salary`, `contract_number`, `contract_role`) VALUES (978, 'fiorentina', 2025, 2028, 49.7, 6, 'GK');
INSERT INTO Player(`player_id`, `player_name`, `player_lastname`, `player_country_id`, `player_positions`, `player_rating`, `player_potential`, `player_birth_year`, `player_height`) VALUES (979, 'Mikki', 'Niettunen', 'FIN', 'RB', 67, 78, 2006, 177);
INSERT INTO Contract(`contract_player_id`, `contract_club_id`, `contract_signDate`, `contract_expireDate`, `contract_salary`, `contract_number`, `contract_role`) VALUES (979, 'sarpsborg', 2025, 2028, 1.0, 12, 'sub');
INSERT INTO Player(`player_id`, `player_name`, `player_lastname`, `player_country_id`, `player_positions`, `player_rating`, `player_potential`, `player_birth_year`, `player_height`) VALUES (980, 'Artur', 'Trekkatiaju', 'FIN', 'CM', 73, 0, 1994, 177);
INSERT INTO Contract(`contract_player_id`, `contract_club_id`, `contract_signDate`, `contract_expireDate`, `contract_salary`, `contract_number`, `contract_role`) VALUES (980, 'hjk', 2025, 2027, 21.0, 30, 'sub');
INSERT INTO Player(`player_id`, `player_name`, `player_lastname`, `player_country_id`, `player_positions`, `player_rating`, `player_potential`, `player_birth_year`, `player_height`) VALUES (981, 'Line', 'Frasen', 'NOR', 'RW RM', 68, 0, 2001, 175);
INSERT INTO Contract(`contract_player_id`, `contract_club_id`, `contract_signDate`, `contract_expireDate`, `contract_salary`, `contract_number`, `contract_role`) VALUES (981, 'rosenborg', 2025, 2026, 6.0, 6, 'sub');
INSERT INTO Player(`player_id`, `player_name`, `player_lastname`, `player_country_id`, `player_positions`, `player_rating`, `player_potential`, `player_birth_year`, `player_height`) VALUES (982, 'Ousmane', 'Bakar', 'CIV', 'LW', 74, 75, 2000, 177);
INSERT INTO Contract(`contract_player_id`, `contract_club_id`, `contract_signDate`, `contract_expireDate`, `contract_salary`, `contract_number`, `contract_role`) VALUES (982, 'torino', 2025, 2027, 13.5, 4, 'sub');
INSERT INTO Player(`player_id`, `player_name`, `player_lastname`, `player_country_id`, `player_positions`, `player_rating`, `player_potential`, `player_birth_year`, `player_height`) VALUES (983, 'Jordan', 'Mapou', 'CNG', 'CB', 79, 0, 1998, 195);
INSERT INTO Contract(`contract_player_id`, `contract_club_id`, `contract_signDate`, `contract_expireDate`, `contract_salary`, `contract_number`, `contract_role`) VALUES (983, 'celtic', 2025, 2026, 21.0, 3, 'sub');
INSERT INTO Player(`player_id`, `player_name`, `player_lastname`, `player_country_id`, `player_positions`, `player_rating`, `player_potential`, `player_birth_year`, `player_height`) VALUES (984, 'Anert', 'Mushu', 'ALB', 'GK', 74, 75, 2000, 185);
INSERT INTO Contract(`contract_player_id`, `contract_club_id`, `contract_signDate`, `contract_expireDate`, `contract_salary`, `contract_number`, `contract_role`) VALUES (984, 'braga', 2025, 2028, 19.0, 23, 'GK');
INSERT INTO Player(`player_id`, `player_name`, `player_lastname`, `player_country_id`, `player_positions`, `player_rating`, `player_potential`, `player_birth_year`, `player_height`) VALUES (985, 'Monero', 'Issail', 'ESP', 'CB', 74, 76, 1999, 188);
INSERT INTO Contract(`contract_player_id`, `contract_club_id`, `contract_signDate`, `contract_expireDate`, `contract_salary`, `contract_number`, `contract_role`) VALUES (985, 'bilbao', 2025, 2027, 15.1, 6, 'sub');
INSERT INTO Player(`player_id`, `player_name`, `player_lastname`, `player_country_id`, `player_positions`, `player_rating`, `player_potential`, `player_birth_year`, `player_height`) VALUES (986, 'Marko', 'Roi', 'CRO', 'DM', 73, 76, 1999, 178);
INSERT INTO Contract(`contract_player_id`, `contract_club_id`, `contract_signDate`, `contract_expireDate`, `contract_salary`, `contract_number`, `contract_role`) VALUES (986, 'dinamozagreb', 2025, 2026, 8.0, 8, 'sub');
INSERT INTO Player(`player_id`, `player_name`, `player_lastname`, `player_country_id`, `player_positions`, `player_rating`, `player_potential`, `player_birth_year`, `player_height`) VALUES (987, 'Joao', 'Siva', 'BRA', 'AM', 79, 0, 1995, 175);
INSERT INTO Contract(`contract_player_id`, `contract_club_id`, `contract_signDate`, `contract_expireDate`, `contract_salary`, `contract_number`, `contract_role`) VALUES (987, 'shakhtar', 2025, 2027, 45.0, 11, 'sub');
INSERT INTO Player(`player_id`, `player_name`, `player_lastname`, `player_country_id`, `player_positions`, `player_rating`, `player_potential`, `player_birth_year`, `player_height`) VALUES (988, 'Santiago', 'Martn', 'ESP', 'CM', 77, 0, 1996, 179);
INSERT INTO Contract(`contract_player_id`, `contract_club_id`, `contract_signDate`, `contract_expireDate`, `contract_salary`, `contract_number`, `contract_role`) VALUES (988, 'bilbao', 2025, 2028, 35.3, 10, 'sub');
INSERT INTO Player(`player_id`, `player_name`, `player_lastname`, `player_country_id`, `player_positions`, `player_rating`, `player_potential`, `player_birth_year`, `player_height`) VALUES (989, 'Juan', 'Munair', 'ESP', 'RB RM', 77, 0, 1992, 173);
INSERT INTO Contract(`contract_player_id`, `contract_club_id`, `contract_signDate`, `contract_expireDate`, `contract_salary`, `contract_number`, `contract_role`) VALUES (989, 'valencia', 2025, 2027, 35.4, 8, 'RB');
INSERT INTO Player(`player_id`, `player_name`, `player_lastname`, `player_country_id`, `player_positions`, `player_rating`, `player_potential`, `player_birth_year`, `player_height`) VALUES (990, 'Gianmarco', 'Fratessi', 'ITA', 'CM', 75, 0, 1996, 180);
INSERT INTO Contract(`contract_player_id`, `contract_club_id`, `contract_signDate`, `contract_expireDate`, `contract_salary`, `contract_number`, `contract_role`) VALUES (990, 'sassuolo', 2025, 2027, 28.3, 8, 'sub');
INSERT INTO Player(`player_id`, `player_name`, `player_lastname`, `player_country_id`, `player_positions`, `player_rating`, `player_potential`, `player_birth_year`, `player_height`) VALUES (991, 'Devin', 'Sewell', 'SCO', 'RB', 69, 0, 1991, 172);
INSERT INTO Contract(`contract_player_id`, `contract_club_id`, `contract_signDate`, `contract_expireDate`, `contract_salary`, `contract_number`, `contract_role`) VALUES (991, 'celtic', 2025, 2027, 11.0, 27, 'sub');
INSERT INTO Player(`player_id`, `player_name`, `player_lastname`, `player_country_id`, `player_positions`, `player_rating`, `player_potential`, `player_birth_year`, `player_height`) VALUES (992, 'Luis', 'Chavez', 'MEX', 'RW SS RM', 80, 83, 2001, 175);
INSERT INTO Contract(`contract_player_id`, `contract_club_id`, `contract_signDate`, `contract_expireDate`, `contract_salary`, `contract_number`, `contract_role`) VALUES (992, 'inter', 2025, 2028, 40.0, 30, 'sub');
INSERT INTO Player(`player_id`, `player_name`, `player_lastname`, `player_country_id`, `player_positions`, `player_rating`, `player_potential`, `player_birth_year`, `player_height`) VALUES (993, 'Federico', 'Maggiore', 'ITA', 'GK', 74, 0, 1989, 187);
INSERT INTO Contract(`contract_player_id`, `contract_club_id`, `contract_signDate`, `contract_expireDate`, `contract_salary`, `contract_number`, `contract_role`) VALUES (993, 'sassuolo', 2025, 2027, 24.4, 4, 'sub');
INSERT INTO Player(`player_id`, `player_name`, `player_lastname`, `player_country_id`, `player_positions`, `player_rating`, `player_potential`, `player_birth_year`, `player_height`) VALUES (994, 'Michael', 'Calick', 'NZE', 'CB', 79, 0, 1991, 189);
INSERT INTO Contract(`contract_player_id`, `contract_club_id`, `contract_signDate`, `contract_expireDate`, `contract_salary`, `contract_number`, `contract_role`) VALUES (994, 'newcastle', 2025, 2026, 44.2, 19, 'sub');
INSERT INTO Player(`player_id`, `player_name`, `player_lastname`, `player_country_id`, `player_positions`, `player_rating`, `player_potential`, `player_birth_year`, `player_height`) VALUES (995, 'Valerio', 'Telles', 'ESP', 'GK', 78, 82, 1998, 192);
INSERT INTO Contract(`contract_player_id`, `contract_club_id`, `contract_signDate`, `contract_expireDate`, `contract_salary`, `contract_number`, `contract_role`) VALUES (995, 'roma', 2025, 2028, 35.5, 7, 'GK');
INSERT INTO Player(`player_id`, `player_name`, `player_lastname`, `player_country_id`, `player_positions`, `player_rating`, `player_potential`, `player_birth_year`, `player_height`) VALUES (996, 'Vasyl', 'Batayev', 'UKR', 'CB', 66, 0, 1990, 186);
INSERT INTO Contract(`contract_player_id`, `contract_club_id`, `contract_signDate`, `contract_expireDate`, `contract_salary`, `contract_number`, `contract_role`) VALUES (996, 'dnipro', 2025, 2027, 5.0, 32, 'sub');
INSERT INTO Player(`player_id`, `player_name`, `player_lastname`, `player_country_id`, `player_positions`, `player_rating`, `player_potential`, `player_birth_year`, `player_height`) VALUES (997, 'Paul', 'Rincon', 'ESP', 'DM', 80, 0, 1995, 177);
INSERT INTO Contract(`contract_player_id`, `contract_club_id`, `contract_signDate`, `contract_expireDate`, `contract_salary`, `contract_number`, `contract_role`) VALUES (997, 'valencia', 2025, 2026, 48.0, 5, 'DM');
INSERT INTO Player(`player_id`, `player_name`, `player_lastname`, `player_country_id`, `player_positions`, `player_rating`, `player_potential`, `player_birth_year`, `player_height`) VALUES (998, 'Dominick', 'Ilkins', 'ENG', 'ST SS', 77, 0, 1994, 177);
INSERT INTO Contract(`contract_player_id`, `contract_club_id`, `contract_signDate`, `contract_expireDate`, `contract_salary`, `contract_number`, `contract_role`) VALUES (998, 'stoke', 2025, 2028, 37.3, 1, 'sub');
INSERT INTO Player(`player_id`, `player_name`, `player_lastname`, `player_country_id`, `player_positions`, `player_rating`, `player_potential`, `player_birth_year`, `player_height`) VALUES (999, 'John', 'Preston', 'ENG', 'CB', 71, 0, 1998, 188);
INSERT INTO Contract(`contract_player_id`, `contract_club_id`, `contract_signDate`, `contract_expireDate`, `contract_salary`, `contract_number`, `contract_role`) VALUES (999, 'stoke', 2025, 2027, 9.1, 12, 'sub');
INSERT INTO Player(`player_id`, `player_name`, `player_lastname`, `player_country_id`, `player_positions`, `player_rating`, `player_potential`, `player_birth_year`, `player_height`) VALUES (1000, 'Youssef', 'Baloma', 'NGE', 'DM', 66, 81, 2005, 186);
INSERT INTO Contract(`contract_player_id`, `contract_club_id`, `contract_signDate`, `contract_expireDate`, `contract_salary`, `contract_number`, `contract_role`) VALUES (1000, 'jablonec', 2025, 2027, 1.0, 23, 'sub');
INSERT INTO Player(`player_id`, `player_name`, `player_lastname`, `player_country_id`, `player_positions`, `player_rating`, `player_potential`, `player_birth_year`, `player_height`) VALUES (1001, 'Ryan', 'Doyle', 'ENG', 'DM', 77, 79, 1999, 179);
INSERT INTO Contract(`contract_player_id`, `contract_club_id`, `contract_signDate`, `contract_expireDate`, `contract_salary`, `contract_number`, `contract_role`) VALUES (1001, 'everton', 2025, 2027, 23.0, 18, 'sub');
INSERT INTO Player(`player_id`, `player_name`, `player_lastname`, `player_country_id`, `player_positions`, `player_rating`, `player_potential`, `player_birth_year`, `player_height`) VALUES (1002, 'Micail', 'Zlin', 'POL', 'RW', 73, 77, 2003, 179);
INSERT INTO Contract(`contract_player_id`, `contract_club_id`, `contract_signDate`, `contract_expireDate`, `contract_salary`, `contract_number`, `contract_role`) VALUES (1002, 'legia', 2025, 2028, 15.0, 6, 'sub');
INSERT INTO Player(`player_id`, `player_name`, `player_lastname`, `player_country_id`, `player_positions`, `player_rating`, `player_potential`, `player_birth_year`, `player_height`) VALUES (1003, 'Luiz', 'Caradillo', 'PER', 'CF ST', 78, 0, 1992, 186);
INSERT INTO Contract(`contract_player_id`, `contract_club_id`, `contract_signDate`, `contract_expireDate`, `contract_salary`, `contract_number`, `contract_role`) VALUES (1003, 'riverplate', 2025, 2026, 43.0, 9, 'sub');
INSERT INTO Player(`player_id`, `player_name`, `player_lastname`, `player_country_id`, `player_positions`, `player_rating`, `player_potential`, `player_birth_year`, `player_height`) VALUES (1004, 'Izim', 'Yambadir', 'TUR', 'RB', 67, 0, 1994, 175);
INSERT INTO Contract(`contract_player_id`, `contract_club_id`, `contract_signDate`, `contract_expireDate`, `contract_salary`, `contract_number`, `contract_role`) VALUES (1004, 'antalyaspor', 2025, 2027, 7.2, 33, 'sub');
INSERT INTO Player(`player_id`, `player_name`, `player_lastname`, `player_country_id`, `player_positions`, `player_rating`, `player_potential`, `player_birth_year`, `player_height`) VALUES (1005, 'Mene', 'Jancik', 'CZE', 'CB', 71, 0, 1991, 191);
INSERT INTO Contract(`contract_player_id`, `contract_club_id`, `contract_signDate`, `contract_expireDate`, `contract_salary`, `contract_number`, `contract_role`) VALUES (1005, 'viktoriaplzen', 2025, 2028, 15.3, 13, 'LCB');
INSERT INTO Player(`player_id`, `player_name`, `player_lastname`, `player_country_id`, `player_positions`, `player_rating`, `player_potential`, `player_birth_year`, `player_height`) VALUES (1006, 'Aleksej', 'Levden', 'SVN', 'CM DM', 68, 70, 2000, 179);
INSERT INTO Contract(`contract_player_id`, `contract_club_id`, `contract_signDate`, `contract_expireDate`, `contract_salary`, `contract_number`, `contract_role`) VALUES (1006, 'maribor', 2025, 2027, 4.1, 5, 'sub');
INSERT INTO Player(`player_id`, `player_name`, `player_lastname`, `player_country_id`, `player_positions`, `player_rating`, `player_potential`, `player_birth_year`, `player_height`) VALUES (1007, 'Denis', 'Samkar', 'SVN', 'RB RM', 73, 0, 1995, 177);
INSERT INTO Contract(`contract_player_id`, `contract_club_id`, `contract_signDate`, `contract_expireDate`, `contract_salary`, `contract_number`, `contract_role`) VALUES (1007, 'fenerbahce', 2025, 2027, 22.3, 27, 'sub');
INSERT INTO Player(`player_id`, `player_name`, `player_lastname`, `player_country_id`, `player_positions`, `player_rating`, `player_potential`, `player_birth_year`, `player_height`) VALUES (1008, 'Robin', 'Ostern', 'NED', 'LB', 69, 0, 1990, 179);
INSERT INTO Contract(`contract_player_id`, `contract_club_id`, `contract_signDate`, `contract_expireDate`, `contract_salary`, `contract_number`, `contract_role`) VALUES (1008, 'twente', 2025, 2026, 10.5, 11, 'LB');
INSERT INTO Player(`player_id`, `player_name`, `player_lastname`, `player_country_id`, `player_positions`, `player_rating`, `player_potential`, `player_birth_year`, `player_height`) VALUES (1009, 'Rodrygo Medina', 'Becao', 'BRA', 'CB', 75, 80, 2000, 186);
INSERT INTO Contract(`contract_player_id`, `contract_club_id`, `contract_signDate`, `contract_expireDate`, `contract_salary`, `contract_number`, `contract_role`) VALUES (1009, 'santos', 2025, 2026, 20.0, 6, 'sub');
INSERT INTO Player(`player_id`, `player_name`, `player_lastname`, `player_country_id`, `player_positions`, `player_rating`, `player_potential`, `player_birth_year`, `player_height`) VALUES (1010, 'Caio', 'Cavaleiro', 'BRA', 'LW', 74, 87, 2006, 177);
INSERT INTO Contract(`contract_player_id`, `contract_club_id`, `contract_signDate`, `contract_expireDate`, `contract_salary`, `contract_number`, `contract_role`) VALUES (1010, 'corinthians', 2025, 2029, 2.2, 41, 'sub');
INSERT INTO Player(`player_id`, `player_name`, `player_lastname`, `player_country_id`, `player_positions`, `player_rating`, `player_potential`, `player_birth_year`, `player_height`) VALUES (1011, 'Miguel', 'Alejandre', 'POR', 'CB', 67, 79, 2006, 187);
INSERT INTO Contract(`contract_player_id`, `contract_club_id`, `contract_signDate`, `contract_expireDate`, `contract_salary`, `contract_number`, `contract_role`) VALUES (1011, 'benfica', 2025, 2029, 1.0, 1, 'sub');
INSERT INTO Player(`player_id`, `player_name`, `player_lastname`, `player_country_id`, `player_positions`, `player_rating`, `player_potential`, `player_birth_year`, `player_height`) VALUES (1012, 'Exequiel', 'Bellardin', 'ARG', 'AM CM', 82, 0, 1996, 174);
INSERT INTO Contract(`contract_player_id`, `contract_club_id`, `contract_signDate`, `contract_expireDate`, `contract_salary`, `contract_number`, `contract_role`) VALUES (1012, 'roma', 2025, 2028, 60.0, 2, 'sub');
INSERT INTO Player(`player_id`, `player_name`, `player_lastname`, `player_country_id`, `player_positions`, `player_rating`, `player_potential`, `player_birth_year`, `player_height`) VALUES (1013, 'Angelo Nicolas', 'Gonzalez', 'ARG', 'LB', 71, 78, 2003, 178);
INSERT INTO Contract(`contract_player_id`, `contract_club_id`, `contract_signDate`, `contract_expireDate`, `contract_salary`, `contract_number`, `contract_role`) VALUES (1013, 'lazio', 2025, 2028, 10.2, 46, 'sub');
INSERT INTO Player(`player_id`, `player_name`, `player_lastname`, `player_country_id`, `player_positions`, `player_rating`, `player_potential`, `player_birth_year`, `player_height`) VALUES (1014, 'Steffen', 'Dafin', 'BEL', 'CM', 71, 0, 1990, 177);
INSERT INTO Contract(`contract_player_id`, `contract_club_id`, `contract_signDate`, `contract_expireDate`, `contract_salary`, `contract_number`, `contract_role`) VALUES (1014, 'dudelange', 2025, 2027, 15.6, 2, 'sub');
INSERT INTO Player(`player_id`, `player_name`, `player_lastname`, `player_country_id`, `player_positions`, `player_rating`, `player_potential`, `player_birth_year`, `player_height`) VALUES (1015, 'Albert', 'Henricks', 'GER', 'CB', 76, 80, 2000, 189);
INSERT INTO Contract(`contract_player_id`, `contract_club_id`, `contract_signDate`, `contract_expireDate`, `contract_salary`, `contract_number`, `contract_role`) VALUES (1015, 'stuttgart', 2025, 2026, 15.1, 8, 'sub');
INSERT INTO Player(`player_id`, `player_name`, `player_lastname`, `player_country_id`, `player_positions`, `player_rating`, `player_potential`, `player_birth_year`, `player_height`) VALUES (1016, 'Janel', 'Tomaek', 'CZE', 'RM RW SS', 72, 0, 1990, 175);
INSERT INTO Contract(`contract_player_id`, `contract_club_id`, `contract_signDate`, `contract_expireDate`, `contract_salary`, `contract_number`, `contract_role`) VALUES (1016, 'viktoriaplzen', 2025, 2028, 18.5, 8, 'RM');
INSERT INTO Player(`player_id`, `player_name`, `player_lastname`, `player_country_id`, `player_positions`, `player_rating`, `player_potential`, `player_birth_year`, `player_height`) VALUES (1017, 'Alfiedo', 'Trignontte', 'ITA', 'GK', 74, 77, 2003, 188);
INSERT INTO Contract(`contract_player_id`, `contract_club_id`, `contract_signDate`, `contract_expireDate`, `contract_salary`, `contract_number`, `contract_role`) VALUES (1017, 'napoli', 2025, 2028, 14.0, 66, 'sub');
INSERT INTO Player(`player_id`, `player_name`, `player_lastname`, `player_country_id`, `player_positions`, `player_rating`, `player_potential`, `player_birth_year`, `player_height`) VALUES (1018, 'Egor', 'Teofenov', 'UKR', 'RB RM', 75, 0, 1995, 178);
INSERT INTO Contract(`contract_player_id`, `contract_club_id`, `contract_signDate`, `contract_expireDate`, `contract_salary`, `contract_number`, `contract_role`) VALUES (1018, 'dynamokyiv', 2025, 2027, 28.0, 9, 'RB');
INSERT INTO Player(`player_id`, `player_name`, `player_lastname`, `player_country_id`, `player_positions`, `player_rating`, `player_potential`, `player_birth_year`, `player_height`) VALUES (1019, 'Adam', 'Morsovech', 'BLR', 'CB', 67, 0, 1989, 185);
INSERT INTO Contract(`contract_player_id`, `contract_club_id`, `contract_signDate`, `contract_expireDate`, `contract_salary`, `contract_number`, `contract_role`) VALUES (1019, 'minsk', 2025, 2027, 6.9, 17, 'sub');
INSERT INTO Player(`player_id`, `player_name`, `player_lastname`, `player_country_id`, `player_positions`, `player_rating`, `player_potential`, `player_birth_year`, `player_height`) VALUES (1020, 'Cerez', 'Guno', 'ARG', 'RB', 74, 0, 1992, 172);
INSERT INTO Contract(`contract_player_id`, `contract_club_id`, `contract_signDate`, `contract_expireDate`, `contract_salary`, `contract_number`, `contract_role`) VALUES (1020, 'boca', 2025, 2027, 24.4, 22, 'sub');
INSERT INTO Player(`player_id`, `player_name`, `player_lastname`, `player_country_id`, `player_positions`, `player_rating`, `player_potential`, `player_birth_year`, `player_height`) VALUES (1021, 'Matias', 'Savarin', 'ARG', 'AM', 69, 83, 2007, 178);
INSERT INTO Contract(`contract_player_id`, `contract_club_id`, `contract_signDate`, `contract_expireDate`, `contract_salary`, `contract_number`, `contract_role`) VALUES (1021, 'boca', 2025, 2029, 1.0, 15, 'sub');
INSERT INTO Player(`player_id`, `player_name`, `player_lastname`, `player_country_id`, `player_positions`, `player_rating`, `player_potential`, `player_birth_year`, `player_height`) VALUES (1022, 'Dragan', 'Stankovi', 'SVN', 'CM', 70, 0, 1993, 180);
INSERT INTO Contract(`contract_player_id`, `contract_club_id`, `contract_signDate`, `contract_expireDate`, `contract_salary`, `contract_number`, `contract_role`) VALUES (1022, 'maribor', 2025, 2026, 13.0, 30, 'sub');
INSERT INTO Player(`player_id`, `player_name`, `player_lastname`, `player_country_id`, `player_positions`, `player_rating`, `player_potential`, `player_birth_year`, `player_height`) VALUES (1023, 'Miguel', 'Renates', 'BRA', 'DM', 74, 0, 1996, 177);
INSERT INTO Contract(`contract_player_id`, `contract_club_id`, `contract_signDate`, `contract_expireDate`, `contract_salary`, `contract_number`, `contract_role`) VALUES (1023, 'lazio', 2025, 2026, 20.4, 44, 'sub');
INSERT INTO Player(`player_id`, `player_name`, `player_lastname`, `player_country_id`, `player_positions`, `player_rating`, `player_potential`, `player_birth_year`, `player_height`) VALUES (1024, 'Luigi', 'Pessano', 'ITA', 'GK', 71, 73, 1999, 195);
INSERT INTO Contract(`contract_player_id`, `contract_club_id`, `contract_signDate`, `contract_expireDate`, `contract_salary`, `contract_number`, `contract_role`) VALUES (1024, 'lazio', 2025, 2026, 6.6, 1, 'sub');
INSERT INTO Player(`player_id`, `player_name`, `player_lastname`, `player_country_id`, `player_positions`, `player_rating`, `player_potential`, `player_birth_year`, `player_height`) VALUES (1025, 'Amdi', 'Wadabwueke', 'ZAM', 'RW', 69, 79, 2005, 177);
INSERT INTO Contract(`contract_player_id`, `contract_club_id`, `contract_signDate`, `contract_expireDate`, `contract_salary`, `contract_number`, `contract_role`) VALUES (1025, 'nantes', 2025, 2028, 1.0, 28, 'RW');
INSERT INTO Player(`player_id`, `player_name`, `player_lastname`, `player_country_id`, `player_positions`, `player_rating`, `player_potential`, `player_birth_year`, `player_height`) VALUES (1026, 'Akat', 'Ziker', 'ISR', 'RW RM', 72, 77, 2000, 178);
INSERT INTO Contract(`contract_player_id`, `contract_club_id`, `contract_signDate`, `contract_expireDate`, `contract_salary`, `contract_number`, `contract_role`) VALUES (1026, 'maccabitelaviv', 2025, 2028, 14.0, 5, 'sub');
INSERT INTO Player(`player_id`, `player_name`, `player_lastname`, `player_country_id`, `player_positions`, `player_rating`, `player_potential`, `player_birth_year`, `player_height`) VALUES (1027, 'Uzum', 'Paxhaj', 'ALB', 'RW', 74, 78, 2000, 184);
INSERT INTO Contract(`contract_player_id`, `contract_club_id`, `contract_signDate`, `contract_expireDate`, `contract_salary`, `contract_number`, `contract_role`) VALUES (1027, 'lille', 2025, 2027, 14.0, 4, 'RW');
INSERT INTO Player(`player_id`, `player_name`, `player_lastname`, `player_country_id`, `player_positions`, `player_rating`, `player_potential`, `player_birth_year`, `player_height`) VALUES (1028, 'Boris', 'Nedvedni', 'CZE', 'CB', 70, 0, 1987, 196);
INSERT INTO Contract(`contract_player_id`, `contract_club_id`, `contract_signDate`, `contract_expireDate`, `contract_salary`, `contract_number`, `contract_role`) VALUES (1028, 'spartapraha', 2025, 2027, 13.1, 58, 'sub');
INSERT INTO Player(`player_id`, `player_name`, `player_lastname`, `player_country_id`, `player_positions`, `player_rating`, `player_potential`, `player_birth_year`, `player_height`) VALUES (1029, 'Sven', 'Lukberg', 'SWE', 'RB RM', 72, 0, 1995, 174);
INSERT INTO Contract(`contract_player_id`, `contract_club_id`, `contract_signDate`, `contract_expireDate`, `contract_salary`, `contract_number`, `contract_role`) VALUES (1029, 'aik', 2025, 2027, 18.3, 33, 'sub');
INSERT INTO Player(`player_id`, `player_name`, `player_lastname`, `player_country_id`, `player_positions`, `player_rating`, `player_potential`, `player_birth_year`, `player_height`) VALUES (1030, 'Denis', 'Muradov', 'RUS', 'RW RM', 69, 75, 2003, 180);
INSERT INTO Contract(`contract_player_id`, `contract_club_id`, `contract_signDate`, `contract_expireDate`, `contract_salary`, `contract_number`, `contract_role`) VALUES (1030, 'krasnodar', 2025, 2027, 2.9, 20, 'RW');
INSERT INTO Player(`player_id`, `player_name`, `player_lastname`, `player_country_id`, `player_positions`, `player_rating`, `player_potential`, `player_birth_year`, `player_height`) VALUES (1031, 'Julien', 'Kanp', 'AUT', 'CM', 75, 0, 1996, 178);
INSERT INTO Contract(`contract_player_id`, `contract_club_id`, `contract_signDate`, `contract_expireDate`, `contract_salary`, `contract_number`, `contract_role`) VALUES (1031, 'hannover', 2025, 2028, 27.5, 14, 'sub');
INSERT INTO Player(`player_id`, `player_name`, `player_lastname`, `player_country_id`, `player_positions`, `player_rating`, `player_potential`, `player_birth_year`, `player_height`) VALUES (1032, 'Alias', 'Tomasson', 'SWE', 'CF', 74, 0, 1992, 191);
INSERT INTO Contract(`contract_player_id`, `contract_club_id`, `contract_signDate`, `contract_expireDate`, `contract_salary`, `contract_number`, `contract_role`) VALUES (1032, 'braga', 2025, 2026, 25.7, 3, 'CF');
INSERT INTO Player(`player_id`, `player_name`, `player_lastname`, `player_country_id`, `player_positions`, `player_rating`, `player_potential`, `player_birth_year`, `player_height`) VALUES (1033, 'Stefan', 'Yurko', 'UKR', 'CB', 70, 79, 2005, 190);
INSERT INTO Contract(`contract_player_id`, `contract_club_id`, `contract_signDate`, `contract_expireDate`, `contract_salary`, `contract_number`, `contract_role`) VALUES (1033, 'dnipro', 2025, 2028, 1.0, 6, 'sub');
INSERT INTO Player(`player_id`, `player_name`, `player_lastname`, `player_country_id`, `player_positions`, `player_rating`, `player_potential`, `player_birth_year`, `player_height`) VALUES (1034, 'Maxim', 'Kambala', 'FRA', 'DM CB', 69, 79, 2005, 183);
INSERT INTO Contract(`contract_player_id`, `contract_club_id`, `contract_signDate`, `contract_expireDate`, `contract_salary`, `contract_number`, `contract_role`) VALUES (1034, 'reims', 2025, 2028, 1.0, 22, 'DM');
INSERT INTO Player(`player_id`, `player_name`, `player_lastname`, `player_country_id`, `player_positions`, `player_rating`, `player_potential`, `player_birth_year`, `player_height`) VALUES (1035, '-', 'Miguelinho', 'POR', 'DM CM', 70, 82, 2003, 174);
INSERT INTO Contract(`contract_player_id`, `contract_club_id`, `contract_signDate`, `contract_expireDate`, `contract_salary`, `contract_number`, `contract_role`) VALUES (1035, 'tondela', 2025, 2028, 3.0, 2, 'sub');
INSERT INTO Player(`player_id`, `player_name`, `player_lastname`, `player_country_id`, `player_positions`, `player_rating`, `player_potential`, `player_birth_year`, `player_height`) VALUES (1036, 'Jasper', 'Arnaldsson', 'ISL', 'CB', 75, 85, 2002, 193);
INSERT INTO Contract(`contract_player_id`, `contract_club_id`, `contract_signDate`, `contract_expireDate`, `contract_salary`, `contract_number`, `contract_role`) VALUES (1036, 'bologna', 2025, 2027, 18.5, 5, 'sub');
INSERT INTO Player(`player_id`, `player_name`, `player_lastname`, `player_country_id`, `player_positions`, `player_rating`, `player_potential`, `player_birth_year`, `player_height`) VALUES (1037, 'Alberto', 'Endreozzi', 'ITA', 'AM', 75, 0, 1991, 178);
INSERT INTO Contract(`contract_player_id`, `contract_club_id`, `contract_signDate`, `contract_expireDate`, `contract_salary`, `contract_number`, `contract_role`) VALUES (1037, 'lazio', 2025, 2026, 30.0, 11, 'LAM');
INSERT INTO Player(`player_id`, `player_name`, `player_lastname`, `player_country_id`, `player_positions`, `player_rating`, `player_potential`, `player_birth_year`, `player_height`) VALUES (1038, 'Jan', 'Gaper', 'SVN', 'CB', 68, 0, 1988, 184);
INSERT INTO Contract(`contract_player_id`, `contract_club_id`, `contract_signDate`, `contract_expireDate`, `contract_salary`, `contract_number`, `contract_role`) VALUES (1038, 'olimpijaljubljana', 2025, 2027, 8.7, 8, 'sub');
INSERT INTO Player(`player_id`, `player_name`, `player_lastname`, `player_country_id`, `player_positions`, `player_rating`, `player_potential`, `player_birth_year`, `player_height`) VALUES (1039, 'Ivany', 'Mranez', 'CZE', 'CB', 68, 75, 2005, 187);
INSERT INTO Contract(`contract_player_id`, `contract_club_id`, `contract_signDate`, `contract_expireDate`, `contract_salary`, `contract_number`, `contract_role`) VALUES (1039, 'slaviaprague', 2025, 2028, 1.0, 5, 'sub');
INSERT INTO Player(`player_id`, `player_name`, `player_lastname`, `player_country_id`, `player_positions`, `player_rating`, `player_potential`, `player_birth_year`, `player_height`) VALUES (1040, 'Tony', 'Fonseco', 'MON', 'LW AM', 64, 0, 1999, 179);
INSERT INTO Contract(`contract_player_id`, `contract_club_id`, `contract_signDate`, `contract_expireDate`, `contract_salary`, `contract_number`, `contract_role`) VALUES (1040, 'nantes', 2025, 2027, 1.6, 16, 'sub');
INSERT INTO Player(`player_id`, `player_name`, `player_lastname`, `player_country_id`, `player_positions`, `player_rating`, `player_potential`, `player_birth_year`, `player_height`) VALUES (1041, 'Ilberto', 'Asantone', 'ARG', 'CB', 74, 81, 2004, 191);
INSERT INTO Contract(`contract_player_id`, `contract_club_id`, `contract_signDate`, `contract_expireDate`, `contract_salary`, `contract_number`, `contract_role`) VALUES (1041, 'riverplate', 2025, 2027, 1.0, 1, 'sub');
INSERT INTO Player(`player_id`, `player_name`, `player_lastname`, `player_country_id`, `player_positions`, `player_rating`, `player_potential`, `player_birth_year`, `player_height`) VALUES (1042, 'Jakub', 'Lakowski', 'POL', 'GK', 71, 75, 2003, 193);
INSERT INTO Contract(`contract_player_id`, `contract_club_id`, `contract_signDate`, `contract_expireDate`, `contract_salary`, `contract_number`, `contract_role`) VALUES (1042, 'lech', 2025, 2027, 6.7, 7, 'sub');
INSERT INTO Player(`player_id`, `player_name`, `player_lastname`, `player_country_id`, `player_positions`, `player_rating`, `player_potential`, `player_birth_year`, `player_height`) VALUES (1043, 'Sergei', 'Laponyi', 'UKR', 'GK', 71, 0, 1999, 195);
INSERT INTO Contract(`contract_player_id`, `contract_club_id`, `contract_signDate`, `contract_expireDate`, `contract_salary`, `contract_number`, `contract_role`) VALUES (1043, 'astana', 2025, 2028, 16.1, 2, 'sub');
INSERT INTO Player(`player_id`, `player_name`, `player_lastname`, `player_country_id`, `player_positions`, `player_rating`, `player_potential`, `player_birth_year`, `player_height`) VALUES (1044, 'Kleist', 'Flemmings', 'NED', 'DM', 75, 84, 2000, 183);
INSERT INTO Contract(`contract_player_id`, `contract_club_id`, `contract_signDate`, `contract_expireDate`, `contract_salary`, `contract_number`, `contract_role`) VALUES (1044, 'twente', 2025, 2027, 13.0, 14, 'DM');
INSERT INTO Player(`player_id`, `player_name`, `player_lastname`, `player_country_id`, `player_positions`, `player_rating`, `player_potential`, `player_birth_year`, `player_height`) VALUES (1045, 'Victor', 'Huesler', 'SUI', 'LB LM', 74, 0, 1993, 180);
INSERT INTO Contract(`contract_player_id`, `contract_club_id`, `contract_signDate`, `contract_expireDate`, `contract_salary`, `contract_number`, `contract_role`) VALUES (1045, 'basel', 2025, 2027, 24.2, 8, 'sub');
INSERT INTO Player(`player_id`, `player_name`, `player_lastname`, `player_country_id`, `player_positions`, `player_rating`, `player_potential`, `player_birth_year`, `player_height`) VALUES (1046, 'Eric', 'Abelay', 'ENG', 'RW SS', 85, 0, 1996, 175);
INSERT INTO Contract(`contract_player_id`, `contract_club_id`, `contract_signDate`, `contract_expireDate`, `contract_salary`, `contract_number`, `contract_role`) VALUES (1046, 'arsenal', 2025, 2027, 80.0, 3, 'RW');
INSERT INTO Player(`player_id`, `player_name`, `player_lastname`, `player_country_id`, `player_positions`, `player_rating`, `player_potential`, `player_birth_year`, `player_height`) VALUES (1047, 'Marko', 'Sharpanov', 'UKR', 'LB', 70, 81, 2004, 180);
INSERT INTO Contract(`contract_player_id`, `contract_club_id`, `contract_signDate`, `contract_expireDate`, `contract_salary`, `contract_number`, `contract_role`) VALUES (1047, 'dynamokyiv', 2025, 2027, 1.0, 2, 'sub');
INSERT INTO Player(`player_id`, `player_name`, `player_lastname`, `player_country_id`, `player_positions`, `player_rating`, `player_potential`, `player_birth_year`, `player_height`) VALUES (1048, 'Bojan', 'Sievi', 'CRO', 'CB', 68, 0, 1988, 193);
INSERT INTO Contract(`contract_player_id`, `contract_club_id`, `contract_signDate`, `contract_expireDate`, `contract_salary`, `contract_number`, `contract_role`) VALUES (1048, 'hajduk', 2025, 2027, 8.3, 13, 'sub');
INSERT INTO Player(`player_id`, `player_name`, `player_lastname`, `player_country_id`, `player_positions`, `player_rating`, `player_potential`, `player_birth_year`, `player_height`) VALUES (1049, 'Andrej', 'Martino', 'CRO', 'AM', 74, 85, 2005, 184);
INSERT INTO Contract(`contract_player_id`, `contract_club_id`, `contract_signDate`, `contract_expireDate`, `contract_salary`, `contract_number`, `contract_role`) VALUES (1049, 'dinamozagreb', 2025, 2028, 1.0, 10, 'sub');
INSERT INTO Player(`player_id`, `player_name`, `player_lastname`, `player_country_id`, `player_positions`, `player_rating`, `player_potential`, `player_birth_year`, `player_height`) VALUES (1050, 'Joan', 'Soldadio', 'BRA', 'CF', 76, 0, 1997, 185);
INSERT INTO Contract(`contract_player_id`, `contract_club_id`, `contract_signDate`, `contract_expireDate`, `contract_salary`, `contract_number`, `contract_role`) VALUES (1050, 'rubinkazan', 2025, 2028, 33.1, 9, 'sub');
INSERT INTO Player(`player_id`, `player_name`, `player_lastname`, `player_country_id`, `player_positions`, `player_rating`, `player_potential`, `player_birth_year`, `player_height`) VALUES (1051, 'Matviyn', 'Seschov', 'UKR', 'DM CM', 68, 0, 1992, 182);
INSERT INTO Contract(`contract_player_id`, `contract_club_id`, `contract_signDate`, `contract_expireDate`, `contract_salary`, `contract_number`, `contract_role`) VALUES (1051, 'dynamokyiv', 2025, 2026, 9.1, 18, 'sub');
INSERT INTO Player(`player_id`, `player_name`, `player_lastname`, `player_country_id`, `player_positions`, `player_rating`, `player_potential`, `player_birth_year`, `player_height`) VALUES (1052, 'Niadide', 'Kadawo', 'ZBW', 'CF', 69, 79, 2006, 189);
INSERT INTO Contract(`contract_player_id`, `contract_club_id`, `contract_signDate`, `contract_expireDate`, `contract_salary`, `contract_number`, `contract_role`) VALUES (1052, 'salzburg', 2025, 2028, 1.0, 30, 'sub');
INSERT INTO Player(`player_id`, `player_name`, `player_lastname`, `player_country_id`, `player_positions`, `player_rating`, `player_potential`, `player_birth_year`, `player_height`) VALUES (1053, 'Valentino', 'Poller', 'AUT', 'CB', 66, 78, 2005, 196);
INSERT INTO Contract(`contract_player_id`, `contract_club_id`, `contract_signDate`, `contract_expireDate`, `contract_salary`, `contract_number`, `contract_role`) VALUES (1053, 'salzburg', 2025, 2028, 1.0, 28, 'sub');
INSERT INTO Player(`player_id`, `player_name`, `player_lastname`, `player_country_id`, `player_positions`, `player_rating`, `player_potential`, `player_birth_year`, `player_height`) VALUES (1054, 'Phillip', 'Nnam', 'GER', 'LB LM', 75, 77, 2000, 174);
INSERT INTO Contract(`contract_player_id`, `contract_club_id`, `contract_signDate`, `contract_expireDate`, `contract_salary`, `contract_number`, `contract_role`) VALUES (1054, 'eintracht', 2025, 2027, 12.4, 2, 'LB');
INSERT INTO Player(`player_id`, `player_name`, `player_lastname`, `player_country_id`, `player_positions`, `player_rating`, `player_potential`, `player_birth_year`, `player_height`) VALUES (1055, 'Petr', 'Sadek', 'CZE', 'RW', 65, 82, 2007, 176);
INSERT INTO Contract(`contract_player_id`, `contract_club_id`, `contract_signDate`, `contract_expireDate`, `contract_salary`, `contract_number`, `contract_role`) VALUES (1055, 'slaviaprague', 2025, 2029, 1.0, 2, 'sub');
INSERT INTO Player(`player_id`, `player_name`, `player_lastname`, `player_country_id`, `player_positions`, `player_rating`, `player_potential`, `player_birth_year`, `player_height`) VALUES (1056, 'Yunier', 'Aguilar', 'CRC', 'CB', 79, 0, 1992, 185);
INSERT INTO Contract(`contract_player_id`, `contract_club_id`, `contract_signDate`, `contract_expireDate`, `contract_salary`, `contract_number`, `contract_role`) VALUES (1056, 'atleticodemadrid', 2025, 2027, 43.7, 1, 'sub');
INSERT INTO Player(`player_id`, `player_name`, `player_lastname`, `player_country_id`, `player_positions`, `player_rating`, `player_potential`, `player_birth_year`, `player_height`) VALUES (1057, 'Carl', 'Vitor', 'BRA', 'CB', 77, 82, 1999, 186);
INSERT INTO Contract(`contract_player_id`, `contract_club_id`, `contract_signDate`, `contract_expireDate`, `contract_salary`, `contract_number`, `contract_role`) VALUES (1057, 'saopaulo', 2025, 2026, 14.5, 8, 'sub');
INSERT INTO Player(`player_id`, `player_name`, `player_lastname`, `player_country_id`, `player_positions`, `player_rating`, `player_potential`, `player_birth_year`, `player_height`) VALUES (1058, '-', 'Matavio', 'BRA', 'DM CM', 80, 82, 2001, 177);
INSERT INTO Contract(`contract_player_id`, `contract_club_id`, `contract_signDate`, `contract_expireDate`, `contract_salary`, `contract_number`, `contract_role`) VALUES (1058, 'fluminense', 2025, 2027, 29.0, 5, 'sub');
INSERT INTO Player(`player_id`, `player_name`, `player_lastname`, `player_country_id`, `player_positions`, `player_rating`, `player_potential`, `player_birth_year`, `player_height`) VALUES (1059, 'Diego', 'Rogueres', 'BRA', 'GK', 73, 0, 1990, 183);
INSERT INTO Contract(`contract_player_id`, `contract_club_id`, `contract_signDate`, `contract_expireDate`, `contract_salary`, `contract_number`, `contract_role`) VALUES (1059, 'corinthians', 2025, 2027, 22.2, 13, 'sub');
INSERT INTO Player(`player_id`, `player_name`, `player_lastname`, `player_country_id`, `player_positions`, `player_rating`, `player_potential`, `player_birth_year`, `player_height`) VALUES (1060, 'Antonis', 'Pavlidis', 'GRE', 'ST SS', 70, 0, 1994, 180);
INSERT INTO Contract(`contract_player_id`, `contract_club_id`, `contract_signDate`, `contract_expireDate`, `contract_salary`, `contract_number`, `contract_role`) VALUES (1060, 'panathinaikos', 2025, 2028, 13.0, 7, 'sub');
INSERT INTO Player(`player_id`, `player_name`, `player_lastname`, `player_country_id`, `player_positions`, `player_rating`, `player_potential`, `player_birth_year`, `player_height`) VALUES (1061, 'Maxwell', 'Sion', 'BEL', 'CB', 72, 0, 1993, 180);
INSERT INTO Contract(`contract_player_id`, `contract_club_id`, `contract_signDate`, `contract_expireDate`, `contract_salary`, `contract_number`, `contract_role`) VALUES (1061, 'paok', 2025, 2027, 20.0, 12, 'sub');
INSERT INTO Player(`player_id`, `player_name`, `player_lastname`, `player_country_id`, `player_positions`, `player_rating`, `player_potential`, `player_birth_year`, `player_height`) VALUES (1062, 'Fuhrland', 'Beiur', 'GER', 'RW SS', 74, 79, 2003, 175);
INSERT INTO Contract(`contract_player_id`, `contract_club_id`, `contract_signDate`, `contract_expireDate`, `contract_salary`, `contract_number`, `contract_role`) VALUES (1062, 'hsv', 2025, 2028, 16.0, 2, 'SS');
INSERT INTO Player(`player_id`, `player_name`, `player_lastname`, `player_country_id`, `player_positions`, `player_rating`, `player_potential`, `player_birth_year`, `player_height`) VALUES (1063, 'Vincente', 'Lakumi', 'DRC', 'RB RM', 73, 77, 2004, 179);
INSERT INTO Contract(`contract_player_id`, `contract_club_id`, `contract_signDate`, `contract_expireDate`, `contract_salary`, `contract_number`, `contract_role`) VALUES (1063, 'clubbrugge', 2025, 2027, 1.0, 15, 'sub');
INSERT INTO Player(`player_id`, `player_name`, `player_lastname`, `player_country_id`, `player_positions`, `player_rating`, `player_potential`, `player_birth_year`, `player_height`) VALUES (1064, 'Andres', 'Mitdso', 'DEN', 'RB', 74, 77, 2001, 177);
INSERT INTO Contract(`contract_player_id`, `contract_club_id`, `contract_signDate`, `contract_expireDate`, `contract_salary`, `contract_number`, `contract_role`) VALUES (1064, 'midtjylland', 2025, 2026, 8.0, 7, 'sub');
INSERT INTO Player(`player_id`, `player_name`, `player_lastname`, `player_country_id`, `player_positions`, `player_rating`, `player_potential`, `player_birth_year`, `player_height`) VALUES (1065, 'Carlos Ayizo', 'Soldo', 'ESP', 'AM', 73, 75, 2002, 175);
INSERT INTO Contract(`contract_player_id`, `contract_club_id`, `contract_signDate`, `contract_expireDate`, `contract_salary`, `contract_number`, `contract_role`) VALUES (1065, 'getafe', 2025, 2027, 9.6, 3, 'sub');
INSERT INTO Player(`player_id`, `player_name`, `player_lastname`, `player_country_id`, `player_positions`, `player_rating`, `player_potential`, `player_birth_year`, `player_height`) VALUES (1066, 'Amed', 'Husseini', 'EGY', 'DM', 69, 79, 2003, 184);
INSERT INTO Contract(`contract_player_id`, `contract_club_id`, `contract_signDate`, `contract_expireDate`, `contract_salary`, `contract_number`, `contract_role`) VALUES (1066, 'rennais', 2025, 2026, 1.3, 15, 'DM');
INSERT INTO Player(`player_id`, `player_name`, `player_lastname`, `player_country_id`, `player_positions`, `player_rating`, `player_potential`, `player_birth_year`, `player_height`) VALUES (1067, 'Denis', 'Nevotniyev', 'RUS', 'GK', 74, 76, 1999, 197);
INSERT INTO Contract(`contract_player_id`, `contract_club_id`, `contract_signDate`, `contract_expireDate`, `contract_salary`, `contract_number`, `contract_role`) VALUES (1067, 'spartakmoscow', 2025, 2027, 18.0, 2, 'GK');
INSERT INTO Player(`player_id`, `player_name`, `player_lastname`, `player_country_id`, `player_positions`, `player_rating`, `player_potential`, `player_birth_year`, `player_height`) VALUES (1068, 'Lukasz', 'Vrcnel', 'CZE', 'CB', 69, 71, 2000, 193);
INSERT INTO Contract(`contract_player_id`, `contract_club_id`, `contract_signDate`, `contract_expireDate`, `contract_salary`, `contract_number`, `contract_role`) VALUES (1068, 'slaviaprague', 2025, 2026, 7.1, 13, 'sub');
INSERT INTO Player(`player_id`, `player_name`, `player_lastname`, `player_country_id`, `player_positions`, `player_rating`, `player_potential`, `player_birth_year`, `player_height`) VALUES (1069, 'Simon', 'Castan', 'BEL', 'GK', 75, 0, 1992, 192);
INSERT INTO Contract(`contract_player_id`, `contract_club_id`, `contract_signDate`, `contract_expireDate`, `contract_salary`, `contract_number`, `contract_role`) VALUES (1069, 'feyenoord', 2025, 2026, 28.0, 1, 'GK');
INSERT INTO Player(`player_id`, `player_name`, `player_lastname`, `player_country_id`, `player_positions`, `player_rating`, `player_potential`, `player_birth_year`, `player_height`) VALUES (1070, 'Silvestre', 'Rugnolli', 'ITA', 'CB', 70, 84, 2006, 193);
INSERT INTO Contract(`contract_player_id`, `contract_club_id`, `contract_signDate`, `contract_expireDate`, `contract_salary`, `contract_number`, `contract_role`) VALUES (1070, 'chievo', 2025, 2029, 1.0, 18, 'RCB');
INSERT INTO Player(`player_id`, `player_name`, `player_lastname`, `player_country_id`, `player_positions`, `player_rating`, `player_potential`, `player_birth_year`, `player_height`) VALUES (1071, 'Marc', 'Ignacio', 'POR', 'LW', 69, 87, 2006, 181);
INSERT INTO Contract(`contract_player_id`, `contract_club_id`, `contract_signDate`, `contract_expireDate`, `contract_salary`, `contract_number`, `contract_role`) VALUES (1071, 'benfica', 2025, 2029, 1.0, 19, 'sub');
INSERT INTO Player(`player_id`, `player_name`, `player_lastname`, `player_country_id`, `player_positions`, `player_rating`, `player_potential`, `player_birth_year`, `player_height`) VALUES (1072, 'Kevin', 'Sottor', 'FRA', 'CF', 72, 0, 1992, 183);
INSERT INTO Contract(`contract_player_id`, `contract_club_id`, `contract_signDate`, `contract_expireDate`, `contract_salary`, `contract_number`, `contract_role`) VALUES (1072, 'montpellier', 2025, 2027, 19.7, 1, 'sub');
INSERT INTO Player(`player_id`, `player_name`, `player_lastname`, `player_country_id`, `player_positions`, `player_rating`, `player_potential`, `player_birth_year`, `player_height`) VALUES (1073, 'Bartosz', 'Konwalski', 'POL', 'GK', 72, 0, 1991, 189);
INSERT INTO Contract(`contract_player_id`, `contract_club_id`, `contract_signDate`, `contract_expireDate`, `contract_salary`, `contract_number`, `contract_role`) VALUES (1073, 'besiktas', 2025, 2028, 19.1, 3, 'GK');
INSERT INTO Player(`player_id`, `player_name`, `player_lastname`, `player_country_id`, `player_positions`, `player_rating`, `player_potential`, `player_birth_year`, `player_height`) VALUES (1074, 'Ilkay', 'Barih', 'TUR', 'LB', 70, 0, 1993, 174);
INSERT INTO Contract(`contract_player_id`, `contract_club_id`, `contract_signDate`, `contract_expireDate`, `contract_salary`, `contract_number`, `contract_role`) VALUES (1074, 'fenerbahce', 2025, 2027, 13.4, 3, 'sub');
INSERT INTO Player(`player_id`, `player_name`, `player_lastname`, `player_country_id`, `player_positions`, `player_rating`, `player_potential`, `player_birth_year`, `player_height`) VALUES (1075, 'Danny', 'Sierro', 'BEL', 'GK', 80, 0, 1990, 191);
INSERT INTO Contract(`contract_player_id`, `contract_club_id`, `contract_signDate`, `contract_expireDate`, `contract_salary`, `contract_number`, `contract_role`) VALUES (1075, 'rsca', 2025, 2028, 50.0, 1, 'GK');
INSERT INTO Player(`player_id`, `player_name`, `player_lastname`, `player_country_id`, `player_positions`, `player_rating`, `player_potential`, `player_birth_year`, `player_height`) VALUES (1076, 'Diego', 'Uz', 'ESP', 'RW', 70, 76, 2004, 176);
INSERT INTO Contract(`contract_player_id`, `contract_club_id`, `contract_signDate`, `contract_expireDate`, `contract_salary`, `contract_number`, `contract_role`) VALUES (1076, 'valencia', 2025, 2028, 5.1, 31, 'sub');
INSERT INTO Player(`player_id`, `player_name`, `player_lastname`, `player_country_id`, `player_positions`, `player_rating`, `player_potential`, `player_birth_year`, `player_height`) VALUES (1077, 'Patrick', 'Kain', 'GER', 'GK', 77, 0, 1996, 190);
INSERT INTO Contract(`contract_player_id`, `contract_club_id`, `contract_signDate`, `contract_expireDate`, `contract_salary`, `contract_number`, `contract_role`) VALUES (1077, 'koln', 2025, 2027, 37.5, 6, 'GK');
INSERT INTO Player(`player_id`, `player_name`, `player_lastname`, `player_country_id`, `player_positions`, `player_rating`, `player_potential`, `player_birth_year`, `player_height`) VALUES (1078, 'Iyago', 'Moreiros', 'ECU', 'CB', 78, 81, 1999, 193);
INSERT INTO Contract(`contract_player_id`, `contract_club_id`, `contract_signDate`, `contract_expireDate`, `contract_salary`, `contract_number`, `contract_role`) VALUES (1078, 'portimonense', 2025, 2026, 19.3, 2, 'RCB');
INSERT INTO Player(`player_id`, `player_name`, `player_lastname`, `player_country_id`, `player_positions`, `player_rating`, `player_potential`, `player_birth_year`, `player_height`) VALUES (1079, 'Alexandros', 'Lenermakis', 'GRE', 'CM', 67, 78, 2006, 183);
INSERT INTO Contract(`contract_player_id`, `contract_club_id`, `contract_signDate`, `contract_expireDate`, `contract_salary`, `contract_number`, `contract_role`) VALUES (1079, 'olympiacos', 2025, 2029, 1.0, 37, 'sub');
INSERT INTO Player(`player_id`, `player_name`, `player_lastname`, `player_country_id`, `player_positions`, `player_rating`, `player_potential`, `player_birth_year`, `player_height`) VALUES (1080, 'Jose', 'Pinto', 'POR', 'GK', 73, 0, 1988, 195);
INSERT INTO Contract(`contract_player_id`, `contract_club_id`, `contract_signDate`, `contract_expireDate`, `contract_salary`, `contract_number`, `contract_role`) VALUES (1080, 'portimonense', 2025, 2027, 21.7, 1, 'GK');
INSERT INTO Player(`player_id`, `player_name`, `player_lastname`, `player_country_id`, `player_positions`, `player_rating`, `player_potential`, `player_birth_year`, `player_height`) VALUES (1081, 'David', 'Mbalanga', 'DRC', 'DM CM', 74, 77, 2000, 181);
INSERT INTO Contract(`contract_player_id`, `contract_club_id`, `contract_signDate`, `contract_expireDate`, `contract_salary`, `contract_number`, `contract_role`) VALUES (1081, 'marseille', 2025, 2027, 13.4, 33, 'RCM');
INSERT INTO Player(`player_id`, `player_name`, `player_lastname`, `player_country_id`, `player_positions`, `player_rating`, `player_potential`, `player_birth_year`, `player_height`) VALUES (1082, 'Mendy', 'Yoye', 'MLI', 'LB', 66, 80, 2007, 179);
INSERT INTO Contract(`contract_player_id`, `contract_club_id`, `contract_signDate`, `contract_expireDate`, `contract_salary`, `contract_number`, `contract_role`) VALUES (1082, 'rennais', 2025, 2029, 1.0, 26, 'LB');
INSERT INTO Player(`player_id`, `player_name`, `player_lastname`, `player_country_id`, `player_positions`, `player_rating`, `player_potential`, `player_birth_year`, `player_height`) VALUES (1083, 'Altin', 'Ayban', 'TUR', 'CB', 71, 0, 1994, 188);
INSERT INTO Contract(`contract_player_id`, `contract_club_id`, `contract_signDate`, `contract_expireDate`, `contract_salary`, `contract_number`, `contract_role`) VALUES (1083, 'besiktas', 2025, 2028, 16.1, 2, 'sub');
INSERT INTO Player(`player_id`, `player_name`, `player_lastname`, `player_country_id`, `player_positions`, `player_rating`, `player_potential`, `player_birth_year`, `player_height`) VALUES (1084, 'Ladislav', 'otka', 'CZE', 'CM', 65, 0, 1987, 179);
INSERT INTO Contract(`contract_player_id`, `contract_club_id`, `contract_signDate`, `contract_expireDate`, `contract_salary`, `contract_number`, `contract_role`) VALUES (1084, 'viktoriaplzen', 2025, 2026, 8.4, 24, 'sub');
INSERT INTO Player(`player_id`, `player_name`, `player_lastname`, `player_country_id`, `player_positions`, `player_rating`, `player_potential`, `player_birth_year`, `player_height`) VALUES (1085, 'Belman', 'Perr', 'ESP', 'CB', 70, 0, 1989, 185);
INSERT INTO Contract(`contract_player_id`, `contract_club_id`, `contract_signDate`, `contract_expireDate`, `contract_salary`, `contract_number`, `contract_role`) VALUES (1085, 'olympiacos', 2025, 2027, 13.9, 3, 'sub');
INSERT INTO Player(`player_id`, `player_name`, `player_lastname`, `player_country_id`, `player_positions`, `player_rating`, `player_potential`, `player_birth_year`, `player_height`) VALUES (1086, 'Emilio', 'Nathandez', 'HON', 'GK', 76, 0, 1988, 197);
INSERT INTO Contract(`contract_player_id`, `contract_club_id`, `contract_signDate`, `contract_expireDate`, `contract_salary`, `contract_number`, `contract_role`) VALUES (1086, 'realmadrid', 2025, 2026, 32.0, 27, 'sub');
INSERT INTO Player(`player_id`, `player_name`, `player_lastname`, `player_country_id`, `player_positions`, `player_rating`, `player_potential`, `player_birth_year`, `player_height`) VALUES (1087, 'Matu', 'Valat', 'CZE', 'LM LW', 66, 71, 2006, 176);
INSERT INTO Contract(`contract_player_id`, `contract_club_id`, `contract_signDate`, `contract_expireDate`, `contract_salary`, `contract_number`, `contract_role`) VALUES (1087, 'viktoriaplzen', 2025, 2028, 1.0, 25, 'LM');
INSERT INTO Player(`player_id`, `player_name`, `player_lastname`, `player_country_id`, `player_positions`, `player_rating`, `player_potential`, `player_birth_year`, `player_height`) VALUES (1088, 'Luca', 'Naldo', 'ITA', 'CB RB', 63, 70, 2006, 184);
INSERT INTO Contract(`contract_player_id`, `contract_club_id`, `contract_signDate`, `contract_expireDate`, `contract_salary`, `contract_number`, `contract_role`) VALUES (1088, 'lazio', 2025, 2028, 1.0, 52, 'sub');
INSERT INTO Player(`player_id`, `player_name`, `player_lastname`, `player_country_id`, `player_positions`, `player_rating`, `player_potential`, `player_birth_year`, `player_height`) VALUES (1089, 'Pavel', 'Brezniak', 'RUS', 'CB', 76, 0, 1993, 187);
INSERT INTO Contract(`contract_player_id`, `contract_club_id`, `contract_signDate`, `contract_expireDate`, `contract_salary`, `contract_number`, `contract_role`) VALUES (1089, 'spartakmoscow', 2025, 2027, 32.7, 6, 'RCB');
INSERT INTO Player(`player_id`, `player_name`, `player_lastname`, `player_country_id`, `player_positions`, `player_rating`, `player_potential`, `player_birth_year`, `player_height`) VALUES (1090, 'Thomas', 'Weihle', 'GER', 'DM CM', 77, 0, 1993, 183);
INSERT INTO Contract(`contract_player_id`, `contract_club_id`, `contract_signDate`, `contract_expireDate`, `contract_salary`, `contract_number`, `contract_role`) VALUES (1090, 'hoffenheim', 2025, 2027, 37.3, 12, 'DM');
INSERT INTO Player(`player_id`, `player_name`, `player_lastname`, `player_country_id`, `player_positions`, `player_rating`, `player_potential`, `player_birth_year`, `player_height`) VALUES (1091, 'Badamie', 'Diow', 'SEN', 'LW', 67, 78, 2006, 179);
INSERT INTO Contract(`contract_player_id`, `contract_club_id`, `contract_signDate`, `contract_expireDate`, `contract_salary`, `contract_number`, `contract_role`) VALUES (1091, 'rennais', 2025, 2028, 1.2, 11, 'LW');
INSERT INTO Player(`player_id`, `player_name`, `player_lastname`, `player_country_id`, `player_positions`, `player_rating`, `player_potential`, `player_birth_year`, `player_height`) VALUES (1092, 'Anthony', 'Nils', 'FRA', 'ST CF', 71, 86, 2006, 188);
INSERT INTO Contract(`contract_player_id`, `contract_club_id`, `contract_signDate`, `contract_expireDate`, `contract_salary`, `contract_number`, `contract_role`) VALUES (1092, 'nantes', 2025, 2029, 1.0, 9, 'CF');
INSERT INTO Player(`player_id`, `player_name`, `player_lastname`, `player_country_id`, `player_positions`, `player_rating`, `player_potential`, `player_birth_year`, `player_height`) VALUES (1093, 'Luka', 'Bodalenko', 'UKR', 'RB', 73, 78, 2005, 180);
INSERT INTO Contract(`contract_player_id`, `contract_club_id`, `contract_signDate`, `contract_expireDate`, `contract_salary`, `contract_number`, `contract_role`) VALUES (1093, 'realsociedad', 2025, 2028, 8.6, 26, 'sub');
INSERT INTO Player(`player_id`, `player_name`, `player_lastname`, `player_country_id`, `player_positions`, `player_rating`, `player_potential`, `player_birth_year`, `player_height`) VALUES (1094, 'Kevin', 'Riemman', 'GER', 'RB', 82, 0, 1997, 178);
INSERT INTO Contract(`contract_player_id`, `contract_club_id`, `contract_signDate`, `contract_expireDate`, `contract_salary`, `contract_number`, `contract_role`) VALUES (1094, 'dortmund', 2025, 2027, 37.3, 6, 'sub');
INSERT INTO Player(`player_id`, `player_name`, `player_lastname`, `player_country_id`, `player_positions`, `player_rating`, `player_potential`, `player_birth_year`, `player_height`) VALUES (1095, 'Wissy', 'Sikadi', 'DRC', 'CB', 69, 73, 2004, 191);
INSERT INTO Contract(`contract_player_id`, `contract_club_id`, `contract_signDate`, `contract_expireDate`, `contract_salary`, `contract_number`, `contract_role`) VALUES (1095, 'nantes', 2025, 2027, 1.0, 19, 'LCB');
INSERT INTO Player(`player_id`, `player_name`, `player_lastname`, `player_country_id`, `player_positions`, `player_rating`, `player_potential`, `player_birth_year`, `player_height`) VALUES (1096, 'Andre', 'Sanson', 'SWE', 'RW SS', 79, 81, 2000, 177);
INSERT INTO Contract(`contract_player_id`, `contract_club_id`, `contract_signDate`, `contract_expireDate`, `contract_salary`, `contract_number`, `contract_role`) VALUES (1096, 'malmo', 2025, 2026, 13.5, 10, 'sub');
INSERT INTO Player(`player_id`, `player_name`, `player_lastname`, `player_country_id`, `player_positions`, `player_rating`, `player_potential`, `player_birth_year`, `player_height`) VALUES (1097, 'Luis', 'Rubeiros', 'POR', 'DM', 76, 0, 1998, 182);
INSERT INTO Contract(`contract_player_id`, `contract_club_id`, `contract_signDate`, `contract_expireDate`, `contract_salary`, `contract_number`, `contract_role`) VALUES (1097, 'braga', 2025, 2027, 23.0, 9, 'sub');
INSERT INTO Player(`player_id`, `player_name`, `player_lastname`, `player_country_id`, `player_positions`, `player_rating`, `player_potential`, `player_birth_year`, `player_height`) VALUES (1098, '-', 'Milson Ederio', 'BRA', 'DM CM', 73, 75, 2000, 179);
INSERT INTO Contract(`contract_player_id`, `contract_club_id`, `contract_signDate`, `contract_expireDate`, `contract_salary`, `contract_number`, `contract_role`) VALUES (1098, 'benfica', 2025, 2026, 10.0, 25, 'sub');
INSERT INTO Player(`player_id`, `player_name`, `player_lastname`, `player_country_id`, `player_positions`, `player_rating`, `player_potential`, `player_birth_year`, `player_height`) VALUES (1099, 'Alex', 'Steigress', 'SUI', 'CM', 73, 0, 1994, 182);
INSERT INTO Contract(`contract_player_id`, `contract_club_id`, `contract_signDate`, `contract_expireDate`, `contract_salary`, `contract_number`, `contract_role`) VALUES (1099, 'youngboys', 2025, 2028, 21.4, 4, 'sub');
INSERT INTO Player(`player_id`, `player_name`, `player_lastname`, `player_country_id`, `player_positions`, `player_rating`, `player_potential`, `player_birth_year`, `player_height`) VALUES (1100, 'Kevin', 'Trafth', 'NED', 'CM', 74, 0, 1992, 179);
INSERT INTO Contract(`contract_player_id`, `contract_club_id`, `contract_signDate`, `contract_expireDate`, `contract_salary`, `contract_number`, `contract_role`) VALUES (1100, 'feyenoord', 2025, 2026, 24.2, 15, 'sub');
INSERT INTO Player(`player_id`, `player_name`, `player_lastname`, `player_country_id`, `player_positions`, `player_rating`, `player_potential`, `player_birth_year`, `player_height`) VALUES (1101, 'Oni', 'Tebeyeke', 'NGR', 'CB', 72, 75, 2004, 187);
INSERT INTO Contract(`contract_player_id`, `contract_club_id`, `contract_signDate`, `contract_expireDate`, `contract_salary`, `contract_number`, `contract_role`) VALUES (1101, 'ajax', 2025, 2028, 12.0, 29, 'sub');
INSERT INTO Player(`player_id`, `player_name`, `player_lastname`, `player_country_id`, `player_positions`, `player_rating`, `player_potential`, `player_birth_year`, `player_height`) VALUES (1102, 'Leonardo', 'Feirtz', 'GER', 'CB', 72, 74, 2002, 192);
INSERT INTO Contract(`contract_player_id`, `contract_club_id`, `contract_signDate`, `contract_expireDate`, `contract_salary`, `contract_number`, `contract_role`) VALUES (1102, 'hoffenheim', 2025, 2028, 8.0, 16, 'LCB');
INSERT INTO Player(`player_id`, `player_name`, `player_lastname`, `player_country_id`, `player_positions`, `player_rating`, `player_potential`, `player_birth_year`, `player_height`) VALUES (1103, 'Evgeniy', 'Karpanov', 'RUS', 'CB', 65, 0, 1988, 189);
INSERT INTO Contract(`contract_player_id`, `contract_club_id`, `contract_signDate`, `contract_expireDate`, `contract_salary`, `contract_number`, `contract_role`) VALUES (1103, 'rostov', 2025, 2027, 5.6, 32, 'sub');
INSERT INTO Player(`player_id`, `player_name`, `player_lastname`, `player_country_id`, `player_positions`, `player_rating`, `player_potential`, `player_birth_year`, `player_height`) VALUES (1104, 'Boris', 'Grachev', 'BUL', 'RB', 67, 0, 1993, 182);
INSERT INTO Contract(`contract_player_id`, `contract_club_id`, `contract_signDate`, `contract_expireDate`, `contract_salary`, `contract_number`, `contract_role`) VALUES (1104, 'levskisofia', 2025, 2027, 7.2, 27, 'sub');
INSERT INTO Player(`player_id`, `player_name`, `player_lastname`, `player_country_id`, `player_positions`, `player_rating`, `player_potential`, `player_birth_year`, `player_height`) VALUES (1105, 'Andrea', 'Pittelli', 'ITA', 'CB', 66, 73, 2004, 186);
INSERT INTO Contract(`contract_player_id`, `contract_club_id`, `contract_signDate`, `contract_expireDate`, `contract_salary`, `contract_number`, `contract_role`) VALUES (1105, 'parma', 2025, 2027, 1.0, 6, 'CB');
INSERT INTO Player(`player_id`, `player_name`, `player_lastname`, `player_country_id`, `player_positions`, `player_rating`, `player_potential`, `player_birth_year`, `player_height`) VALUES (1106, 'Francesco', 'Diccianzono', 'ITA', 'LB LM', 69, 0, 1988, 177);
INSERT INTO Contract(`contract_player_id`, `contract_club_id`, `contract_signDate`, `contract_expireDate`, `contract_salary`, `contract_number`, `contract_role`) VALUES (1106, 'parma', 2025, 2026, 16.0, 11, 'LM');
INSERT INTO Player(`player_id`, `player_name`, `player_lastname`, `player_country_id`, `player_positions`, `player_rating`, `player_potential`, `player_birth_year`, `player_height`) VALUES (1107, 'David', 'Gambula', 'UGA', 'CM', 67, 78, 2004, 191);
INSERT INTO Contract(`contract_player_id`, `contract_club_id`, `contract_signDate`, `contract_expireDate`, `contract_salary`, `contract_number`, `contract_role`) VALUES (1107, 'rennais', 2025, 2028, 1.4, 2, 'sub');
INSERT INTO Player(`player_id`, `player_name`, `player_lastname`, `player_country_id`, `player_positions`, `player_rating`, `player_potential`, `player_birth_year`, `player_height`) VALUES (1108, 'Mari', 'Lovre', 'CRO', 'CM', 70, 74, 2000, 184);
INSERT INTO Contract(`contract_player_id`, `contract_club_id`, `contract_signDate`, `contract_expireDate`, `contract_salary`, `contract_number`, `contract_role`) VALUES (1108, 'rijeka', 2025, 2026, 6.8, 6, 'sub');
INSERT INTO Player(`player_id`, `player_name`, `player_lastname`, `player_country_id`, `player_positions`, `player_rating`, `player_potential`, `player_birth_year`, `player_height`) VALUES (1109, 'Gonsalo', 'Marquano', 'MOZ', 'ST LW', 72, 73, 2000, 182);
INSERT INTO Contract(`contract_player_id`, `contract_club_id`, `contract_signDate`, `contract_expireDate`, `contract_salary`, `contract_number`, `contract_role`) VALUES (1109, 'valencia', 2025, 2026, 12.0, 14, 'sub');
INSERT INTO Player(`player_id`, `player_name`, `player_lastname`, `player_country_id`, `player_positions`, `player_rating`, `player_potential`, `player_birth_year`, `player_height`) VALUES (1110, 'Marc', 'Soler', 'ESP', 'CM', 76, 0, 1994, 180);
INSERT INTO Contract(`contract_player_id`, `contract_club_id`, `contract_signDate`, `contract_expireDate`, `contract_salary`, `contract_number`, `contract_role`) VALUES (1110, 'valencia', 2025, 2028, 33.0, 15, 'RCM');
INSERT INTO Player(`player_id`, `player_name`, `player_lastname`, `player_country_id`, `player_positions`, `player_rating`, `player_potential`, `player_birth_year`, `player_height`) VALUES (1111, 'Maximillian', 'Zimmerman', 'SUI', 'GK', 77, 78, 1998, 195);
INSERT INTO Contract(`contract_player_id`, `contract_club_id`, `contract_signDate`, `contract_expireDate`, `contract_salary`, `contract_number`, `contract_role`) VALUES (1111, 'eintracht', 2025, 2029, 41.0, 5, 'GK');
INSERT INTO Player(`player_id`, `player_name`, `player_lastname`, `player_country_id`, `player_positions`, `player_rating`, `player_potential`, `player_birth_year`, `player_height`) VALUES (1112, 'Unuke', 'Sato', 'JPN', 'RW', 75, 0, 1999, 172);
INSERT INTO Contract(`contract_player_id`, `contract_club_id`, `contract_signDate`, `contract_expireDate`, `contract_salary`, `contract_number`, `contract_role`) VALUES (1112, 'eintracht', 2025, 2027, 23.0, 6, 'RW');
INSERT INTO Player(`player_id`, `player_name`, `player_lastname`, `player_country_id`, `player_positions`, `player_rating`, `player_potential`, `player_birth_year`, `player_height`) VALUES (1113, 'Roman', 'Dymchuk', 'UKR', 'CF ST', 73, 0, 1991, 190);
INSERT INTO Contract(`contract_player_id`, `contract_club_id`, `contract_signDate`, `contract_expireDate`, `contract_salary`, `contract_number`, `contract_role`) VALUES (1113, 'dynamokyiv', 2025, 2028, 23.4, 19, 'CF');
INSERT INTO Player(`player_id`, `player_name`, `player_lastname`, `player_country_id`, `player_positions`, `player_rating`, `player_potential`, `player_birth_year`, `player_height`) VALUES (1114, 'Amen', 'Uchukwo', 'NGR', 'ST CF', 68, 73, 2005, 188);
INSERT INTO Contract(`contract_player_id`, `contract_club_id`, `contract_signDate`, `contract_expireDate`, `contract_salary`, `contract_number`, `contract_role`) VALUES (1114, 'lazio', 2025, 2028, 2.2, 23, 'sub');
INSERT INTO Player(`player_id`, `player_name`, `player_lastname`, `player_country_id`, `player_positions`, `player_rating`, `player_potential`, `player_birth_year`, `player_height`) VALUES (1115, '-', 'Eldao', 'ANG', 'LM LB', 73, 74, 2000, 176);
INSERT INTO Contract(`contract_player_id`, `contract_club_id`, `contract_signDate`, `contract_expireDate`, `contract_salary`, `contract_number`, `contract_role`) VALUES (1115, 'braga', 2025, 2027, 14.0, 16, 'LB');
INSERT INTO Player(`player_id`, `player_name`, `player_lastname`, `player_country_id`, `player_positions`, `player_rating`, `player_potential`, `player_birth_year`, `player_height`) VALUES (1116, '-', 'Chales', 'BRA', 'CB', 69, 0, 1995, 180);
INSERT INTO Contract(`contract_player_id`, `contract_club_id`, `contract_signDate`, `contract_expireDate`, `contract_salary`, `contract_number`, `contract_role`) VALUES (1116, 'tondela', 2025, 2028, 12.0, 3, 'sub');
INSERT INTO Player(`player_id`, `player_name`, `player_lastname`, `player_country_id`, `player_positions`, `player_rating`, `player_potential`, `player_birth_year`, `player_height`) VALUES (1117, 'Jan', 'Cezdrva', 'CZE', 'CB', 67, 0, 1987, 187);
INSERT INTO Contract(`contract_player_id`, `contract_club_id`, `contract_signDate`, `contract_expireDate`, `contract_salary`, `contract_number`, `contract_role`) VALUES (1117, 'viktoriaplzen', 2025, 2027, 7.5, 3, 'RCB');
INSERT INTO Player(`player_id`, `player_name`, `player_lastname`, `player_country_id`, `player_positions`, `player_rating`, `player_potential`, `player_birth_year`, `player_height`) VALUES (1118, 'Kenan', 'Sayba', 'TUR', 'LW', 66, 73, 2006, 175);
INSERT INTO Contract(`contract_player_id`, `contract_club_id`, `contract_signDate`, `contract_expireDate`, `contract_salary`, `contract_number`, `contract_role`) VALUES (1118, 'fenerbahce', 2025, 2029, 1.0, 23, 'sub');
INSERT INTO Player(`player_id`, `player_name`, `player_lastname`, `player_country_id`, `player_positions`, `player_rating`, `player_potential`, `player_birth_year`, `player_height`) VALUES (1119, 'Ricardo', 'Anduri', 'ESP', 'LB', 72, 0, 1991, 172);
INSERT INTO Contract(`contract_player_id`, `contract_club_id`, `contract_signDate`, `contract_expireDate`, `contract_salary`, `contract_number`, `contract_role`) VALUES (1119, 'valencia', 2025, 2027, 18.3, 11, 'sub');
INSERT INTO Player(`player_id`, `player_name`, `player_lastname`, `player_country_id`, `player_positions`, `player_rating`, `player_potential`, `player_birth_year`, `player_height`) VALUES (1120, 'Roberto', 'Ulema', 'ESP', 'DM', 78, 83, 2002, 183);
INSERT INTO Contract(`contract_player_id`, `contract_club_id`, `contract_signDate`, `contract_expireDate`, `contract_salary`, `contract_number`, `contract_role`) VALUES (1120, 'atleticodemadrid', 2025, 2028, 16.0, 14, 'sub');
INSERT INTO Player(`player_id`, `player_name`, `player_lastname`, `player_country_id`, `player_positions`, `player_rating`, `player_potential`, `player_birth_year`, `player_height`) VALUES (1121, 'Diego', 'De Cordon', 'COL', 'AM', 80, 0, 1994, 179);
INSERT INTO Contract(`contract_player_id`, `contract_club_id`, `contract_signDate`, `contract_expireDate`, `contract_salary`, `contract_number`, `contract_role`) VALUES (1121, 'atleticodemadrid', 2025, 2027, 50.0, 11, 'sub');
INSERT INTO Player(`player_id`, `player_name`, `player_lastname`, `player_country_id`, `player_positions`, `player_rating`, `player_potential`, `player_birth_year`, `player_height`) VALUES (1122, 'Juan', 'Moranti', 'ARG', 'AM', 72, 74, 2001, 170);
INSERT INTO Contract(`contract_player_id`, `contract_club_id`, `contract_signDate`, `contract_expireDate`, `contract_salary`, `contract_number`, `contract_role`) VALUES (1122, 'benfica', 2025, 2026, 9.0, 15, 'sub');
INSERT INTO Player(`player_id`, `player_name`, `player_lastname`, `player_country_id`, `player_positions`, `player_rating`, `player_potential`, `player_birth_year`, `player_height`) VALUES (1123, 'Amadou', 'Nnokho', 'FRA', 'DM', 71, 77, 2001, 190);
INSERT INTO Contract(`contract_player_id`, `contract_club_id`, `contract_signDate`, `contract_expireDate`, `contract_salary`, `contract_number`, `contract_role`) VALUES (1123, 'toulouse', 2025, 2027, 6.4, 19, 'DM');
INSERT INTO Player(`player_id`, `player_name`, `player_lastname`, `player_country_id`, `player_positions`, `player_rating`, `player_potential`, `player_birth_year`, `player_height`) VALUES (1124, 'Artem', 'Shuborov', 'UKR', 'GK', 66, 0, 1996, 194);
INSERT INTO Contract(`contract_player_id`, `contract_club_id`, `contract_signDate`, `contract_expireDate`, `contract_salary`, `contract_number`, `contract_role`) VALUES (1124, 'dnipro', 2025, 2028, 5.7, 1, 'sub');
INSERT INTO Player(`player_id`, `player_name`, `player_lastname`, `player_country_id`, `player_positions`, `player_rating`, `player_potential`, `player_birth_year`, `player_height`) VALUES (1125, 'Cancellari', 'Gianttono', 'ARG', 'CF', 76, 0, 1997, 191);
INSERT INTO Contract(`contract_player_id`, `contract_club_id`, `contract_signDate`, `contract_expireDate`, `contract_salary`, `contract_number`, `contract_role`) VALUES (1125, 'udinese', 2025, 2027, 28.0, 4, 'CF');
INSERT INTO Player(`player_id`, `player_name`, `player_lastname`, `player_country_id`, `player_positions`, `player_rating`, `player_potential`, `player_birth_year`, `player_height`) VALUES (1126, 'Dirduin', 'Ouard', 'FRA', 'RM RB', 71, 0, 1992, 173);
INSERT INTO Contract(`contract_player_id`, `contract_club_id`, `contract_signDate`, `contract_expireDate`, `contract_salary`, `contract_number`, `contract_role`) VALUES (1126, 'nantes', 2025, 2028, 15.5, 5, 'RB');
INSERT INTO Player(`player_id`, `player_name`, `player_lastname`, `player_country_id`, `player_positions`, `player_rating`, `player_potential`, `player_birth_year`, `player_height`) VALUES (1127, 'Luka', 'Simani', 'SRB', 'CF', 63, 81, 2006, 189);
INSERT INTO Contract(`contract_player_id`, `contract_club_id`, `contract_signDate`, `contract_expireDate`, `contract_salary`, `contract_number`, `contract_role`) VALUES (1127, 'santaclara', 2025, 2029, 1.5, 26, 'sub');
INSERT INTO Player(`player_id`, `player_name`, `player_lastname`, `player_country_id`, `player_positions`, `player_rating`, `player_potential`, `player_birth_year`, `player_height`) VALUES (1128, 'Marc', 'Marschantt', 'FRA', 'GK', 69, 77, 2005, 189);
INSERT INTO Contract(`contract_player_id`, `contract_club_id`, `contract_signDate`, `contract_expireDate`, `contract_salary`, `contract_number`, `contract_role`) VALUES (1128, 'rennais', 2025, 2029, 1.5, 9, 'GK');
INSERT INTO Player(`player_id`, `player_name`, `player_lastname`, `player_country_id`, `player_positions`, `player_rating`, `player_potential`, `player_birth_year`, `player_height`) VALUES (1129, 'Samuel', 'Chambo', 'ZAM', 'CB', 69, 77, 2005, 186);
INSERT INTO Contract(`contract_player_id`, `contract_club_id`, `contract_signDate`, `contract_expireDate`, `contract_salary`, `contract_number`, `contract_role`) VALUES (1129, 'chelsea', 2025, 2029, 3.1, 29, 'sub');
INSERT INTO Player(`player_id`, `player_name`, `player_lastname`, `player_country_id`, `player_positions`, `player_rating`, `player_potential`, `player_birth_year`, `player_height`) VALUES (1130, 'Miguel', 'Lopez-Aranguiz', 'ESP', 'CB', 72, 0, 1989, 191);
INSERT INTO Contract(`contract_player_id`, `contract_club_id`, `contract_signDate`, `contract_expireDate`, `contract_salary`, `contract_number`, `contract_role`) VALUES (1130, 'valencia', 2025, 2026, 18.2, 13, 'sub');
INSERT INTO Player(`player_id`, `player_name`, `player_lastname`, `player_country_id`, `player_positions`, `player_rating`, `player_potential`, `player_birth_year`, `player_height`) VALUES (1131, 'Alessandro', 'Di Gregorio', 'ITA', 'CB', 74, 0, 1987, 189);
INSERT INTO Contract(`contract_player_id`, `contract_club_id`, `contract_signDate`, `contract_expireDate`, `contract_salary`, `contract_number`, `contract_role`) VALUES (1131, 'parma', 2025, 2027, 23.7, 2, 'RCB');
INSERT INTO Player(`player_id`, `player_name`, `player_lastname`, `player_country_id`, `player_positions`, `player_rating`, `player_potential`, `player_birth_year`, `player_height`) VALUES (1132, 'Vukain', 'Radoevi', 'MNE', 'CB RB', 73, 78, 2000, 188);
INSERT INTO Contract(`contract_player_id`, `contract_club_id`, `contract_signDate`, `contract_expireDate`, `contract_salary`, `contract_number`, `contract_role`) VALUES (1132, 'rapidwien', 2025, 2026, 11.6, 18, 'sub');
INSERT INTO Player(`player_id`, `player_name`, `player_lastname`, `player_country_id`, `player_positions`, `player_rating`, `player_potential`, `player_birth_year`, `player_height`) VALUES (1133, 'Gregor', 'Heinerst', 'GER', 'CB', 74, 0, 1992, 188);
INSERT INTO Contract(`contract_player_id`, `contract_club_id`, `contract_signDate`, `contract_expireDate`, `contract_salary`, `contract_number`, `contract_role`) VALUES (1133, 'eintracht', 2025, 2027, 24.6, 7, 'RCB');
INSERT INTO Player(`player_id`, `player_name`, `player_lastname`, `player_country_id`, `player_positions`, `player_rating`, `player_potential`, `player_birth_year`, `player_height`) VALUES (1134, 'Rafael', 'Douglas', 'BRA', 'CF ST', 80, 84, 2000, 186);
INSERT INTO Contract(`contract_player_id`, `contract_club_id`, `contract_signDate`, `contract_expireDate`, `contract_salary`, `contract_number`, `contract_role`) VALUES (1134, 'palmeiras', 2025, 2026, 32.0, 10, 'sub');
INSERT INTO Player(`player_id`, `player_name`, `player_lastname`, `player_country_id`, `player_positions`, `player_rating`, `player_potential`, `player_birth_year`, `player_height`) VALUES (1135, 'Luca', 'Chiancellini', 'ITA', 'DM', 70, 88, 2006, 186);
INSERT INTO Contract(`contract_player_id`, `contract_club_id`, `contract_signDate`, `contract_expireDate`, `contract_salary`, `contract_number`, `contract_role`) VALUES (1135, 'empoli', 2025, 2029, 1.0, 23, 'DM');
INSERT INTO Player(`player_id`, `player_name`, `player_lastname`, `player_country_id`, `player_positions`, `player_rating`, `player_potential`, `player_birth_year`, `player_height`) VALUES (1136, 'Lucca', 'Piamonte', 'ITA', 'SS', 69, 0, 1999, 171);
INSERT INTO Contract(`contract_player_id`, `contract_club_id`, `contract_signDate`, `contract_expireDate`, `contract_salary`, `contract_number`, `contract_role`) VALUES (1136, 'empoli', 2025, 2026, 9.0, 6, 'SS');
INSERT INTO Player(`player_id`, `player_name`, `player_lastname`, `player_country_id`, `player_positions`, `player_rating`, `player_potential`, `player_birth_year`, `player_height`) VALUES (1137, 'Odo', 'Ndawo', 'NGR', 'CF ST', 70, 74, 2001, 186);
INSERT INTO Contract(`contract_player_id`, `contract_club_id`, `contract_signDate`, `contract_expireDate`, `contract_salary`, `contract_number`, `contract_role`) VALUES (1137, 'empoli', 2025, 2028, 2.4, 8, 'ST');
INSERT INTO Player(`player_id`, `player_name`, `player_lastname`, `player_country_id`, `player_positions`, `player_rating`, `player_potential`, `player_birth_year`, `player_height`) VALUES (1138, 'Alex', 'Tarnova', 'ITA', 'RM RB', 78, 0, 1997, 180);
INSERT INTO Contract(`contract_player_id`, `contract_club_id`, `contract_signDate`, `contract_expireDate`, `contract_salary`, `contract_number`, `contract_role`) VALUES (1138, 'fiorentina', 2025, 2027, 29.3, 7, 'sub');
INSERT INTO Player(`player_id`, `player_name`, `player_lastname`, `player_country_id`, `player_positions`, `player_rating`, `player_potential`, `player_birth_year`, `player_height`) VALUES (1139, 'Berkke', 'Svanberg', 'SWE', 'CM DM', 73, 0, 1998, 182);
INSERT INTO Contract(`contract_player_id`, `contract_club_id`, `contract_signDate`, `contract_expireDate`, `contract_salary`, `contract_number`, `contract_role`) VALUES (1139, 'empoli', 2025, 2027, 17.5, 3, 'CM');
INSERT INTO Player(`player_id`, `player_name`, `player_lastname`, `player_country_id`, `player_positions`, `player_rating`, `player_potential`, `player_birth_year`, `player_height`) VALUES (1140, 'Alexiy', 'Matviynovich', 'UKR', 'CB DM', 71, 79, 2004, 186);
INSERT INTO Contract(`contract_player_id`, `contract_club_id`, `contract_signDate`, `contract_expireDate`, `contract_salary`, `contract_number`, `contract_role`) VALUES (1140, 'dynamokyiv', 2025, 2028, 5.1, 20, 'RCB');
INSERT INTO Player(`player_id`, `player_name`, `player_lastname`, `player_country_id`, `player_positions`, `player_rating`, `player_potential`, `player_birth_year`, `player_height`) VALUES (1141, 'Nicolas', 'Pavon', 'ARG', 'CM', 74, 76, 2002, 179);
INSERT INTO Contract(`contract_player_id`, `contract_club_id`, `contract_signDate`, `contract_expireDate`, `contract_salary`, `contract_number`, `contract_role`) VALUES (1141, 'riverplate', 2025, 2027, 12.0, 5, 'sub');
INSERT INTO Player(`player_id`, `player_name`, `player_lastname`, `player_country_id`, `player_positions`, `player_rating`, `player_potential`, `player_birth_year`, `player_height`) VALUES (1142, 'Artur', 'Mikkinen', 'FIN', 'CB', 69, 77, 2003, 190);
INSERT INTO Contract(`contract_player_id`, `contract_club_id`, `contract_signDate`, `contract_expireDate`, `contract_salary`, `contract_number`, `contract_role`) VALUES (1142, 'hjk', 2025, 2028, 6.0, 5, 'sub');
INSERT INTO Player(`player_id`, `player_name`, `player_lastname`, `player_country_id`, `player_positions`, `player_rating`, `player_potential`, `player_birth_year`, `player_height`) VALUES (1143, 'Dobrisav', 'Stojski', 'MKD', 'CM', 71, 0, 1990, 178);
INSERT INTO Contract(`contract_player_id`, `contract_club_id`, `contract_signDate`, `contract_expireDate`, `contract_salary`, `contract_number`, `contract_role`) VALUES (1143, 'vardar', 2025, 2028, 15.0, 15, 'sub');
INSERT INTO Player(`player_id`, `player_name`, `player_lastname`, `player_country_id`, `player_positions`, `player_rating`, `player_potential`, `player_birth_year`, `player_height`) VALUES (1144, 'Matteo', 'Di Stefano', 'ITA', 'RW RM', 80, 0, 1998, 177);
INSERT INTO Contract(`contract_player_id`, `contract_club_id`, `contract_signDate`, `contract_expireDate`, `contract_salary`, `contract_number`, `contract_role`) VALUES (1144, 'juventus', 2025, 2028, 38.0, 15, 'sub');
INSERT INTO Player(`player_id`, `player_name`, `player_lastname`, `player_country_id`, `player_positions`, `player_rating`, `player_potential`, `player_birth_year`, `player_height`) VALUES (1145, 'La Minuel', 'Carascaetta', 'VEN', 'CM AM', 83, 0, 1992, 177);
INSERT INTO Contract(`contract_player_id`, `contract_club_id`, `contract_signDate`, `contract_expireDate`, `contract_salary`, `contract_number`, `contract_role`) VALUES (1145, 'riverplate', 2025, 2028, 65.0, 4, 'sub');
INSERT INTO Player(`player_id`, `player_name`, `player_lastname`, `player_country_id`, `player_positions`, `player_rating`, `player_potential`, `player_birth_year`, `player_height`) VALUES (1146, 'Samuel', 'Sika', 'FRA', 'CB', 69, 81, 2003, 199);
INSERT INTO Contract(`contract_player_id`, `contract_club_id`, `contract_signDate`, `contract_expireDate`, `contract_salary`, `contract_number`, `contract_role`) VALUES (1146, 'reims', 2025, 2026, 1.1, 28, 'LCB');
INSERT INTO Player(`player_id`, `player_name`, `player_lastname`, `player_country_id`, `player_positions`, `player_rating`, `player_potential`, `player_birth_year`, `player_height`) VALUES (1147, 'Terrence', 'Brenson', 'ENG', 'LW SS', 77, 0, 1999, 178);
INSERT INTO Contract(`contract_player_id`, `contract_club_id`, `contract_signDate`, `contract_expireDate`, `contract_salary`, `contract_number`, `contract_role`) VALUES (1147, 'fulham', 2025, 2026, 13.0, 17, 'sub');
INSERT INTO Player(`player_id`, `player_name`, `player_lastname`, `player_country_id`, `player_positions`, `player_rating`, `player_potential`, `player_birth_year`, `player_height`) VALUES (1148, 'Karim', 'Yeldizim', 'TUR', 'CM', 73, 81, 2001, 185);
INSERT INTO Contract(`contract_player_id`, `contract_club_id`, `contract_signDate`, `contract_expireDate`, `contract_salary`, `contract_number`, `contract_role`) VALUES (1148, 'antalyaspor', 2025, 2027, 12.1, 7, 'sub');
INSERT INTO Player(`player_id`, `player_name`, `player_lastname`, `player_country_id`, `player_positions`, `player_rating`, `player_potential`, `player_birth_year`, `player_height`) VALUES (1149, 'Jamie', 'Herd', 'GER', 'LW', 75, 82, 2005, 176);
INSERT INTO Contract(`contract_player_id`, `contract_club_id`, `contract_signDate`, `contract_expireDate`, `contract_salary`, `contract_number`, `contract_role`) VALUES (1149, 'dortmund', 2025, 2028, 14.0, 23, 'sub');
INSERT INTO Player(`player_id`, `player_name`, `player_lastname`, `player_country_id`, `player_positions`, `player_rating`, `player_potential`, `player_birth_year`, `player_height`) VALUES (1150, 'Igor', 'Bela', 'BRA', 'RW RM AM', 75, 0, 1996, 174);
INSERT INTO Contract(`contract_player_id`, `contract_club_id`, `contract_signDate`, `contract_expireDate`, `contract_salary`, `contract_number`, `contract_role`) VALUES (1150, 'cruzeiro', 2025, 2028, 30.0, 4, 'sub');
INSERT INTO Player(`player_id`, `player_name`, `player_lastname`, `player_country_id`, `player_positions`, `player_rating`, `player_potential`, `player_birth_year`, `player_height`) VALUES (1151, 'Luis Gustavo', 'Samtiano', 'BRA', 'RB', 73, 76, 2000, 180);
INSERT INTO Contract(`contract_player_id`, `contract_club_id`, `contract_signDate`, `contract_expireDate`, `contract_salary`, `contract_number`, `contract_role`) VALUES (1151, 'santos', 2025, 2026, 6.4, 12, 'sub');
INSERT INTO Player(`player_id`, `player_name`, `player_lastname`, `player_country_id`, `player_positions`, `player_rating`, `player_potential`, `player_birth_year`, `player_height`) VALUES (1152, 'Luiz', 'Minero', 'BRA', 'LW LM', 77, 0, 1995, 173);
INSERT INTO Contract(`contract_player_id`, `contract_club_id`, `contract_signDate`, `contract_expireDate`, `contract_salary`, `contract_number`, `contract_role`) VALUES (1152, 'saopaulo', 2025, 2027, 35.4, 3, 'sub');
INSERT INTO Player(`player_id`, `player_name`, `player_lastname`, `player_country_id`, `player_positions`, `player_rating`, `player_potential`, `player_birth_year`, `player_height`) VALUES (1153, 'Paulinho Georgio', 'Maugusta', 'BRA', 'CB', 67, 69, 2003, 186);
INSERT INTO Contract(`contract_player_id`, `contract_club_id`, `contract_signDate`, `contract_expireDate`, `contract_salary`, `contract_number`, `contract_role`) VALUES (1153, 'cruzeiro', 2025, 2028, 2.3, 24, 'sub');
INSERT INTO Player(`player_id`, `player_name`, `player_lastname`, `player_country_id`, `player_positions`, `player_rating`, `player_potential`, `player_birth_year`, `player_height`) VALUES (1154, 'Thiago', 'Farnal', 'BRA', 'RW RM AM', 77, 0, 1996, 172);
INSERT INTO Contract(`contract_player_id`, `contract_club_id`, `contract_signDate`, `contract_expireDate`, `contract_salary`, `contract_number`, `contract_role`) VALUES (1154, 'astonvilla', 2025, 2028, 36.0, 20, 'sub');
INSERT INTO Player(`player_id`, `player_name`, `player_lastname`, `player_country_id`, `player_positions`, `player_rating`, `player_potential`, `player_birth_year`, `player_height`) VALUES (1155, 'Nicolas', 'Rique', 'ESP', 'CF ST', 74, 79, 2001, 194);
INSERT INTO Contract(`contract_player_id`, `contract_club_id`, `contract_signDate`, `contract_expireDate`, `contract_salary`, `contract_number`, `contract_role`) VALUES (1155, 'betis', 2025, 2027, 13.0, 9, 'sub');
INSERT INTO Player(`player_id`, `player_name`, `player_lastname`, `player_country_id`, `player_positions`, `player_rating`, `player_potential`, `player_birth_year`, `player_height`) VALUES (1156, 'Luigio', 'Di Stefano', 'ITA', 'RB CB', 73, 0, 1996, 181);
INSERT INTO Contract(`contract_player_id`, `contract_club_id`, `contract_signDate`, `contract_expireDate`, `contract_salary`, `contract_number`, `contract_role`) VALUES (1156, 'napoli', 2025, 2028, 22.3, 13, 'sub');
INSERT INTO Player(`player_id`, `player_name`, `player_lastname`, `player_country_id`, `player_positions`, `player_rating`, `player_potential`, `player_birth_year`, `player_height`) VALUES (1157, 'Simone', 'Silvestri', 'ITA', 'GK', 73, 0, 1990, 187);
INSERT INTO Contract(`contract_player_id`, `contract_club_id`, `contract_signDate`, `contract_expireDate`, `contract_salary`, `contract_number`, `contract_role`) VALUES (1157, 'empoli', 2025, 2027, 22.7, 5, 'GK');
INSERT INTO Player(`player_id`, `player_name`, `player_lastname`, `player_country_id`, `player_positions`, `player_rating`, `player_potential`, `player_birth_year`, `player_height`) VALUES (1158, 'Kristian', 'Eri', 'CRO', 'DM CM', 74, 75, 1999, 182);
INSERT INTO Contract(`contract_player_id`, `contract_club_id`, `contract_signDate`, `contract_expireDate`, `contract_salary`, `contract_number`, `contract_role`) VALUES (1158, 'genoa', 2025, 2026, 8.4, 18, 'sub');
INSERT INTO Player(`player_id`, `player_name`, `player_lastname`, `player_country_id`, `player_positions`, `player_rating`, `player_potential`, `player_birth_year`, `player_height`) VALUES (1159, 'Julian', 'Kramer', 'GER', 'CB', 69, 0, 1987, 187);
INSERT INTO Contract(`contract_player_id`, `contract_club_id`, `contract_signDate`, `contract_expireDate`, `contract_salary`, `contract_number`, `contract_role`) VALUES (1159, 'hoffenheim', 2025, 2027, 13.9, 27, 'sub');
INSERT INTO Player(`player_id`, `player_name`, `player_lastname`, `player_country_id`, `player_positions`, `player_rating`, `player_potential`, `player_birth_year`, `player_height`) VALUES (1160, 'Marqes', 'Atallo', 'BRA', 'LB', 76, 0, 1992, 175);
INSERT INTO Contract(`contract_player_id`, `contract_club_id`, `contract_signDate`, `contract_expireDate`, `contract_salary`, `contract_number`, `contract_role`) VALUES (1160, 'corinthians', 2025, 2027, 32.1, 3, 'sub');
INSERT INTO Player(`player_id`, `player_name`, `player_lastname`, `player_country_id`, `player_positions`, `player_rating`, `player_potential`, `player_birth_year`, `player_height`) VALUES (1161, 'Thiago', 'Martins', 'POR', 'RW RM', 77, 0, 1996, 180);
INSERT INTO Contract(`contract_player_id`, `contract_club_id`, `contract_signDate`, `contract_expireDate`, `contract_salary`, `contract_number`, `contract_role`) VALUES (1161, 'lokomotivmoscow', 2025, 2028, 37.5, 9, 'sub');
INSERT INTO Player(`player_id`, `player_name`, `player_lastname`, `player_country_id`, `player_positions`, `player_rating`, `player_potential`, `player_birth_year`, `player_height`) VALUES (1162, 'Robin', 'Praes', 'BEL', 'CM', 74, 78, 2003, 183);
INSERT INTO Contract(`contract_player_id`, `contract_club_id`, `contract_signDate`, `contract_expireDate`, `contract_salary`, `contract_number`, `contract_role`) VALUES (1162, 'sportinglisabon', 2025, 2028, 17.5, 21, 'sub');
INSERT INTO Player(`player_id`, `player_name`, `player_lastname`, `player_country_id`, `player_positions`, `player_rating`, `player_potential`, `player_birth_year`, `player_height`) VALUES (1163, 'David', 'Abel', 'ISR', 'CM', 73, 0, 1993, 179);
INSERT INTO Contract(`contract_player_id`, `contract_club_id`, `contract_signDate`, `contract_expireDate`, `contract_salary`, `contract_number`, `contract_role`) VALUES (1163, 'maccabitelaviv', 2025, 2029, 25.0, 10, 'sub');
INSERT INTO Player(`player_id`, `player_name`, `player_lastname`, `player_country_id`, `player_positions`, `player_rating`, `player_potential`, `player_birth_year`, `player_height`) VALUES (1164, 'Ziv', 'Jenev', 'ISR', 'RB RM', 70, 0, 1994, 176);
INSERT INTO Contract(`contract_player_id`, `contract_club_id`, `contract_signDate`, `contract_expireDate`, `contract_salary`, `contract_number`, `contract_role`) VALUES (1164, 'maccabitelaviv', 2025, 2027, 12.9, 2, 'sub');
INSERT INTO Player(`player_id`, `player_name`, `player_lastname`, `player_country_id`, `player_positions`, `player_rating`, `player_potential`, `player_birth_year`, `player_height`) VALUES (1165, 'Marcus', 'Outtar', 'FRA', 'ST CF SS', 72, 0, 1994, 182);
INSERT INTO Contract(`contract_player_id`, `contract_club_id`, `contract_signDate`, `contract_expireDate`, `contract_salary`, `contract_number`, `contract_role`) VALUES (1165, 'maccabitelaviv', 2025, 2028, 22.0, 9, 'sub');
INSERT INTO Player(`player_id`, `player_name`, `player_lastname`, `player_country_id`, `player_positions`, `player_rating`, `player_potential`, `player_birth_year`, `player_height`) VALUES (1166, 'Giacomo', 'Caprostti', 'ITA', 'SS LW LM', 71, 0, 1994, 173);
INSERT INTO Contract(`contract_player_id`, `contract_club_id`, `contract_signDate`, `contract_expireDate`, `contract_salary`, `contract_number`, `contract_role`) VALUES (1166, 'empoli', 2025, 2027, 15.7, 7, 'LM');
INSERT INTO Player(`player_id`, `player_name`, `player_lastname`, `player_country_id`, `player_positions`, `player_rating`, `player_potential`, `player_birth_year`, `player_height`) VALUES (1167, 'Ilsad', 'Akpenok', 'TUR', 'CB', 68, 0, 1993, 185);
INSERT INTO Contract(`contract_player_id`, `contract_club_id`, `contract_signDate`, `contract_expireDate`, `contract_salary`, `contract_number`, `contract_role`) VALUES (1167, 'basaksehir', 2025, 2027, 8.8, 18, 'sub');
INSERT INTO Player(`player_id`, `player_name`, `player_lastname`, `player_country_id`, `player_positions`, `player_rating`, `player_potential`, `player_birth_year`, `player_height`) VALUES (1168, 'Andreas', 'Lazzo', 'ITA', 'CB', 71, 0, 1994, 185);
INSERT INTO Contract(`contract_player_id`, `contract_club_id`, `contract_signDate`, `contract_expireDate`, `contract_salary`, `contract_number`, `contract_role`) VALUES (1168, 'empoli', 2025, 2026, 15.5, 1, 'LCB');
INSERT INTO Player(`player_id`, `player_name`, `player_lastname`, `player_country_id`, `player_positions`, `player_rating`, `player_potential`, `player_birth_year`, `player_height`) VALUES (1169, 'Balu', 'Ekounake', 'MLI', 'CB', 72, 76, 2003, 192);
INSERT INTO Contract(`contract_player_id`, `contract_club_id`, `contract_signDate`, `contract_expireDate`, `contract_salary`, `contract_number`, `contract_role`) VALUES (1169, 'hoffenheim', 2025, 2028, 5.7, 14, 'RCB');
INSERT INTO Player(`player_id`, `player_name`, `player_lastname`, `player_country_id`, `player_positions`, `player_rating`, `player_potential`, `player_birth_year`, `player_height`) VALUES (1170, '-', 'Angelo', 'ITA', 'LM LB', 73, 0, 1999, 175);
INSERT INTO Contract(`contract_player_id`, `contract_club_id`, `contract_signDate`, `contract_expireDate`, `contract_salary`, `contract_number`, `contract_role`) VALUES (1170, 'empoli', 2025, 2026, 11.2, 12, 'LB');
INSERT INTO Player(`player_id`, `player_name`, `player_lastname`, `player_country_id`, `player_positions`, `player_rating`, `player_potential`, `player_birth_year`, `player_height`) VALUES (1171, 'Abdulrahim', 'Hafchilayev', 'AZE', 'LB', 68, 0, 1996, 178);
INSERT INTO Contract(`contract_player_id`, `contract_club_id`, `contract_signDate`, `contract_expireDate`, `contract_salary`, `contract_number`, `contract_role`) VALUES (1171, 'qarabag', 2025, 2028, 8.7, 7, 'sub');
INSERT INTO Player(`player_id`, `player_name`, `player_lastname`, `player_country_id`, `player_positions`, `player_rating`, `player_potential`, `player_birth_year`, `player_height`) VALUES (1172, '-', 'Redes', 'BRA', 'CB', 72, 0, 1992, 184);
INSERT INTO Contract(`contract_player_id`, `contract_club_id`, `contract_signDate`, `contract_expireDate`, `contract_salary`, `contract_number`, `contract_role`) VALUES (1172, 'qarabag', 2025, 2027, 20.0, 8, 'sub');
INSERT INTO Player(`player_id`, `player_name`, `player_lastname`, `player_country_id`, `player_positions`, `player_rating`, `player_potential`, `player_birth_year`, `player_height`) VALUES (1173, 'Sefer', 'Liran', 'ALB', 'LM LB', 71, 75, 2000, 175);
INSERT INTO Contract(`contract_player_id`, `contract_club_id`, `contract_signDate`, `contract_expireDate`, `contract_salary`, `contract_number`, `contract_role`) VALUES (1173, 'tirana', 2025, 2026, 5.2, 13, 'sub');
INSERT INTO Player(`player_id`, `player_name`, `player_lastname`, `player_country_id`, `player_positions`, `player_rating`, `player_potential`, `player_birth_year`, `player_height`) VALUES (1174, 'Leizster', 'Gomey', 'CUR', 'RB RM', 72, 74, 2002, 177);
INSERT INTO Contract(`contract_player_id`, `contract_club_id`, `contract_signDate`, `contract_expireDate`, `contract_salary`, `contract_number`, `contract_role`) VALUES (1174, 'feyenoord', 2025, 2027, 10.0, 14, 'sub');
INSERT INTO Player(`player_id`, `player_name`, `player_lastname`, `player_country_id`, `player_positions`, `player_rating`, `player_potential`, `player_birth_year`, `player_height`) VALUES (1175, 'Carlo', 'Benaglio', 'ARG', 'CB', 76, 0, 1991, 191);
INSERT INTO Contract(`contract_player_id`, `contract_club_id`, `contract_signDate`, `contract_expireDate`, `contract_salary`, `contract_number`, `contract_role`) VALUES (1175, 'feyenoord', 2025, 2026, 33.1, 23, 'LCB');
INSERT INTO Player(`player_id`, `player_name`, `player_lastname`, `player_country_id`, `player_positions`, `player_rating`, `player_potential`, `player_birth_year`, `player_height`) VALUES (1176, 'Mattia', 'Zanconi', 'ITA', 'AM SS', 72, 0, 1993, 179);
INSERT INTO Contract(`contract_player_id`, `contract_club_id`, `contract_signDate`, `contract_expireDate`, `contract_salary`, `contract_number`, `contract_role`) VALUES (1176, 'lazio', 2025, 2027, 19.7, 4, 'sub');
INSERT INTO Player(`player_id`, `player_name`, `player_lastname`, `player_country_id`, `player_positions`, `player_rating`, `player_potential`, `player_birth_year`, `player_height`) VALUES (1177, 'Roberto', 'Cardoza', 'PAR', 'RW', 76, 0, 1996, 177);
INSERT INTO Contract(`contract_player_id`, `contract_club_id`, `contract_signDate`, `contract_expireDate`, `contract_salary`, `contract_number`, `contract_role`) VALUES (1177, 'deportivocoruna', 2025, 2028, 34.5, 4, 'RW');
INSERT INTO Player(`player_id`, `player_name`, `player_lastname`, `player_country_id`, `player_positions`, `player_rating`, `player_potential`, `player_birth_year`, `player_height`) VALUES (1178, 'Georgios', 'Mantzaris', 'GRE', 'DM', 70, 0, 1992, 180);
INSERT INTO Contract(`contract_player_id`, `contract_club_id`, `contract_signDate`, `contract_expireDate`, `contract_salary`, `contract_number`, `contract_role`) VALUES (1178, 'panathinaikos', 2025, 2027, 13.2, 10, 'sub');
INSERT INTO Player(`player_id`, `player_name`, `player_lastname`, `player_country_id`, `player_positions`, `player_rating`, `player_potential`, `player_birth_year`, `player_height`) VALUES (1179, 'Vaszil', 'Genady', 'HUN', 'CF', 69, 71, 1999, 193);
INSERT INTO Contract(`contract_player_id`, `contract_club_id`, `contract_signDate`, `contract_expireDate`, `contract_salary`, `contract_number`, `contract_role`) VALUES (1179, 'debreceni', 2025, 2026, 4.0, 9, 'sub');
INSERT INTO Player(`player_id`, `player_name`, `player_lastname`, `player_country_id`, `player_positions`, `player_rating`, `player_potential`, `player_birth_year`, `player_height`) VALUES (1180, 'Sebastian', 'Ovedo', 'ESP', 'CB', 72, 0, 1993, 182);
INSERT INTO Contract(`contract_player_id`, `contract_club_id`, `contract_signDate`, `contract_expireDate`, `contract_salary`, `contract_number`, `contract_role`) VALUES (1180, 'deportivocoruna', 2025, 2027, 18.6, 2, 'LCB');
INSERT INTO Player(`player_id`, `player_name`, `player_lastname`, `player_country_id`, `player_positions`, `player_rating`, `player_potential`, `player_birth_year`, `player_height`) VALUES (1181, 'Franu', 'Come', 'ROU', 'RW', 73, 78, 2002, 178);
INSERT INTO Contract(`contract_player_id`, `contract_club_id`, `contract_signDate`, `contract_expireDate`, `contract_salary`, `contract_number`, `contract_role`) VALUES (1181, 'fcsb', 2025, 2027, 6.4, 8, 'sub');
INSERT INTO Player(`player_id`, `player_name`, `player_lastname`, `player_country_id`, `player_positions`, `player_rating`, `player_potential`, `player_birth_year`, `player_height`) VALUES (1182, 'Dimarco', 'Redetti', 'ITA', 'RB', 69, 0, 1992, 178);
INSERT INTO Contract(`contract_player_id`, `contract_club_id`, `contract_signDate`, `contract_expireDate`, `contract_salary`, `contract_number`, `contract_role`) VALUES (1182, 'empoli', 2025, 2028, 10.6, 21, 'RB');
INSERT INTO Player(`player_id`, `player_name`, `player_lastname`, `player_country_id`, `player_positions`, `player_rating`, `player_potential`, `player_birth_year`, `player_height`) VALUES (1183, 'Marko', 'Latani', 'SRB', 'CM', 67, 79, 2006, 181);
INSERT INTO Contract(`contract_player_id`, `contract_club_id`, `contract_signDate`, `contract_expireDate`, `contract_salary`, `contract_number`, `contract_role`) VALUES (1183, 'vojvodina', 2025, 2029, 1.0, 14, 'sub');
INSERT INTO Player(`player_id`, `player_name`, `player_lastname`, `player_country_id`, `player_positions`, `player_rating`, `player_potential`, `player_birth_year`, `player_height`) VALUES (1184, 'San-Juano', 'Calles', 'BRA', 'CB', 79, 80, 1999, 187);
INSERT INTO Contract(`contract_player_id`, `contract_club_id`, `contract_signDate`, `contract_expireDate`, `contract_salary`, `contract_number`, `contract_role`) VALUES (1184, 'benfica', 2025, 2027, 24.0, 9, 'RCB');
INSERT INTO Player(`player_id`, `player_name`, `player_lastname`, `player_country_id`, `player_positions`, `player_rating`, `player_potential`, `player_birth_year`, `player_height`) VALUES (1185, 'Nico', 'La Pana', 'URU', 'RW', 72, 78, 2004, 176);
INSERT INTO Contract(`contract_player_id`, `contract_club_id`, `contract_signDate`, `contract_expireDate`, `contract_salary`, `contract_number`, `contract_role`) VALUES (1185, 'riverplate', 2025, 2027, 2.3, 31, 'sub');
INSERT INTO Player(`player_id`, `player_name`, `player_lastname`, `player_country_id`, `player_positions`, `player_rating`, `player_potential`, `player_birth_year`, `player_height`) VALUES (1186, 'Toni', 'pija', 'CRO', 'LW LM', 69, 79, 2005, 180);
INSERT INTO Contract(`contract_player_id`, `contract_club_id`, `contract_signDate`, `contract_expireDate`, `contract_salary`, `contract_number`, `contract_role`) VALUES (1186, 'hajduk', 2025, 2028, 1.0, 19, 'sub');
INSERT INTO Player(`player_id`, `player_name`, `player_lastname`, `player_country_id`, `player_positions`, `player_rating`, `player_potential`, `player_birth_year`, `player_height`) VALUES (1187, 'Carlo', 'Gianetto', 'ITA', 'CB', 79, 0, 1991, 189);
INSERT INTO Contract(`contract_player_id`, `contract_club_id`, `contract_signDate`, `contract_expireDate`, `contract_salary`, `contract_number`, `contract_role`) VALUES (1187, 'fiorentina', 2025, 2028, 44.0, 12, 'sub');
INSERT INTO Player(`player_id`, `player_name`, `player_lastname`, `player_country_id`, `player_positions`, `player_rating`, `player_potential`, `player_birth_year`, `player_height`) VALUES (1188, 'Amen', 'Nua', 'LBR', 'CB', 68, 84, 2006, 190);
INSERT INTO Contract(`contract_player_id`, `contract_club_id`, `contract_signDate`, `contract_expireDate`, `contract_salary`, `contract_number`, `contract_role`) VALUES (1188, 'deportivocoruna', 2025, 2028, 1.0, 33, 'RCB');
INSERT INTO Player(`player_id`, `player_name`, `player_lastname`, `player_country_id`, `player_positions`, `player_rating`, `player_potential`, `player_birth_year`, `player_height`) VALUES (1189, 'Masiza', 'Ito', 'JPN', 'CB', 75, 79, 2000, 185);
INSERT INTO Contract(`contract_player_id`, `contract_club_id`, `contract_signDate`, `contract_expireDate`, `contract_salary`, `contract_number`, `contract_role`) VALUES (1189, 'mainz', 2025, 2026, 9.3, 1, 'sub');
INSERT INTO Player(`player_id`, `player_name`, `player_lastname`, `player_country_id`, `player_positions`, `player_rating`, `player_potential`, `player_birth_year`, `player_height`) VALUES (1190, 'Nicolae', 'Derganeu', 'ROU', 'CB', 76, 0, 1994, 192);
INSERT INTO Contract(`contract_player_id`, `contract_club_id`, `contract_signDate`, `contract_expireDate`, `contract_salary`, `contract_number`, `contract_role`) VALUES (1190, 'udinese', 2025, 2027, 31.7, 8, 'RCB');
INSERT INTO Player(`player_id`, `player_name`, `player_lastname`, `player_country_id`, `player_positions`, `player_rating`, `player_potential`, `player_birth_year`, `player_height`) VALUES (1191, 'Mauko', 'Bunda', 'CNG', 'RB RM', 72, 73, 2000, 174);
INSERT INTO Contract(`contract_player_id`, `contract_club_id`, `contract_signDate`, `contract_expireDate`, `contract_salary`, `contract_number`, `contract_role`) VALUES (1191, 'betis', 2025, 2027, 8.0, 26, 'sub');
INSERT INTO Player(`player_id`, `player_name`, `player_lastname`, `player_country_id`, `player_positions`, `player_rating`, `player_potential`, `player_birth_year`, `player_height`) VALUES (1192, 'Frankie', 'Maxens', 'BEL', 'SS RW', 75, 85, 2004, 179);
INSERT INTO Contract(`contract_player_id`, `contract_club_id`, `contract_signDate`, `contract_expireDate`, `contract_salary`, `contract_number`, `contract_role`) VALUES (1192, 'clubbrugge', 2025, 2028, 1.0, 16, 'sub');
INSERT INTO Player(`player_id`, `player_name`, `player_lastname`, `player_country_id`, `player_positions`, `player_rating`, `player_potential`, `player_birth_year`, `player_height`) VALUES (1193, 'Antonio', 'Rucaso', 'ITA', 'SS AM', 75, 76, 2002, 176);
INSERT INTO Contract(`contract_player_id`, `contract_club_id`, `contract_signDate`, `contract_expireDate`, `contract_salary`, `contract_number`, `contract_role`) VALUES (1193, 'bologna', 2025, 2028, 19.0, 9, 'sub');
INSERT INTO Player(`player_id`, `player_name`, `player_lastname`, `player_country_id`, `player_positions`, `player_rating`, `player_potential`, `player_birth_year`, `player_height`) VALUES (1194, 'Loriant', 'Pauvin', 'FRA', 'CB', 66, 78, 2007, 189);
INSERT INTO Contract(`contract_player_id`, `contract_club_id`, `contract_signDate`, `contract_expireDate`, `contract_salary`, `contract_number`, `contract_role`) VALUES (1194, 'bologna', 2025, 2029, 1.0, 28, 'sub');
INSERT INTO Player(`player_id`, `player_name`, `player_lastname`, `player_country_id`, `player_positions`, `player_rating`, `player_potential`, `player_birth_year`, `player_height`) VALUES (1195, 'Tomas', 'Sjoeldrup', 'DEN', 'DM', 73, 77, 1999, 183);
INSERT INTO Contract(`contract_player_id`, `contract_club_id`, `contract_signDate`, `contract_expireDate`, `contract_salary`, `contract_number`, `contract_role`) VALUES (1195, 'midtjylland', 2025, 2026, 5.2, 8, 'sub');
INSERT INTO Player(`player_id`, `player_name`, `player_lastname`, `player_country_id`, `player_positions`, `player_rating`, `player_potential`, `player_birth_year`, `player_height`) VALUES (1196, 'Frank', 'Viltjer', 'NED', 'CM', 71, 0, 1994, 178);
INSERT INTO Contract(`contract_player_id`, `contract_club_id`, `contract_signDate`, `contract_expireDate`, `contract_salary`, `contract_number`, `contract_role`) VALUES (1196, 'twente', 2025, 2028, 15.4, 13, 'LCM');
INSERT INTO Player(`player_id`, `player_name`, `player_lastname`, `player_country_id`, `player_positions`, `player_rating`, `player_potential`, `player_birth_year`, `player_height`) VALUES (1197, 'Marc', 'Cambiso', 'ESP', 'RB CB', 69, 76, 2005, 180);
INSERT INTO Contract(`contract_player_id`, `contract_club_id`, `contract_signDate`, `contract_expireDate`, `contract_salary`, `contract_number`, `contract_role`) VALUES (1197, 'realmadrid', 2025, 2028, 1.0, 34, 'sub');
INSERT INTO Player(`player_id`, `player_name`, `player_lastname`, `player_country_id`, `player_positions`, `player_rating`, `player_potential`, `player_birth_year`, `player_height`) VALUES (1198, 'Martin', 'Roschad', 'FRA', 'CB', 70, 0, 1992, 188);
INSERT INTO Contract(`contract_player_id`, `contract_club_id`, `contract_signDate`, `contract_expireDate`, `contract_salary`, `contract_number`, `contract_role`) VALUES (1198, 'rennais', 2025, 2026, 14.0, 12, 'RCB');
INSERT INTO Player(`player_id`, `player_name`, `player_lastname`, `player_country_id`, `player_positions`, `player_rating`, `player_potential`, `player_birth_year`, `player_height`) VALUES (1199, 'Allen', 'Gordon', 'ENG', 'LB', 75, 0, 1996, 179);
INSERT INTO Contract(`contract_player_id`, `contract_club_id`, `contract_signDate`, `contract_expireDate`, `contract_salary`, `contract_number`, `contract_role`) VALUES (1199, 'everton', 2025, 2027, 27.6, 13, 'sub');
INSERT INTO Player(`player_id`, `player_name`, `player_lastname`, `player_country_id`, `player_positions`, `player_rating`, `player_potential`, `player_birth_year`, `player_height`) VALUES (1200, 'Luka', 'Ceha', 'SVN', 'RM RW', 68, 72, 2000, 176);
INSERT INTO Contract(`contract_player_id`, `contract_club_id`, `contract_signDate`, `contract_expireDate`, `contract_salary`, `contract_number`, `contract_role`) VALUES (1200, 'olimpijaljubljana', 2025, 2026, 7.5, 20, 'sub');
INSERT INTO Player(`player_id`, `player_name`, `player_lastname`, `player_country_id`, `player_positions`, `player_rating`, `player_potential`, `player_birth_year`, `player_height`) VALUES (1201, 'Montia', 'Jaivonto', 'POR', 'CF ST', 72, 74, 2001, 189);
INSERT INTO Contract(`contract_player_id`, `contract_club_id`, `contract_signDate`, `contract_expireDate`, `contract_salary`, `contract_number`, `contract_role`) VALUES (1201, 'sportinglisabon', 2025, 2027, 9.0, 29, 'sub');
INSERT INTO Player(`player_id`, `player_name`, `player_lastname`, `player_country_id`, `player_positions`, `player_rating`, `player_potential`, `player_birth_year`, `player_height`) VALUES (1202, 'Ordo', 'Rubiz', 'URU', 'LB', 72, 0, 1992, 177);
INSERT INTO Contract(`contract_player_id`, `contract_club_id`, `contract_signDate`, `contract_expireDate`, `contract_salary`, `contract_number`, `contract_role`) VALUES (1202, 'sportinglisabon', 2025, 2028, 19.3, 16, 'sub');
INSERT INTO Player(`player_id`, `player_name`, `player_lastname`, `player_country_id`, `player_positions`, `player_rating`, `player_potential`, `player_birth_year`, `player_height`) VALUES (1203, 'Raza', 'Ferdari', 'IRN', 'AM RM RW', 74, 0, 1993, 172);
INSERT INTO Contract(`contract_player_id`, `contract_club_id`, `contract_signDate`, `contract_expireDate`, `contract_salary`, `contract_number`, `contract_role`) VALUES (1203, 'trabzonspor', 2025, 2028, 26.5, 8, 'sub');
INSERT INTO Player(`player_id`, `player_name`, `player_lastname`, `player_country_id`, `player_positions`, `player_rating`, `player_potential`, `player_birth_year`, `player_height`) VALUES (1204, 'Tolis', 'Agravis', 'GRE', 'CB', 68, 69, 2000, 189);
INSERT INTO Contract(`contract_player_id`, `contract_club_id`, `contract_signDate`, `contract_expireDate`, `contract_salary`, `contract_number`, `contract_role`) VALUES (1204, 'aek', 2025, 2027, 5.0, 6, 'sub');
INSERT INTO Player(`player_id`, `player_name`, `player_lastname`, `player_country_id`, `player_positions`, `player_rating`, `player_potential`, `player_birth_year`, `player_height`) VALUES (1205, 'Fernando', 'Reyes', 'POR', 'RW', 69, 77, 2004, 177);
INSERT INTO Contract(`contract_player_id`, `contract_club_id`, `contract_signDate`, `contract_expireDate`, `contract_salary`, `contract_number`, `contract_role`) VALUES (1205, 'benfica', 2025, 2027, 1.0, 27, 'sub');
INSERT INTO Player(`player_id`, `player_name`, `player_lastname`, `player_country_id`, `player_positions`, `player_rating`, `player_potential`, `player_birth_year`, `player_height`) VALUES (1206, 'Jordan', 'Bengu', 'FRA', 'CB', 65, 72, 2005, 183);
INSERT INTO Contract(`contract_player_id`, `contract_club_id`, `contract_signDate`, `contract_expireDate`, `contract_salary`, `contract_number`, `contract_role`) VALUES (1206, 'rennais', 2025, 2028, 2.2, 18, 'sub');
INSERT INTO Player(`player_id`, `player_name`, `player_lastname`, `player_country_id`, `player_positions`, `player_rating`, `player_potential`, `player_birth_year`, `player_height`) VALUES (1207, '-', 'Tete', 'BRA', 'AM LW', 77, 0, 1996, 178);
INSERT INTO Contract(`contract_player_id`, `contract_club_id`, `contract_signDate`, `contract_expireDate`, `contract_salary`, `contract_number`, `contract_role`) VALUES (1207, 'paok', 2025, 2028, 41.0, 9, 'sub');
INSERT INTO Player(`player_id`, `player_name`, `player_lastname`, `player_country_id`, `player_positions`, `player_rating`, `player_potential`, `player_birth_year`, `player_height`) VALUES (1208, 'Mikael', 'Haldurn', 'DEN', 'GK', 71, 0, 1997, 195);
INSERT INTO Contract(`contract_player_id`, `contract_club_id`, `contract_signDate`, `contract_expireDate`, `contract_salary`, `contract_number`, `contract_role`) VALUES (1208, 'midtjylland', 2025, 2029, 16.0, 9, 'sub');
INSERT INTO Player(`player_id`, `player_name`, `player_lastname`, `player_country_id`, `player_positions`, `player_rating`, `player_potential`, `player_birth_year`, `player_height`) VALUES (1209, 'Anthonis', 'Fortzalis', 'GRE', 'RW SS', 74, 76, 2000, 180);
INSERT INTO Contract(`contract_player_id`, `contract_club_id`, `contract_signDate`, `contract_expireDate`, `contract_salary`, `contract_number`, `contract_role`) VALUES (1209, 'genk', 2025, 2028, 22.6, 6, 'sub');
INSERT INTO Player(`player_id`, `player_name`, `player_lastname`, `player_country_id`, `player_positions`, `player_rating`, `player_potential`, `player_birth_year`, `player_height`) VALUES (1210, 'Timas', 'Kaninks', 'LAT', 'GK', 72, 0, 1992, 193);
INSERT INTO Contract(`contract_player_id`, `contract_club_id`, `contract_signDate`, `contract_expireDate`, `contract_salary`, `contract_number`, `contract_role`) VALUES (1210, 'krasnodar', 2025, 2028, 18.0, 7, 'GK');
INSERT INTO Player(`player_id`, `player_name`, `player_lastname`, `player_country_id`, `player_positions`, `player_rating`, `player_potential`, `player_birth_year`, `player_height`) VALUES (1211, 'Kenan', 'Ogurlu', 'TUR', 'GK', 68, 0, 1990, 186);
INSERT INTO Contract(`contract_player_id`, `contract_club_id`, `contract_signDate`, `contract_expireDate`, `contract_salary`, `contract_number`, `contract_role`) VALUES (1211, 'besiktas', 2025, 2026, 9.2, 12, 'sub');
INSERT INTO Player(`player_id`, `player_name`, `player_lastname`, `player_country_id`, `player_positions`, `player_rating`, `player_potential`, `player_birth_year`, `player_height`) VALUES (1212, 'Mario', 'Gomes', 'POR', 'CM', 76, 0, 1994, 181);
INSERT INTO Contract(`contract_player_id`, `contract_club_id`, `contract_signDate`, `contract_expireDate`, `contract_salary`, `contract_number`, `contract_role`) VALUES (1212, 'besiktas', 2025, 2028, 35.0, 10, 'sub');
INSERT INTO Player(`player_id`, `player_name`, `player_lastname`, `player_country_id`, `player_positions`, `player_rating`, `player_potential`, `player_birth_year`, `player_height`) VALUES (1213, 'Jared', 'Bryan-Witts', 'ENG', 'CB', 73, 80, 2003, 186);
INSERT INTO Contract(`contract_player_id`, `contract_club_id`, `contract_signDate`, `contract_expireDate`, `contract_salary`, `contract_number`, `contract_role`) VALUES (1213, 'tottenham', 2025, 2028, 20.0, 23, 'sub');
INSERT INTO Player(`player_id`, `player_name`, `player_lastname`, `player_country_id`, `player_positions`, `player_rating`, `player_potential`, `player_birth_year`, `player_height`) VALUES (1214, 'Wang-Hyeung', 'Kwan', 'KOR', 'LW', 73, 78, 2001, 176);
INSERT INTO Contract(`contract_player_id`, `contract_club_id`, `contract_signDate`, `contract_expireDate`, `contract_salary`, `contract_number`, `contract_role`) VALUES (1214, 'az', 2025, 2027, 16.8, 14, 'sub');
INSERT INTO Player(`player_id`, `player_name`, `player_lastname`, `player_country_id`, `player_positions`, `player_rating`, `player_potential`, `player_birth_year`, `player_height`) VALUES (1215, 'Lukasz', 'Hodnik', 'CZE', 'CB LB', 74, 76, 1999, 185);
INSERT INTO Contract(`contract_player_id`, `contract_club_id`, `contract_signDate`, `contract_expireDate`, `contract_salary`, `contract_number`, `contract_role`) VALUES (1215, 'spartapraha', 2025, 2026, 13.0, 7, 'sub');
INSERT INTO Player(`player_id`, `player_name`, `player_lastname`, `player_country_id`, `player_positions`, `player_rating`, `player_potential`, `player_birth_year`, `player_height`) VALUES (1216, 'Artur', 'Kainzweiggler', 'GER', 'CF', 76, 0, 1997, 193);
INSERT INTO Contract(`contract_player_id`, `contract_club_id`, `contract_signDate`, `contract_expireDate`, `contract_salary`, `contract_number`, `contract_role`) VALUES (1216, 'werder', 2025, 2029, 37.0, 9, 'sub');
INSERT INTO Player(`player_id`, `player_name`, `player_lastname`, `player_country_id`, `player_positions`, `player_rating`, `player_potential`, `player_birth_year`, `player_height`) VALUES (1217, 'Ismaila', 'Baba Didu', 'SEN', 'CF ST', 76, 0, 1998, 185);
INSERT INTO Contract(`contract_player_id`, `contract_club_id`, `contract_signDate`, `contract_expireDate`, `contract_salary`, `contract_number`, `contract_role`) VALUES (1217, 'sevilla', 2025, 2028, 29.0, 11, 'sub');
INSERT INTO Player(`player_id`, `player_name`, `player_lastname`, `player_country_id`, `player_positions`, `player_rating`, `player_potential`, `player_birth_year`, `player_height`) VALUES (1218, 'Sahleel', 'Ben Sehddane', 'TUN', 'SS AM', 75, 85, 2003, 178);
INSERT INTO Contract(`contract_player_id`, `contract_club_id`, `contract_signDate`, `contract_expireDate`, `contract_salary`, `contract_number`, `contract_role`) VALUES (1218, 'az', 2025, 2027, 12.0, 15, 'sub');
INSERT INTO Player(`player_id`, `player_name`, `player_lastname`, `player_country_id`, `player_positions`, `player_rating`, `player_potential`, `player_birth_year`, `player_height`) VALUES (1219, 'Adalfye', 'Gustafsson', 'ISL', 'RW RM', 69, 80, 2005, 180);
INSERT INTO Contract(`contract_player_id`, `contract_club_id`, `contract_signDate`, `contract_expireDate`, `contract_salary`, `contract_number`, `contract_role`) VALUES (1219, 'copenhagen', 2025, 2028, 2.2, 24, 'RW');
INSERT INTO Player(`player_id`, `player_name`, `player_lastname`, `player_country_id`, `player_positions`, `player_rating`, `player_potential`, `player_birth_year`, `player_height`) VALUES (1220, 'Harald', 'Zackharin', 'NOR', 'AM', 69, 73, 2001, 173);
INSERT INTO Contract(`contract_player_id`, `contract_club_id`, `contract_signDate`, `contract_expireDate`, `contract_salary`, `contract_number`, `contract_role`) VALUES (1220, 'copenhagen', 2025, 2026, 4.5, 19, 'sub');
INSERT INTO Player(`player_id`, `player_name`, `player_lastname`, `player_country_id`, `player_positions`, `player_rating`, `player_potential`, `player_birth_year`, `player_height`) VALUES (1221, 'Jose Luis', 'Palmin Gustavo', 'BRA', 'CB', 78, 81, 2000, 190);
INSERT INTO Contract(`contract_player_id`, `contract_club_id`, `contract_signDate`, `contract_expireDate`, `contract_salary`, `contract_number`, `contract_role`) VALUES (1221, 'corinthians', 2025, 2027, 17.0, 1, 'sub');
INSERT INTO Player(`player_id`, `player_name`, `player_lastname`, `player_country_id`, `player_positions`, `player_rating`, `player_potential`, `player_birth_year`, `player_height`) VALUES (1222, 'Lucas', 'Dominguez', 'ARG', 'LW LM', 76, 81, 2004, 177);
INSERT INTO Contract(`contract_player_id`, `contract_club_id`, `contract_signDate`, `contract_expireDate`, `contract_salary`, `contract_number`, `contract_role`) VALUES (1222, 'juventus', 2025, 2029, 37.0, 29, 'sub');
INSERT INTO Player(`player_id`, `player_name`, `player_lastname`, `player_country_id`, `player_positions`, `player_rating`, `player_potential`, `player_birth_year`, `player_height`) VALUES (1223, 'Connor', 'McCallanough', 'IRL', 'RB', 78, 0, 2000, 180);
INSERT INTO Contract(`contract_player_id`, `contract_club_id`, `contract_signDate`, `contract_expireDate`, `contract_salary`, `contract_number`, `contract_role`) VALUES (1223, 'everton', 2025, 2028, 28.7, 6, 'sub');
INSERT INTO Player(`player_id`, `player_name`, `player_lastname`, `player_country_id`, `player_positions`, `player_rating`, `player_potential`, `player_birth_year`, `player_height`) VALUES (1224, 'Tomas', 'Kevelen', 'BEL', 'CF', 75, 76, 1999, 192);
INSERT INTO Contract(`contract_player_id`, `contract_club_id`, `contract_signDate`, `contract_expireDate`, `contract_salary`, `contract_number`, `contract_role`) VALUES (1224, 'cerclebrugge', 2025, 2026, 12.0, 9, 'CF');
INSERT INTO Player(`player_id`, `player_name`, `player_lastname`, `player_country_id`, `player_positions`, `player_rating`, `player_potential`, `player_birth_year`, `player_height`) VALUES (1225, 'Marco', 'Dovedella', 'ITA', 'DM', 78, 0, 1996, 187);
INSERT INTO Contract(`contract_player_id`, `contract_club_id`, `contract_signDate`, `contract_expireDate`, `contract_salary`, `contract_number`, `contract_role`) VALUES (1225, 'milan', 2025, 2027, 40.0, 13, 'sub');
INSERT INTO Player(`player_id`, `player_name`, `player_lastname`, `player_country_id`, `player_positions`, `player_rating`, `player_potential`, `player_birth_year`, `player_height`) VALUES (1226, 'Felix', 'Schtrenz', 'GER', 'RW RM', 77, 80, 2000, 178);
INSERT INTO Contract(`contract_player_id`, `contract_club_id`, `contract_signDate`, `contract_expireDate`, `contract_salary`, `contract_number`, `contract_role`) VALUES (1226, 'werder', 2025, 2028, 30.0, 6, 'sub');
INSERT INTO Player(`player_id`, `player_name`, `player_lastname`, `player_country_id`, `player_positions`, `player_rating`, `player_potential`, `player_birth_year`, `player_height`) VALUES (1227, 'Bogdan', 'Danayev', 'MDA', 'CB', 67, 0, 1992, 182);
INSERT INTO Contract(`contract_player_id`, `contract_club_id`, `contract_signDate`, `contract_expireDate`, `contract_salary`, `contract_number`, `contract_role`) VALUES (1227, 'sheriff', 2025, 2027, 7.2, 7, 'sub');
INSERT INTO Player(`player_id`, `player_name`, `player_lastname`, `player_country_id`, `player_positions`, `player_rating`, `player_potential`, `player_birth_year`, `player_height`) VALUES (1228, 'Milan', 'Stani', 'SRB', 'CB', 71, 0, 1993, 185);
INSERT INTO Contract(`contract_player_id`, `contract_club_id`, `contract_signDate`, `contract_expireDate`, `contract_salary`, `contract_number`, `contract_role`) VALUES (1228, 'parisfc', 2025, 2027, 16.1, 5, 'LCB');
INSERT INTO Player(`player_id`, `player_name`, `player_lastname`, `player_country_id`, `player_positions`, `player_rating`, `player_potential`, `player_birth_year`, `player_height`) VALUES (1229, 'Kueda', 'Machida', 'JPN', 'RB', 74, 0, 1994, 172);
INSERT INTO Contract(`contract_player_id`, `contract_club_id`, `contract_signDate`, `contract_expireDate`, `contract_salary`, `contract_number`, `contract_role`) VALUES (1229, 'rangers', 2025, 2028, 24.5, 8, 'sub');
INSERT INTO Player(`player_id`, `player_name`, `player_lastname`, `player_country_id`, `player_positions`, `player_rating`, `player_potential`, `player_birth_year`, `player_height`) VALUES (1230, 'Gary', 'Lucas', 'SCO', 'CB', 71, 0, 1991, 180);
INSERT INTO Contract(`contract_player_id`, `contract_club_id`, `contract_signDate`, `contract_expireDate`, `contract_salary`, `contract_number`, `contract_role`) VALUES (1230, 'rangers', 2025, 2027, 15.6, 3, 'sub');
INSERT INTO Player(`player_id`, `player_name`, `player_lastname`, `player_country_id`, `player_positions`, `player_rating`, `player_potential`, `player_birth_year`, `player_height`) VALUES (1231, 'Aleksandr', 'Smolnikov', 'RUS', 'LW AM', 67, 78, 2007, 178);
INSERT INTO Contract(`contract_player_id`, `contract_club_id`, `contract_signDate`, `contract_expireDate`, `contract_salary`, `contract_number`, `contract_role`) VALUES (1231, 'nizhniy', 2025, 2029, 1.0, 19, 'sub');
INSERT INTO Player(`player_id`, `player_name`, `player_lastname`, `player_country_id`, `player_positions`, `player_rating`, `player_potential`, `player_birth_year`, `player_height`) VALUES (1233, 'Toni', 'Comuzzo', 'ITA', 'CB', 69, 74, 2005, 184);
INSERT INTO Contract(`contract_player_id`, `contract_club_id`, `contract_signDate`, `contract_expireDate`, `contract_salary`, `contract_number`, `contract_role`) VALUES (1233, 'torino', 2025, 2028, 1.5, 8, 'sub');
INSERT INTO Player(`player_id`, `player_name`, `player_lastname`, `player_country_id`, `player_positions`, `player_rating`, `player_potential`, `player_birth_year`, `player_height`) VALUES (1234, 'Rudolfo', 'Valentine', 'ITA', 'CB', 72, 0, 1993, 190);
INSERT INTO Contract(`contract_player_id`, `contract_club_id`, `contract_signDate`, `contract_expireDate`, `contract_salary`, `contract_number`, `contract_role`) VALUES (1234, 'dinamozagreb', 2025, 2028, 21.0, 2, 'sub');
INSERT INTO Player(`player_id`, `player_name`, `player_lastname`, `player_country_id`, `player_positions`, `player_rating`, `player_potential`, `player_birth_year`, `player_height`) VALUES (1235, 'Abile', 'Tour', 'CIV', 'DM', 61, 81, 2007, 187);
INSERT INTO Contract(`contract_player_id`, `contract_club_id`, `contract_signDate`, `contract_expireDate`, `contract_salary`, `contract_number`, `contract_role`) VALUES (1235, 'sochaux', 2025, 2029, 1.0, 27, 'sub');
INSERT INTO Player(`player_id`, `player_name`, `player_lastname`, `player_country_id`, `player_positions`, `player_rating`, `player_potential`, `player_birth_year`, `player_height`) VALUES (1236, 'Remem', 'Hasi', 'NED', 'RM RW', 69, 76, 2006, 169);
INSERT INTO Contract(`contract_player_id`, `contract_club_id`, `contract_signDate`, `contract_expireDate`, `contract_salary`, `contract_number`, `contract_role`) VALUES (1236, 'feyenoord', 2025, 2029, 1.0, 29, 'sub');
INSERT INTO Player(`player_id`, `player_name`, `player_lastname`, `player_country_id`, `player_positions`, `player_rating`, `player_potential`, `player_birth_year`, `player_height`) VALUES (1237, 'Antolis', 'Kiriadis', 'GRE', 'CB', 73, 77, 2001, 189);
INSERT INTO Contract(`contract_player_id`, `contract_club_id`, `contract_signDate`, `contract_expireDate`, `contract_salary`, `contract_number`, `contract_role`) VALUES (1237, 'fortuna', 2025, 2027, 9.6, 17, 'RCB');
INSERT INTO Player(`player_id`, `player_name`, `player_lastname`, `player_country_id`, `player_positions`, `player_rating`, `player_potential`, `player_birth_year`, `player_height`) VALUES (1238, 'Gregor', 'Drumsch', 'GER', 'SS ST', 71, 0, 1992, 175);
INSERT INTO Contract(`contract_player_id`, `contract_club_id`, `contract_signDate`, `contract_expireDate`, `contract_salary`, `contract_number`, `contract_role`) VALUES (1238, 'fortuna', 2025, 2028, 17.0, 10, 'SS');
INSERT INTO Player(`player_id`, `player_name`, `player_lastname`, `player_country_id`, `player_positions`, `player_rating`, `player_potential`, `player_birth_year`, `player_height`) VALUES (1239, 'Abdel', 'Mylla', 'CMR', 'ST CF', 69, 74, 2002, 182);
INSERT INTO Contract(`contract_player_id`, `contract_club_id`, `contract_signDate`, `contract_expireDate`, `contract_salary`, `contract_number`, `contract_role`) VALUES (1239, 'rennais', 2025, 2026, 5.9, 14, 'sub');
INSERT INTO Player(`player_id`, `player_name`, `player_lastname`, `player_country_id`, `player_positions`, `player_rating`, `player_potential`, `player_birth_year`, `player_height`) VALUES (1240, 'Thiago', 'Garcini', 'ESP', 'CF ST', 72, 75, 2001, 190);
INSERT INTO Contract(`contract_player_id`, `contract_club_id`, `contract_signDate`, `contract_expireDate`, `contract_salary`, `contract_number`, `contract_role`) VALUES (1240, 'granada', 2025, 2028, 12.5, 9, 'CF');
INSERT INTO Player(`player_id`, `player_name`, `player_lastname`, `player_country_id`, `player_positions`, `player_rating`, `player_potential`, `player_birth_year`, `player_height`) VALUES (1241, 'Lazar', 'Stojanovski', 'MKD', 'LB', 68, 0, 1993, 179);
INSERT INTO Contract(`contract_player_id`, `contract_club_id`, `contract_signDate`, `contract_expireDate`, `contract_salary`, `contract_number`, `contract_role`) VALUES (1241, 'vardar', 2025, 2027, 8.8, 6, 'sub');
INSERT INTO Player(`player_id`, `player_name`, `player_lastname`, `player_country_id`, `player_positions`, `player_rating`, `player_potential`, `player_birth_year`, `player_height`) VALUES (1242, 'Goran', 'Stojanovski', 'MKD', 'GK', 72, 0, 1991, 184);
INSERT INTO Contract(`contract_player_id`, `contract_club_id`, `contract_signDate`, `contract_expireDate`, `contract_salary`, `contract_number`, `contract_role`) VALUES (1242, 'mallorca', 2025, 2027, 23.0, 1, 'GK');
INSERT INTO Player(`player_id`, `player_name`, `player_lastname`, `player_country_id`, `player_positions`, `player_rating`, `player_potential`, `player_birth_year`, `player_height`) VALUES (1243, 'Aner', 'Habif', 'MOR', 'RB RM', 68, 0, 1998, 178);
INSERT INTO Contract(`contract_player_id`, `contract_club_id`, `contract_signDate`, `contract_expireDate`, `contract_salary`, `contract_number`, `contract_role`) VALUES (1243, 'rennais', 2025, 2026, 7.2, 22, 'sub');
INSERT INTO Player(`player_id`, `player_name`, `player_lastname`, `player_country_id`, `player_positions`, `player_rating`, `player_potential`, `player_birth_year`, `player_height`) VALUES (1244, 'Maxouel', 'Cedric', 'FRA', 'DM CM', 72, 0, 1988, 180);
INSERT INTO Contract(`contract_player_id`, `contract_club_id`, `contract_signDate`, `contract_expireDate`, `contract_salary`, `contract_number`, `contract_role`) VALUES (1244, 'rennais', 2025, 2027, 24.8, 5, 'LCM');
INSERT INTO Player(`player_id`, `player_name`, `player_lastname`, `player_country_id`, `player_positions`, `player_rating`, `player_potential`, `player_birth_year`, `player_height`) VALUES (1245, 'Simon', 'Duranovski', 'MKD', 'ST CF', 69, 70, 2000, 183);
INSERT INTO Contract(`contract_player_id`, `contract_club_id`, `contract_signDate`, `contract_expireDate`, `contract_salary`, `contract_number`, `contract_role`) VALUES (1245, 'vardar', 2025, 2026, 5.0, 9, 'sub');
INSERT INTO Player(`player_id`, `player_name`, `player_lastname`, `player_country_id`, `player_positions`, `player_rating`, `player_potential`, `player_birth_year`, `player_height`) VALUES (1246, 'Antonio', 'Gebal', 'FRA', 'LB CB', 69, 0, 1999, 182);
INSERT INTO Contract(`contract_player_id`, `contract_club_id`, `contract_signDate`, `contract_expireDate`, `contract_salary`, `contract_number`, `contract_role`) VALUES (1246, 'reims', 2025, 2026, 4.7, 18, 'LB');
INSERT INTO Player(`player_id`, `player_name`, `player_lastname`, `player_country_id`, `player_positions`, `player_rating`, `player_potential`, `player_birth_year`, `player_height`) VALUES (1247, 'Rahim', 'Saiman', 'GHA', 'CM AM', 63, 78, 2006, 183);
INSERT INTO Contract(`contract_player_id`, `contract_club_id`, `contract_signDate`, `contract_expireDate`, `contract_salary`, `contract_number`, `contract_role`) VALUES (1247, 'auxerre', 2025, 2028, 1.0, 17, 'sub');
INSERT INTO Player(`player_id`, `player_name`, `player_lastname`, `player_country_id`, `player_positions`, `player_rating`, `player_potential`, `player_birth_year`, `player_height`) VALUES (1248, 'Matthew', 'Booylen', 'AUS', 'DM CM', 77, 0, 1994, 179);
INSERT INTO Contract(`contract_player_id`, `contract_club_id`, `contract_signDate`, `contract_expireDate`, `contract_salary`, `contract_number`, `contract_role`) VALUES (1248, 'qpr', 2025, 2028, 38.0, 12, 'DM');
INSERT INTO Player(`player_id`, `player_name`, `player_lastname`, `player_country_id`, `player_positions`, `player_rating`, `player_potential`, `player_birth_year`, `player_height`) VALUES (1249, 'Nick', 'Koivinnen', 'FIN', 'DM', 72, 0, 1996, 184);
INSERT INTO Contract(`contract_player_id`, `contract_club_id`, `contract_signDate`, `contract_expireDate`, `contract_salary`, `contract_number`, `contract_role`) VALUES (1249, 'sturmgraz', 2025, 2026, 19.4, 6, 'sub');
INSERT INTO Player(`player_id`, `player_name`, `player_lastname`, `player_country_id`, `player_positions`, `player_rating`, `player_potential`, `player_birth_year`, `player_height`) VALUES (1250, 'Mihail', 'Volodnyi', 'RUS', 'GK', 75, 77, 1998, 195);
INSERT INTO Contract(`contract_player_id`, `contract_club_id`, `contract_signDate`, `contract_expireDate`, `contract_salary`, `contract_number`, `contract_role`) VALUES (1250, 'nizhniy', 2025, 2026, 17.5, 7, 'GK');
INSERT INTO Player(`player_id`, `player_name`, `player_lastname`, `player_country_id`, `player_positions`, `player_rating`, `player_potential`, `player_birth_year`, `player_height`) VALUES (1251, 'Carlos', 'Barrgas', 'ARG', 'DM', 75, 0, 1990, 178);
INSERT INTO Contract(`contract_player_id`, `contract_club_id`, `contract_signDate`, `contract_expireDate`, `contract_salary`, `contract_number`, `contract_role`) VALUES (1251, 'independiente', 2025, 2028, 29.0, 20, 'DM');
INSERT INTO Player(`player_id`, `player_name`, `player_lastname`, `player_country_id`, `player_positions`, `player_rating`, `player_potential`, `player_birth_year`, `player_height`) VALUES (1252, 'Hoenes', 'Frdrich', 'GER', 'CB', 77, 0, 1990, 188);
INSERT INTO Contract(`contract_player_id`, `contract_club_id`, `contract_signDate`, `contract_expireDate`, `contract_salary`, `contract_number`, `contract_role`) VALUES (1252, 'bayern', 2025, 2026, 37.0, 4, 'sub');
INSERT INTO Player(`player_id`, `player_name`, `player_lastname`, `player_country_id`, `player_positions`, `player_rating`, `player_potential`, `player_birth_year`, `player_height`) VALUES (1253, 'Kevin', 'Pome', 'BEN', 'LW ST', 74, 0, 1999, 182);
INSERT INTO Contract(`contract_player_id`, `contract_club_id`, `contract_signDate`, `contract_expireDate`, `contract_salary`, `contract_number`, `contract_role`) VALUES (1253, 'espanyol', 2025, 2026, 13.0, 7, 'ST');
INSERT INTO Player(`player_id`, `player_name`, `player_lastname`, `player_country_id`, `player_positions`, `player_rating`, `player_potential`, `player_birth_year`, `player_height`) VALUES (1254, 'Watton', 'Daves', 'WAL', 'CB', 72, 0, 1988, 194);
INSERT INTO Contract(`contract_player_id`, `contract_club_id`, `contract_signDate`, `contract_expireDate`, `contract_salary`, `contract_number`, `contract_role`) VALUES (1254, 'tottenham', 2025, 2027, 19.5, 3, 'sub');
INSERT INTO Player(`player_id`, `player_name`, `player_lastname`, `player_country_id`, `player_positions`, `player_rating`, `player_potential`, `player_birth_year`, `player_height`) VALUES (1255, 'Irazambala', 'Rodriguez', 'ESP', 'DM CM', 71, 0, 1996, 178);
INSERT INTO Contract(`contract_player_id`, `contract_club_id`, `contract_signDate`, `contract_expireDate`, `contract_salary`, `contract_number`, `contract_role`) VALUES (1255, 'espanyol', 2025, 2028, 17.0, 12, 'DM');
INSERT INTO Player(`player_id`, `player_name`, `player_lastname`, `player_country_id`, `player_positions`, `player_rating`, `player_potential`, `player_birth_year`, `player_height`) VALUES (1256, 'Ian', 'Cortez', 'ESP', 'CB', 68, 0, 1997, 180);
INSERT INTO Contract(`contract_player_id`, `contract_club_id`, `contract_signDate`, `contract_expireDate`, `contract_salary`, `contract_number`, `contract_role`) VALUES (1256, 'espanyol', 2025, 2027, 8.0, 20, 'RCB');
INSERT INTO Player(`player_id`, `player_name`, `player_lastname`, `player_country_id`, `player_positions`, `player_rating`, `player_potential`, `player_birth_year`, `player_height`) VALUES (1257, 'Michel', 'Rioux', 'FRA', 'RW', 64, 74, 2006, 177);
INSERT INTO Contract(`contract_player_id`, `contract_club_id`, `contract_signDate`, `contract_expireDate`, `contract_salary`, `contract_number`, `contract_role`) VALUES (1257, 'sochaux', 2025, 2028, 1.3, 24, 'sub');